customer_id,segment,region,group,tenure_months,activity_index
1,Budget Occasional,West,treatment,107,1.7399
2,Mainstream,Midwest,treatment,118,0.8964
3,Budget Occasional,Northeast,treatment,35,0.9908
4,Budget Occasional,Southeast,treatment,59,0.6147
5,Digital Native,Southwest,treatment,84,1.4652
6,Dormant Reactivation,Southeast,treatment,64,0.7314
7,Digital Native,Northeast,treatment,52,1.5151
8,Mainstream,Southeast,treatment,9,2.9808
9,Dormant Reactivation,Midwest,control,25,0.5694
10,Mainstream,Southwest,control,11,1.3852
11,Digital Native,Midwest,treatment,107,2.2188
12,Digital Native,Northeast,treatment,14,0.7741
13,Digital Native,West,treatment,50,0.6706
14,Mainstream,Midwest,treatment,88,1.1348
15,Budget Occasional,Northeast,control,76,0.3932
16,Mainstream,West,treatment,22,0.6713
17,Digital Native,West,treatment,53,0.4751
18,Mainstream,Southeast,treatment,64,1.0614
19,Dormant Reactivation,Northeast,control,61,0.456
20,Digital Native,West,control,7,1.5372
21,Dormant Reactivation,Southeast,control,27,0.6167
22,Digital Native,Midwest,treatment,63,0.5927
23,Dormant Reactivation,Midwest,treatment,92,1.0856
24,Budget Occasional,Southeast,treatment,92,0.241
25,Mainstream,Northeast,control,51,0.5678
26,Mainstream,Southeast,control,85,0.7529
27,Affluent Frequent,Southeast,treatment,79,1.6857
28,Budget Occasional,Northeast,control,71,1.0252
29,Mainstream,West,treatment,55,1.1483
30,Digital Native,Midwest,control,88,0.8483
31,Dormant Reactivation,Northeast,control,12,0.9572
32,Mainstream,Southeast,treatment,6,0.8507
33,Dormant Reactivation,Midwest,treatment,70,1.3274
34,Budget Occasional,Midwest,treatment,100,0.503
35,Mainstream,Northeast,treatment,4,0.4869
36,Affluent Frequent,Southeast,control,42,1.6878
37,Digital Native,Midwest,control,86,0.8599
38,Affluent Frequent,Southwest,treatment,18,1.8942
39,Digital Native,Southeast,treatment,76,0.5281
40,Mainstream,Southeast,treatment,37,0.3876
41,Budget Occasional,Midwest,control,9,0.6485
42,Mainstream,West,control,48,1.1106
43,Mainstream,Northeast,control,47,0.9936
44,Dormant Reactivation,Southwest,treatment,70,1.0201
45,Digital Native,Southwest,control,8,0.2513
46,Mainstream,West,treatment,3,1.6902
47,Mainstream,Northeast,treatment,55,0.4918
48,Digital Native,Northeast,treatment,78,1.4917
49,Budget Occasional,Midwest,treatment,71,1.3775
50,Dormant Reactivation,West,control,17,2.1184
51,Mainstream,Midwest,treatment,65,1.4185
52,Digital Native,Midwest,treatment,98,0.4694
53,Mainstream,Southeast,treatment,24,0.5854
54,Budget Occasional,Southeast,control,28,0.6989
55,Mainstream,Northeast,control,33,0.6848
56,Affluent Frequent,Southeast,treatment,36,0.8019
57,Digital Native,Midwest,control,55,0.7909
58,Budget Occasional,Midwest,treatment,29,1.4526
59,Budget Occasional,Southeast,treatment,76,1.2672
60,Dormant Reactivation,Northeast,control,101,0.7943
61,Digital Native,West,control,35,0.22
62,Budget Occasional,Southeast,treatment,59,1.8774
63,Dormant Reactivation,Northeast,treatment,72,0.6083
64,Mainstream,Northeast,treatment,23,1.2076
65,Affluent Frequent,Northeast,treatment,95,0.9701
66,Mainstream,Southeast,control,76,0.3526
67,Budget Occasional,West,control,44,0.5007
68,Affluent Frequent,Midwest,treatment,52,0.4745
69,Dormant Reactivation,Northeast,control,13,1.0451
70,Budget Occasional,Northeast,treatment,28,0.391
71,Mainstream,Southeast,treatment,28,1.0984
72,Dormant Reactivation,Northeast,control,4,0.6771
73,Mainstream,West,control,49,0.6026
74,Affluent Frequent,Midwest,treatment,74,0.3006
75,Affluent Frequent,Northeast,treatment,28,0.9852
76,Mainstream,Southwest,control,79,1.8182
77,Mainstream,Southeast,treatment,49,0.9767
78,Budget Occasional,West,control,107,1.2413
79,Affluent Frequent,Northeast,treatment,47,1.2021
80,Affluent Frequent,West,control,110,0.1802
81,Digital Native,Southeast,treatment,19,0.7991
82,Digital Native,Northeast,treatment,36,0.3936
83,Digital Native,West,treatment,28,0.8608
84,Dormant Reactivation,Midwest,treatment,37,0.5617
85,Mainstream,Midwest,treatment,67,0.6131
86,Budget Occasional,Midwest,control,98,0.9093
87,Dormant Reactivation,Midwest,treatment,118,1.103
88,Affluent Frequent,Southwest,treatment,58,1.3651
89,Budget Occasional,West,control,6,1.6073
90,Mainstream,West,control,45,1.2063
91,Mainstream,West,treatment,71,0.8192
92,Digital Native,Southeast,control,38,1.3391
93,Digital Native,West,treatment,7,1.0988
94,Digital Native,West,treatment,107,0.8723
95,Digital Native,West,treatment,98,0.5178
96,Dormant Reactivation,West,control,40,0.4427
97,Budget Occasional,Midwest,treatment,50,0.6972
98,Mainstream,West,control,71,0.5361
99,Budget Occasional,West,treatment,40,0.3093
100,Budget Occasional,Midwest,control,99,1.4117
101,Mainstream,Northeast,control,89,0.4983
102,Budget Occasional,Northeast,control,17,1.1346
103,Dormant Reactivation,West,control,57,1.0459
104,Mainstream,Southwest,control,13,0.8856
105,Dormant Reactivation,Northeast,treatment,116,0.7717
106,Dormant Reactivation,Southeast,control,106,0.1646
107,Digital Native,Southeast,treatment,5,1.2172
108,Dormant Reactivation,Midwest,control,89,0.922
109,Affluent Frequent,Southeast,control,82,1.0401
110,Mainstream,Midwest,treatment,68,0.894
111,Mainstream,Southwest,treatment,39,1.2333
112,Mainstream,Southeast,treatment,47,0.6094
113,Budget Occasional,Northeast,control,77,0.8985
114,Mainstream,West,control,8,0.2392
115,Affluent Frequent,Midwest,control,16,0.3503
116,Mainstream,Southwest,treatment,27,1.0056
117,Budget Occasional,Northeast,treatment,24,1.6577
118,Affluent Frequent,Southeast,treatment,81,1.7666
119,Mainstream,Midwest,control,108,1.1555
120,Mainstream,Southwest,treatment,64,0.6838
121,Mainstream,Midwest,control,21,0.6493
122,Digital Native,Southwest,control,108,0.9205
123,Budget Occasional,West,treatment,116,0.963
124,Affluent Frequent,Southeast,control,91,1.2253
125,Digital Native,West,treatment,28,1.2354
126,Mainstream,Northeast,treatment,110,0.6417
127,Affluent Frequent,West,control,112,1.5214
128,Dormant Reactivation,Northeast,control,12,0.3311
129,Affluent Frequent,Midwest,control,20,1.0291
130,Affluent Frequent,West,control,4,0.2297
131,Budget Occasional,Northeast,control,67,0.7532
132,Budget Occasional,Northeast,control,109,1.6147
133,Mainstream,Northeast,control,35,1.2798
134,Mainstream,Midwest,treatment,106,1.5994
135,Digital Native,West,treatment,51,1.5223
136,Affluent Frequent,Southwest,treatment,68,1.1759
137,Budget Occasional,Northeast,control,15,0.8529
138,Budget Occasional,Northeast,treatment,88,0.7231
139,Affluent Frequent,Northeast,treatment,81,1.6207
140,Dormant Reactivation,Southwest,control,13,0.3808
141,Mainstream,Southeast,treatment,12,0.1268
142,Budget Occasional,West,control,31,1.5844
143,Budget Occasional,Northeast,treatment,97,0.3212
144,Dormant Reactivation,Northeast,control,52,1.3103
145,Budget Occasional,Southeast,treatment,40,0.5915
146,Budget Occasional,Southeast,control,61,1.0968
147,Affluent Frequent,West,control,52,2.028
148,Budget Occasional,West,control,6,0.5723
149,Digital Native,Midwest,control,104,0.906
150,Affluent Frequent,Southwest,control,30,1.6043
151,Affluent Frequent,West,control,29,1.6441
152,Digital Native,West,control,73,1.29
153,Budget Occasional,West,treatment,73,1.8076
154,Digital Native,Southwest,control,114,2.0326
155,Mainstream,Southeast,treatment,48,1.3919
156,Affluent Frequent,West,treatment,117,0.2722
157,Mainstream,Southeast,treatment,37,1.2033
158,Affluent Frequent,Southeast,treatment,71,0.4473
159,Affluent Frequent,West,treatment,83,1.0445
160,Mainstream,Southeast,control,34,0.5246
161,Budget Occasional,Southeast,control,32,1.0262
162,Dormant Reactivation,West,control,89,1.9422
163,Mainstream,Northeast,treatment,21,0.2229
164,Digital Native,West,treatment,13,1.0216
165,Dormant Reactivation,Southwest,control,55,1.0088
166,Mainstream,Midwest,treatment,95,0.8431
167,Dormant Reactivation,Northeast,treatment,64,1.2925
168,Mainstream,West,treatment,57,0.2852
169,Budget Occasional,Southeast,control,78,0.5978
170,Digital Native,Midwest,treatment,77,0.4279
171,Budget Occasional,West,treatment,120,0.8776
172,Mainstream,Southeast,treatment,87,1.3002
173,Dormant Reactivation,Southwest,treatment,67,0.6441
174,Budget Occasional,Southwest,control,10,0.2303
175,Affluent Frequent,Midwest,control,37,0.4414
176,Digital Native,Southeast,treatment,26,0.7327
177,Mainstream,Southeast,control,28,1.3427
178,Affluent Frequent,Northeast,control,108,0.8563
179,Mainstream,Midwest,treatment,60,1.9386
180,Mainstream,West,treatment,85,0.6203
181,Budget Occasional,Southwest,treatment,90,0.1507
182,Affluent Frequent,West,control,64,0.3485
183,Dormant Reactivation,Southeast,treatment,75,0.6268
184,Mainstream,West,control,65,0.9712
185,Digital Native,Midwest,treatment,95,1.7587
186,Affluent Frequent,West,treatment,14,0.8922
187,Digital Native,Midwest,treatment,20,0.4578
188,Mainstream,Northeast,treatment,102,2.2467
189,Dormant Reactivation,Northeast,treatment,111,1.109
190,Mainstream,West,treatment,4,0.7302
191,Digital Native,Northeast,treatment,85,0.5702
192,Budget Occasional,West,treatment,69,1.4152
193,Budget Occasional,West,control,88,0.894
194,Budget Occasional,Southeast,treatment,41,0.6148
195,Digital Native,Southeast,treatment,58,0.4553
196,Digital Native,Midwest,control,10,0.7745
197,Budget Occasional,West,treatment,115,1.5935
198,Mainstream,Midwest,control,95,0.5824
199,Budget Occasional,West,control,55,1.303
200,Digital Native,West,treatment,54,1.1293
201,Dormant Reactivation,Southwest,treatment,108,1.3364
202,Budget Occasional,West,treatment,33,1.3117
203,Affluent Frequent,Southeast,control,15,0.3793
204,Affluent Frequent,Midwest,control,8,1.3524
205,Budget Occasional,Southeast,control,10,1.2418
206,Mainstream,Southwest,control,10,1.1557
207,Dormant Reactivation,Northeast,control,102,0.8858
208,Dormant Reactivation,West,treatment,4,0.4417
209,Mainstream,Midwest,control,91,0.8885
210,Mainstream,Northeast,control,16,1.4045
211,Mainstream,Northeast,control,15,1.1281
212,Digital Native,West,control,33,1.6072
213,Affluent Frequent,West,treatment,82,1.6053
214,Mainstream,Southwest,treatment,44,0.7381
215,Digital Native,Northeast,control,83,0.6459
216,Affluent Frequent,Southeast,treatment,103,0.4879
217,Budget Occasional,Northeast,treatment,114,1.3354
218,Mainstream,Midwest,control,64,1.1729
219,Dormant Reactivation,Northeast,treatment,50,1.0169
220,Mainstream,Southwest,control,5,1.1035
221,Budget Occasional,Southwest,treatment,97,1.7929
222,Affluent Frequent,Southeast,treatment,29,0.5022
223,Budget Occasional,Southeast,treatment,44,0.7886
224,Budget Occasional,West,treatment,15,1.0076
225,Mainstream,Southeast,control,82,0.543
226,Mainstream,West,treatment,31,0.4572
227,Mainstream,Northeast,control,93,3.5597
228,Dormant Reactivation,Southeast,control,84,0.7081
229,Affluent Frequent,West,treatment,62,0.6819
230,Budget Occasional,West,control,80,0.3179
231,Mainstream,Northeast,control,49,0.5941
232,Budget Occasional,Northeast,treatment,27,1.3323
233,Mainstream,Southeast,control,37,2.0168
234,Budget Occasional,Southeast,treatment,106,0.4774
235,Budget Occasional,Southwest,control,31,0.4534
236,Budget Occasional,Southwest,control,81,1.3227
237,Affluent Frequent,Northeast,control,112,0.7125
238,Affluent Frequent,Northeast,control,93,1.089
239,Mainstream,West,control,93,0.5561
240,Affluent Frequent,Northeast,treatment,18,0.9263
241,Mainstream,Midwest,control,52,0.5985
242,Budget Occasional,Midwest,treatment,17,0.8588
243,Mainstream,West,control,55,0.283
244,Budget Occasional,Southwest,control,61,1.9224
245,Budget Occasional,West,treatment,10,1.6322
246,Mainstream,Northeast,treatment,57,0.8177
247,Mainstream,West,control,101,1.0083
248,Digital Native,West,control,7,1.0617
249,Affluent Frequent,Midwest,control,109,0.753
250,Mainstream,Midwest,treatment,40,0.2983
251,Digital Native,Northeast,control,60,1.6117
252,Mainstream,Midwest,treatment,26,0.8411
253,Digital Native,West,treatment,3,0.6478
254,Mainstream,Northeast,control,45,1.0071
255,Budget Occasional,Northeast,control,36,1.1129
256,Digital Native,Northeast,control,54,1.2659
257,Mainstream,West,treatment,109,0.4347
258,Mainstream,West,control,19,0.5902
259,Digital Native,West,treatment,102,1.4535
260,Dormant Reactivation,Southeast,treatment,103,0.9669
261,Digital Native,Southeast,control,64,1.3669
262,Mainstream,Midwest,treatment,101,1.3898
263,Mainstream,Midwest,treatment,112,0.4624
264,Mainstream,Southwest,treatment,9,2.0688
265,Mainstream,Southeast,control,24,1.3715
266,Budget Occasional,Northeast,treatment,8,1.4575
267,Affluent Frequent,Northeast,control,55,0.9226
268,Budget Occasional,Southeast,control,18,0.7739
269,Affluent Frequent,Southeast,control,95,0.3468
270,Affluent Frequent,Southeast,treatment,108,0.4773
271,Budget Occasional,West,control,64,1.0565
272,Dormant Reactivation,Southeast,control,10,0.5441
273,Budget Occasional,Northeast,treatment,17,0.4937
274,Budget Occasional,West,control,97,1.6522
275,Mainstream,Northeast,treatment,47,0.9436
276,Mainstream,West,control,81,0.8492
277,Budget Occasional,Southeast,treatment,112,0.3894
278,Dormant Reactivation,Midwest,control,46,0.8479
279,Affluent Frequent,Midwest,treatment,40,1.105
280,Budget Occasional,Midwest,control,113,0.4736
281,Mainstream,West,treatment,88,1.8647
282,Mainstream,Northeast,control,37,0.6333
283,Budget Occasional,Southeast,treatment,62,0.7197
284,Digital Native,Midwest,treatment,83,1.2742
285,Affluent Frequent,West,control,72,1.2547
286,Digital Native,Midwest,treatment,119,1.3318
287,Mainstream,Southeast,treatment,111,1.4952
288,Affluent Frequent,Southeast,control,6,1.1066
289,Budget Occasional,Southwest,control,9,0.8336
290,Digital Native,Southwest,treatment,26,0.5937
291,Digital Native,Northeast,treatment,61,1.3151
292,Digital Native,Southwest,control,29,1.5695
293,Dormant Reactivation,West,control,84,2.3347
294,Budget Occasional,Southeast,treatment,108,1.3125
295,Mainstream,Northeast,treatment,39,0.3803
296,Mainstream,Southeast,treatment,106,1.7807
297,Affluent Frequent,Southwest,treatment,111,1.6261
298,Mainstream,Midwest,control,19,1.1546
299,Digital Native,Midwest,treatment,30,0.5246
300,Dormant Reactivation,Northeast,control,33,0.6484
301,Budget Occasional,Midwest,control,114,1.2627
302,Budget Occasional,Northeast,treatment,61,2.8178
303,Dormant Reactivation,West,treatment,55,0.458
304,Dormant Reactivation,Southeast,treatment,59,0.6759
305,Affluent Frequent,Northeast,treatment,75,0.7276
306,Budget Occasional,West,control,104,1.0085
307,Mainstream,West,control,99,0.5069
308,Budget Occasional,Southeast,control,31,1.8415
309,Mainstream,West,treatment,58,1.0312
310,Budget Occasional,Midwest,control,70,1.2735
311,Dormant Reactivation,West,control,120,3.1378
312,Digital Native,Southeast,control,101,2.0249
313,Budget Occasional,West,treatment,83,0.4731
314,Budget Occasional,Northeast,treatment,36,0.6922
315,Affluent Frequent,Midwest,treatment,72,1.0223
316,Mainstream,West,treatment,30,0.7397
317,Digital Native,Northeast,control,92,1.5708
318,Mainstream,West,control,3,0.8515
319,Mainstream,Northeast,treatment,113,1.6262
320,Dormant Reactivation,Southwest,treatment,101,0.4035
321,Dormant Reactivation,West,treatment,34,0.8839
322,Affluent Frequent,Southwest,control,84,1.1479
323,Digital Native,West,treatment,27,1.706
324,Budget Occasional,West,control,85,1.7297
325,Dormant Reactivation,West,treatment,39,0.862
326,Digital Native,Midwest,control,21,0.8836
327,Mainstream,Southwest,control,89,1.0174
328,Budget Occasional,Northeast,treatment,104,1.1298
329,Budget Occasional,Southwest,control,40,1.2177
330,Mainstream,Midwest,control,109,0.7332
331,Affluent Frequent,Southwest,control,49,0.5643
332,Mainstream,Southeast,control,41,0.2254
333,Budget Occasional,West,treatment,58,0.7189
334,Affluent Frequent,Northeast,treatment,91,0.8944
335,Mainstream,Northeast,control,52,1.3392
336,Budget Occasional,Northeast,control,29,0.9207
337,Digital Native,Midwest,control,6,1.0767
338,Budget Occasional,Midwest,treatment,39,1.1759
339,Budget Occasional,West,control,52,0.5398
340,Mainstream,West,treatment,64,1.9298
341,Mainstream,Northeast,control,5,1.5177
342,Mainstream,West,control,107,0.7751
343,Mainstream,Southeast,control,52,1.1007
344,Mainstream,West,control,64,1.578
345,Mainstream,Southeast,control,32,1.3166
346,Affluent Frequent,Midwest,control,84,0.6974
347,Affluent Frequent,West,control,81,1.1588
348,Mainstream,Midwest,control,95,1.935
349,Digital Native,Southeast,treatment,68,1.1943
350,Digital Native,West,treatment,47,1.0797
351,Mainstream,Midwest,treatment,25,0.5619
352,Mainstream,Northeast,control,53,0.2669
353,Budget Occasional,Southwest,control,70,1.0952
354,Digital Native,Southeast,treatment,70,0.707
355,Mainstream,Northeast,control,84,0.4754
356,Budget Occasional,Southeast,treatment,64,1.2319
357,Budget Occasional,Northeast,control,117,1.6713
358,Mainstream,Southeast,control,16,0.5965
359,Affluent Frequent,Southeast,control,40,0.7513
360,Affluent Frequent,Southeast,treatment,58,0.9511
361,Budget Occasional,West,treatment,100,1.0488
362,Affluent Frequent,Midwest,treatment,69,0.4451
363,Affluent Frequent,Southeast,control,88,0.2156
364,Affluent Frequent,Northeast,control,90,1.0393
365,Mainstream,Northeast,control,9,0.8681
366,Budget Occasional,Southwest,control,54,1.2461
367,Dormant Reactivation,Southwest,control,36,0.905
368,Budget Occasional,West,control,30,1.1869
369,Budget Occasional,Southwest,control,34,0.6263
370,Affluent Frequent,Northeast,control,42,1.6958
371,Mainstream,Midwest,control,98,0.9361
372,Budget Occasional,Southeast,control,19,0.7165
373,Dormant Reactivation,Southeast,control,3,0.4393
374,Affluent Frequent,West,control,23,0.8134
375,Digital Native,Northeast,treatment,47,0.8987
376,Digital Native,Northeast,treatment,107,0.7972
377,Digital Native,Midwest,treatment,39,0.7801
378,Mainstream,Southwest,treatment,15,1.2769
379,Digital Native,Northeast,treatment,52,1.2639
380,Mainstream,Southeast,treatment,48,0.6026
381,Mainstream,Midwest,control,93,0.317
382,Budget Occasional,Southeast,control,44,1.319
383,Affluent Frequent,West,treatment,77,0.2843
384,Budget Occasional,West,treatment,89,0.4755
385,Budget Occasional,Southeast,treatment,33,1.0174
386,Digital Native,Northeast,treatment,29,0.2462
387,Budget Occasional,Northeast,treatment,90,1.1743
388,Budget Occasional,Northeast,control,41,0.6109
389,Mainstream,Midwest,treatment,3,1.4938
390,Dormant Reactivation,Northeast,treatment,112,0.9766
391,Budget Occasional,West,control,67,1.0309
392,Affluent Frequent,Southeast,control,49,0.5378
393,Affluent Frequent,Midwest,treatment,114,1.1056
394,Mainstream,Midwest,treatment,74,0.935
395,Mainstream,Southwest,treatment,44,0.5317
396,Mainstream,Northeast,control,85,1.1881
397,Mainstream,Northeast,treatment,37,0.7671
398,Mainstream,Southeast,treatment,92,0.5718
399,Affluent Frequent,West,control,49,0.9116
400,Budget Occasional,West,control,42,1.118
401,Budget Occasional,Northeast,treatment,82,1.2461
402,Budget Occasional,Northeast,treatment,88,0.3856
403,Mainstream,Midwest,control,66,2.354
404,Mainstream,West,treatment,28,0.2657
405,Budget Occasional,Southeast,control,24,0.4029
406,Mainstream,Southwest,treatment,33,0.6998
407,Budget Occasional,Northeast,treatment,47,1.4399
408,Dormant Reactivation,Southeast,treatment,96,0.685
409,Budget Occasional,Midwest,treatment,89,1.5224
410,Dormant Reactivation,Southeast,treatment,45,0.6261
411,Budget Occasional,Midwest,treatment,83,1.6967
412,Dormant Reactivation,Southeast,treatment,18,1.5768
413,Dormant Reactivation,Southeast,treatment,7,0.3965
414,Digital Native,West,treatment,54,0.5963
415,Mainstream,West,control,80,0.6528
416,Budget Occasional,West,control,74,2.0837
417,Budget Occasional,Southeast,treatment,85,1.7881
418,Budget Occasional,Southeast,treatment,70,0.6742
419,Mainstream,West,control,65,1.7957
420,Digital Native,West,control,32,0.9453
421,Mainstream,West,treatment,91,1.2284
422,Digital Native,Southeast,treatment,44,0.739
423,Affluent Frequent,Southwest,control,32,1.2419
424,Mainstream,Northeast,control,55,0.5485
425,Affluent Frequent,Northeast,control,55,0.6409
426,Dormant Reactivation,Northeast,treatment,66,1.678
427,Mainstream,Southwest,treatment,55,0.9867
428,Mainstream,Northeast,control,37,0.7117
429,Dormant Reactivation,West,control,11,0.4887
430,Budget Occasional,Northeast,treatment,82,0.761
431,Mainstream,West,control,75,0.7713
432,Budget Occasional,Southeast,treatment,89,2.3829
433,Digital Native,Midwest,treatment,10,1.5647
434,Budget Occasional,Midwest,control,77,0.3154
435,Budget Occasional,Northeast,treatment,105,3.3279
436,Affluent Frequent,West,treatment,3,0.7677
437,Mainstream,Midwest,control,6,0.6495
438,Budget Occasional,Southeast,treatment,102,0.336
439,Digital Native,Midwest,treatment,53,0.4723
440,Budget Occasional,Midwest,treatment,28,1.0125
441,Dormant Reactivation,Southwest,control,34,0.9839
442,Budget Occasional,Northeast,control,18,0.5361
443,Budget Occasional,West,treatment,6,0.7265
444,Affluent Frequent,Northeast,treatment,73,1.2553
445,Digital Native,Southeast,treatment,28,1.0475
446,Affluent Frequent,Midwest,control,83,1.4964
447,Budget Occasional,Midwest,control,79,0.4366
448,Digital Native,Northeast,control,53,1.551
449,Mainstream,Midwest,treatment,17,1.7418
450,Budget Occasional,Southeast,control,79,1.5049
451,Affluent Frequent,Northeast,treatment,26,0.6255
452,Budget Occasional,Southeast,control,30,0.9352
453,Budget Occasional,Southeast,treatment,6,0.6563
454,Budget Occasional,Northeast,control,51,0.9259
455,Budget Occasional,Southwest,control,62,0.7778
456,Affluent Frequent,West,treatment,59,0.7012
457,Mainstream,Southwest,control,19,0.3319
458,Budget Occasional,Southeast,treatment,34,1.7012
459,Mainstream,Southeast,control,85,0.9422
460,Digital Native,West,control,28,0.7158
461,Mainstream,Southwest,treatment,41,0.4485
462,Mainstream,West,treatment,48,0.5891
463,Dormant Reactivation,Southwest,treatment,89,1.2899
464,Budget Occasional,Northeast,treatment,21,1.3062
465,Affluent Frequent,West,treatment,91,1.3507
466,Budget Occasional,Southwest,control,35,1.4603
467,Mainstream,West,control,6,0.774
468,Budget Occasional,Southeast,control,86,0.5163
469,Mainstream,Midwest,control,118,1.0752
470,Dormant Reactivation,Southeast,control,30,0.8267
471,Digital Native,Northeast,control,82,0.3022
472,Digital Native,Northeast,control,64,1.8302
473,Budget Occasional,Southeast,control,59,1.371
474,Budget Occasional,Southeast,control,41,1.0722
475,Digital Native,West,treatment,14,1.5956
476,Budget Occasional,Northeast,control,54,1.3413
477,Digital Native,Northeast,control,43,0.9002
478,Dormant Reactivation,Midwest,control,6,1.0538
479,Affluent Frequent,Midwest,control,70,1.247
480,Affluent Frequent,West,treatment,22,0.329
481,Mainstream,Midwest,treatment,94,1.2091
482,Budget Occasional,West,control,40,0.646
483,Digital Native,Southeast,control,110,2.6091
484,Budget Occasional,Midwest,control,46,1.1172
485,Budget Occasional,Midwest,control,18,1.9573
486,Mainstream,Midwest,control,55,0.3313
487,Digital Native,Southeast,control,110,1.0291
488,Dormant Reactivation,Midwest,treatment,77,1.3424
489,Budget Occasional,West,treatment,12,0.7878
490,Mainstream,Midwest,treatment,33,0.6169
491,Digital Native,Southeast,treatment,112,1.4277
492,Digital Native,Southwest,control,64,0.8348
493,Budget Occasional,Southwest,control,106,0.8951
494,Budget Occasional,Northeast,control,76,0.7716
495,Mainstream,Midwest,control,10,1.8104
496,Dormant Reactivation,Midwest,treatment,95,1.5316
497,Dormant Reactivation,Midwest,control,115,1.7464
498,Affluent Frequent,Midwest,treatment,43,0.5678
499,Affluent Frequent,Northeast,treatment,18,0.705
500,Mainstream,Midwest,control,67,0.3333
501,Mainstream,Southwest,control,27,1.1031
502,Digital Native,Northeast,treatment,35,1.2545
503,Budget Occasional,West,treatment,30,0.9332
504,Dormant Reactivation,Midwest,control,94,1.251
505,Dormant Reactivation,Southeast,control,98,0.514
506,Mainstream,Northeast,control,25,0.9203
507,Mainstream,Northeast,control,76,1.6632
508,Mainstream,West,treatment,118,0.4083
509,Budget Occasional,Southwest,treatment,120,1.1827
510,Digital Native,Southeast,control,29,2.5279
511,Mainstream,Southeast,control,31,1.0294
512,Budget Occasional,West,control,101,1.336
513,Budget Occasional,Northeast,treatment,44,0.9876
514,Mainstream,Northeast,control,65,1.5229
515,Dormant Reactivation,Southeast,treatment,62,0.5237
516,Affluent Frequent,Midwest,treatment,48,0.4358
517,Affluent Frequent,West,control,12,0.7547
518,Mainstream,Midwest,treatment,89,0.9461
519,Affluent Frequent,Southwest,treatment,50,1.0363
520,Budget Occasional,Southeast,control,92,0.7642
521,Budget Occasional,Southeast,control,12,0.6804
522,Budget Occasional,Northeast,control,63,0.3896
523,Mainstream,Southeast,treatment,91,0.9088
524,Affluent Frequent,Midwest,control,109,1.6144
525,Digital Native,Northeast,treatment,66,0.549
526,Dormant Reactivation,Midwest,control,8,0.5143
527,Digital Native,West,control,97,1.1169
528,Mainstream,Northeast,treatment,36,1.3681
529,Mainstream,Northeast,control,41,1.1543
530,Mainstream,Northeast,treatment,65,0.7714
531,Mainstream,Northeast,control,59,2.4584
532,Dormant Reactivation,Southeast,treatment,18,0.5056
533,Mainstream,West,control,37,1.4026
534,Mainstream,Midwest,control,48,1.1293
535,Affluent Frequent,Northeast,treatment,40,1.5521
536,Budget Occasional,Southwest,treatment,80,1.1748
537,Budget Occasional,Midwest,control,115,1.4051
538,Digital Native,Midwest,control,92,0.393
539,Budget Occasional,Southeast,treatment,16,0.615
540,Budget Occasional,Northeast,treatment,31,0.8457
541,Budget Occasional,Midwest,treatment,65,0.9257
542,Affluent Frequent,Midwest,treatment,114,1.2492
543,Affluent Frequent,Southeast,treatment,69,0.6938
544,Digital Native,Southwest,control,58,0.8901
545,Digital Native,Northeast,control,59,0.6738
546,Affluent Frequent,Midwest,treatment,42,1.0795
547,Affluent Frequent,Northeast,control,52,1.8189
548,Mainstream,West,control,77,0.8823
549,Dormant Reactivation,West,treatment,55,0.6941
550,Dormant Reactivation,Midwest,treatment,4,0.6955
551,Mainstream,West,control,79,1.403
552,Affluent Frequent,Southeast,treatment,107,0.9834
553,Affluent Frequent,Southeast,control,81,2.5651
554,Budget Occasional,Southwest,control,25,1.2752
555,Budget Occasional,Southeast,control,90,1.3212
556,Mainstream,Midwest,control,69,1.2193
557,Mainstream,Southeast,treatment,70,0.6522
558,Mainstream,Southeast,control,78,0.7138
559,Mainstream,Midwest,treatment,17,0.4265
560,Mainstream,Northeast,treatment,80,2.5306
561,Affluent Frequent,West,treatment,36,0.2552
562,Mainstream,Southwest,treatment,93,1.1678
563,Dormant Reactivation,West,treatment,77,0.474
564,Budget Occasional,Northeast,control,17,1.1063
565,Affluent Frequent,West,control,13,0.7712
566,Dormant Reactivation,Northeast,control,40,1.0652
567,Mainstream,West,control,57,0.4968
568,Digital Native,Southwest,treatment,66,0.7548
569,Digital Native,Midwest,treatment,28,1.8693
570,Affluent Frequent,West,control,33,1.9229
571,Digital Native,Northeast,treatment,118,0.6714
572,Mainstream,Midwest,control,114,0.9797
573,Mainstream,Southeast,control,106,1.0911
574,Mainstream,Northeast,control,90,0.6647
575,Dormant Reactivation,Northeast,control,91,1.0172
576,Mainstream,Midwest,treatment,29,1.3673
577,Mainstream,Southeast,control,91,1.9363
578,Affluent Frequent,West,control,114,0.6914
579,Digital Native,Northeast,treatment,37,1.2942
580,Mainstream,Midwest,treatment,92,1.1461
581,Dormant Reactivation,Southeast,control,111,1.02
582,Mainstream,Southeast,treatment,77,1.2138
583,Affluent Frequent,Midwest,treatment,45,0.7587
584,Budget Occasional,Midwest,control,67,1.4559
585,Budget Occasional,Southeast,treatment,79,0.7927
586,Affluent Frequent,Northeast,treatment,39,1.3212
587,Mainstream,Southwest,treatment,120,1.2693
588,Mainstream,Southeast,treatment,7,0.2078
589,Mainstream,West,treatment,109,0.7253
590,Affluent Frequent,West,control,6,1.0468
591,Mainstream,West,control,88,0.8997
592,Affluent Frequent,Southeast,treatment,112,0.6964
593,Mainstream,Southwest,control,74,0.9112
594,Affluent Frequent,Midwest,treatment,28,0.9972
595,Mainstream,Northeast,control,58,0.7562
596,Affluent Frequent,Southwest,treatment,89,1.4102
597,Mainstream,Midwest,treatment,46,1.006
598,Budget Occasional,Northeast,treatment,64,2.5298
599,Dormant Reactivation,Northeast,treatment,14,1.4531
600,Budget Occasional,West,control,88,0.3786
601,Budget Occasional,Southeast,treatment,93,0.6631
602,Budget Occasional,Northeast,control,20,0.479
603,Mainstream,Northeast,treatment,24,0.8258
604,Dormant Reactivation,Southwest,treatment,14,1.0136
605,Digital Native,West,treatment,69,1.0269
606,Budget Occasional,Northeast,control,78,1.2708
607,Affluent Frequent,Southeast,control,48,0.8664
608,Digital Native,Southeast,treatment,44,0.7469
609,Digital Native,Southeast,control,115,0.9212
610,Mainstream,Southeast,control,6,1.4294
611,Mainstream,Southeast,treatment,93,0.7488
612,Affluent Frequent,West,treatment,13,1.7304
613,Mainstream,Midwest,treatment,51,0.3684
614,Mainstream,Southwest,control,93,1.3232
615,Budget Occasional,Southwest,treatment,12,2.6012
616,Budget Occasional,Northeast,control,65,1.0904
617,Mainstream,Southwest,treatment,7,0.5533
618,Budget Occasional,Midwest,treatment,29,0.4457
619,Budget Occasional,Northeast,treatment,4,0.8741
620,Mainstream,West,treatment,68,0.6744
621,Dormant Reactivation,Northeast,treatment,42,1.3702
622,Digital Native,Northeast,control,9,0.7119
623,Digital Native,Southwest,treatment,74,1.3155
624,Affluent Frequent,West,control,62,0.3516
625,Affluent Frequent,Midwest,control,43,0.968
626,Mainstream,West,treatment,103,0.3904
627,Dormant Reactivation,Midwest,treatment,101,1.3633
628,Mainstream,Midwest,treatment,74,1.0263
629,Affluent Frequent,Northeast,treatment,12,1.3589
630,Mainstream,West,control,41,0.9493
631,Mainstream,Northeast,treatment,84,1.4627
632,Budget Occasional,West,treatment,25,1.0068
633,Mainstream,Southeast,treatment,115,0.8485
634,Mainstream,Midwest,control,78,0.4484
635,Budget Occasional,West,control,88,0.4207
636,Digital Native,Southeast,control,64,0.7113
637,Mainstream,West,treatment,50,1.1394
638,Budget Occasional,Southeast,treatment,41,0.9795
639,Digital Native,Southeast,treatment,4,0.689
640,Dormant Reactivation,Midwest,control,91,0.7894
641,Dormant Reactivation,Northeast,treatment,29,1.3639
642,Mainstream,West,treatment,17,1.4511
643,Affluent Frequent,Southeast,treatment,72,1.6356
644,Mainstream,Southeast,treatment,92,0.701
645,Mainstream,West,treatment,49,1.8277
646,Dormant Reactivation,Northeast,treatment,48,1.2732
647,Affluent Frequent,Southwest,treatment,11,0.3644
648,Mainstream,Southwest,control,115,1.6877
649,Budget Occasional,Southeast,control,27,0.8702
650,Budget Occasional,Southwest,treatment,31,1.2363
651,Affluent Frequent,Northeast,control,12,1.1174
652,Dormant Reactivation,West,treatment,98,1.0874
653,Affluent Frequent,Northeast,control,118,1.0266
654,Mainstream,Midwest,treatment,36,1.0968
655,Digital Native,West,treatment,51,1.6244
656,Mainstream,West,control,55,1.1957
657,Dormant Reactivation,Midwest,treatment,90,0.9769
658,Mainstream,Midwest,treatment,18,0.4824
659,Affluent Frequent,West,treatment,16,2.6046
660,Digital Native,Midwest,control,4,1.949
661,Affluent Frequent,Southwest,control,70,0.2708
662,Affluent Frequent,Southeast,control,20,0.6792
663,Budget Occasional,Southwest,treatment,90,1.0797
664,Dormant Reactivation,Southwest,control,36,1.3076
665,Digital Native,Midwest,treatment,103,0.8255
666,Dormant Reactivation,Northeast,treatment,98,1.5297
667,Budget Occasional,Southeast,control,59,1.3271
668,Digital Native,Northeast,treatment,111,1.4789
669,Affluent Frequent,Southeast,control,27,1.1377
670,Digital Native,Southeast,treatment,38,1.6588
671,Mainstream,West,control,66,2.3414
672,Mainstream,West,control,70,0.394
673,Budget Occasional,West,control,94,0.4161
674,Dormant Reactivation,West,treatment,26,0.7874
675,Dormant Reactivation,West,control,52,0.5641
676,Budget Occasional,Northeast,control,33,0.569
677,Digital Native,Southwest,treatment,59,0.53
678,Mainstream,Midwest,treatment,119,3.0998
679,Budget Occasional,Southeast,control,104,0.6866
680,Affluent Frequent,Southwest,control,5,0.4055
681,Dormant Reactivation,Midwest,control,116,0.594
682,Dormant Reactivation,Southeast,control,18,1.0768
683,Mainstream,Southwest,treatment,11,1.2215
684,Dormant Reactivation,Southeast,control,98,0.8371
685,Budget Occasional,Southeast,control,88,2.5406
686,Affluent Frequent,Midwest,treatment,102,0.5272
687,Mainstream,Southeast,treatment,32,1.0436
688,Digital Native,Southeast,control,115,0.636
689,Budget Occasional,Southwest,treatment,89,1.0432
690,Affluent Frequent,Southeast,control,67,0.703
691,Mainstream,Northeast,treatment,32,1.1074
692,Digital Native,Southeast,treatment,72,0.4005
693,Mainstream,Southeast,treatment,119,1.0977
694,Mainstream,Southwest,treatment,14,0.4055
695,Digital Native,Midwest,treatment,65,0.3805
696,Mainstream,West,treatment,15,0.4391
697,Affluent Frequent,Midwest,treatment,52,1.1626
698,Budget Occasional,Midwest,treatment,48,0.6458
699,Digital Native,Northeast,treatment,119,1.0915
700,Mainstream,Southeast,treatment,90,1.6816
701,Affluent Frequent,Southeast,control,97,0.3709
702,Digital Native,Northeast,control,57,0.656
703,Affluent Frequent,Southeast,control,52,1.0441
704,Affluent Frequent,Southwest,control,118,0.5853
705,Mainstream,West,treatment,120,1.5617
706,Budget Occasional,Northeast,treatment,46,1.1676
707,Affluent Frequent,Midwest,treatment,111,0.9686
708,Budget Occasional,Northeast,control,39,0.5707
709,Digital Native,Southeast,treatment,20,0.3026
710,Affluent Frequent,Midwest,treatment,100,0.5303
711,Mainstream,West,control,62,0.7355
712,Mainstream,Northeast,treatment,116,1.5657
713,Digital Native,Midwest,control,51,0.9327
714,Mainstream,Northeast,control,23,1.0954
715,Affluent Frequent,West,treatment,72,1.8866
716,Digital Native,Northeast,control,23,2.7145
717,Affluent Frequent,Southeast,treatment,33,1.1038
718,Budget Occasional,West,treatment,32,1.1559
719,Dormant Reactivation,Southwest,treatment,74,0.7219
720,Mainstream,Southeast,treatment,119,1.1543
721,Mainstream,Northeast,control,92,1.251
722,Budget Occasional,Northeast,control,48,2.2322
723,Mainstream,Midwest,control,89,2.1902
724,Mainstream,West,treatment,64,0.7212
725,Mainstream,Southeast,control,119,1.7344
726,Budget Occasional,Southeast,treatment,81,0.835
727,Digital Native,West,control,114,0.8523
728,Budget Occasional,Northeast,treatment,76,1.6131
729,Budget Occasional,Midwest,treatment,79,0.5948
730,Mainstream,Southeast,treatment,53,0.1931
731,Mainstream,Southeast,treatment,12,0.7878
732,Digital Native,Northeast,treatment,36,1.8937
733,Digital Native,Northeast,treatment,80,0.581
734,Dormant Reactivation,Midwest,control,32,0.7567
735,Budget Occasional,Midwest,treatment,39,0.5789
736,Budget Occasional,West,control,36,0.9854
737,Affluent Frequent,Southeast,treatment,105,1.7552
738,Digital Native,Southeast,treatment,64,0.7222
739,Budget Occasional,Southeast,control,107,0.3908
740,Budget Occasional,West,control,45,0.7798
741,Dormant Reactivation,Northeast,control,60,0.9731
742,Budget Occasional,Southeast,control,115,0.4834
743,Budget Occasional,Midwest,treatment,72,0.4219
744,Budget Occasional,Midwest,control,72,0.4757
745,Dormant Reactivation,Southwest,control,18,0.4824
746,Digital Native,Midwest,control,41,1.5055
747,Mainstream,Northeast,control,110,1.5958
748,Budget Occasional,Southeast,control,117,1.426
749,Mainstream,West,treatment,9,0.2467
750,Mainstream,Southwest,control,49,0.7654
751,Affluent Frequent,Northeast,control,61,1.4961
752,Digital Native,Northeast,treatment,39,0.6708
753,Digital Native,Midwest,treatment,66,1.0947
754,Mainstream,Southeast,control,72,1.2471
755,Digital Native,West,treatment,69,0.4904
756,Mainstream,West,treatment,21,0.6813
757,Mainstream,Southwest,control,39,0.5185
758,Dormant Reactivation,Midwest,treatment,117,0.9636
759,Budget Occasional,Southwest,control,64,0.6287
760,Mainstream,Northeast,treatment,95,0.6651
761,Budget Occasional,West,control,82,1.4145
762,Mainstream,Midwest,control,10,0.816
763,Mainstream,Northeast,control,102,0.779
764,Digital Native,West,control,57,0.439
765,Budget Occasional,Southeast,control,37,0.7459
766,Affluent Frequent,Northeast,control,60,1.3351
767,Dormant Reactivation,Northeast,treatment,65,1.0484
768,Budget Occasional,West,treatment,23,1.1975
769,Budget Occasional,West,control,109,1.187
770,Budget Occasional,Southeast,treatment,103,2.1185
771,Digital Native,Midwest,treatment,8,0.8543
772,Budget Occasional,Southeast,treatment,62,1.1619
773,Dormant Reactivation,Midwest,treatment,101,0.5008
774,Affluent Frequent,Southwest,control,38,1.9889
775,Mainstream,Southwest,control,32,0.8291
776,Mainstream,West,control,45,0.1577
777,Dormant Reactivation,West,treatment,77,0.4388
778,Budget Occasional,Midwest,treatment,7,0.5878
779,Budget Occasional,Southeast,treatment,34,1.3582
780,Budget Occasional,Northeast,treatment,38,1.0037
781,Mainstream,Midwest,treatment,30,2.09
782,Affluent Frequent,Northeast,treatment,115,1.2186
783,Mainstream,Southeast,treatment,115,0.6504
784,Affluent Frequent,Northeast,control,103,0.7357
785,Digital Native,Southeast,control,72,0.6648
786,Digital Native,Southwest,control,64,1.0371
787,Affluent Frequent,West,control,117,1.0072
788,Affluent Frequent,Northeast,control,110,0.4408
789,Mainstream,West,control,84,0.8077
790,Dormant Reactivation,Midwest,treatment,49,0.9569
791,Budget Occasional,Midwest,control,65,0.7215
792,Affluent Frequent,Midwest,control,26,0.672
793,Budget Occasional,Southeast,treatment,89,0.987
794,Affluent Frequent,West,treatment,31,1.3658
795,Budget Occasional,West,control,89,0.6594
796,Mainstream,Southeast,control,113,0.688
797,Dormant Reactivation,Northeast,treatment,54,0.6819
798,Budget Occasional,West,treatment,57,1.3118
799,Dormant Reactivation,Southeast,treatment,106,0.4492
800,Budget Occasional,Southeast,control,31,0.6454
801,Mainstream,Southwest,treatment,47,1.0721
802,Mainstream,Midwest,control,49,1.0752
803,Mainstream,Midwest,control,105,0.6204
804,Dormant Reactivation,Midwest,treatment,94,0.5649
805,Affluent Frequent,West,control,66,0.5191
806,Affluent Frequent,Southwest,control,76,1.4948
807,Dormant Reactivation,West,treatment,111,0.7692
808,Affluent Frequent,Southwest,treatment,109,0.2324
809,Budget Occasional,Northeast,control,68,0.5514
810,Affluent Frequent,Southeast,treatment,120,1.5741
811,Mainstream,West,control,111,0.5926
812,Budget Occasional,Southeast,control,85,1.2924
813,Mainstream,Southeast,control,3,0.7532
814,Digital Native,Midwest,control,115,1.6138
815,Mainstream,Northeast,control,5,1.6075
816,Affluent Frequent,Northeast,control,104,0.76
817,Mainstream,Southwest,control,96,0.5721
818,Dormant Reactivation,West,control,96,0.7948
819,Budget Occasional,West,control,96,0.9441
820,Mainstream,Southeast,treatment,27,1.4361
821,Budget Occasional,Northeast,control,38,0.8704
822,Mainstream,Midwest,treatment,28,0.6545
823,Mainstream,West,treatment,82,0.772
824,Mainstream,Midwest,control,23,1.0049
825,Affluent Frequent,West,control,61,0.4228
826,Mainstream,West,control,28,0.1783
827,Dormant Reactivation,Southwest,control,101,2.5406
828,Budget Occasional,West,treatment,41,0.5129
829,Dormant Reactivation,Midwest,control,117,1.051
830,Dormant Reactivation,Midwest,treatment,77,0.5053
831,Affluent Frequent,Northeast,control,111,1.4273
832,Mainstream,Northeast,treatment,73,1.2494
833,Affluent Frequent,Southeast,control,60,0.8979
834,Affluent Frequent,Southeast,control,89,1.5005
835,Mainstream,Southeast,control,72,1.0175
836,Mainstream,Midwest,control,98,1.0075
837,Budget Occasional,Northeast,treatment,111,0.2259
838,Budget Occasional,Southeast,control,107,0.563
839,Mainstream,Southeast,control,118,0.9974
840,Budget Occasional,West,treatment,117,0.4688
841,Budget Occasional,Southeast,control,10,1.7633
842,Affluent Frequent,Midwest,treatment,35,1.3144
843,Affluent Frequent,West,control,32,0.5996
844,Dormant Reactivation,Southwest,treatment,7,1.2865
845,Mainstream,Midwest,control,60,0.2092
846,Affluent Frequent,Northeast,treatment,118,0.7947
847,Mainstream,Northeast,control,106,0.862
848,Affluent Frequent,Southeast,control,103,1.3984
849,Mainstream,West,treatment,65,1.2403
850,Mainstream,Southeast,treatment,36,1.7566
851,Affluent Frequent,Northeast,treatment,6,0.7118
852,Mainstream,Northeast,treatment,30,2.6259
853,Affluent Frequent,Midwest,control,11,0.6588
854,Digital Native,West,control,101,1.4288
855,Digital Native,West,treatment,111,0.2022
856,Budget Occasional,Southeast,control,118,0.3488
857,Mainstream,West,control,42,1.6103
858,Digital Native,Northeast,control,43,0.715
859,Budget Occasional,Midwest,treatment,76,0.1995
860,Affluent Frequent,West,treatment,87,0.8722
861,Affluent Frequent,Northeast,control,39,1.8192
862,Budget Occasional,Midwest,control,4,0.345
863,Dormant Reactivation,West,control,99,0.9493
864,Digital Native,West,control,118,0.6942
865,Mainstream,West,control,108,1.0156
866,Affluent Frequent,Midwest,control,91,0.5478
867,Budget Occasional,Southeast,control,95,1.1333
868,Digital Native,Southeast,treatment,38,0.4734
869,Budget Occasional,Southeast,treatment,73,1.016
870,Affluent Frequent,Northeast,control,100,0.9983
871,Digital Native,Midwest,control,53,0.6507
872,Budget Occasional,West,treatment,97,0.6811
873,Dormant Reactivation,Southeast,treatment,59,0.613
874,Digital Native,West,treatment,84,1.3333
875,Dormant Reactivation,West,control,115,0.9794
876,Mainstream,Southeast,control,36,1.044
877,Affluent Frequent,Midwest,control,119,0.1262
878,Mainstream,West,control,8,1.0905
879,Budget Occasional,Midwest,treatment,110,1.8006
880,Mainstream,Northeast,treatment,4,0.2715
881,Mainstream,West,control,88,0.6402
882,Mainstream,West,treatment,52,2.4796
883,Affluent Frequent,Southeast,treatment,88,0.2577
884,Dormant Reactivation,Southeast,treatment,57,0.5429
885,Budget Occasional,Southeast,control,79,0.3643
886,Digital Native,Southeast,treatment,30,0.7104
887,Digital Native,Southeast,treatment,20,0.7273
888,Budget Occasional,Midwest,treatment,39,0.9093
889,Affluent Frequent,Midwest,control,20,1.5737
890,Affluent Frequent,Midwest,treatment,93,1.1588
891,Dormant Reactivation,Midwest,treatment,10,0.6872
892,Dormant Reactivation,Southeast,treatment,7,1.7688
893,Digital Native,Southwest,control,106,0.4872
894,Budget Occasional,Southeast,control,85,0.884
895,Mainstream,Midwest,control,88,1.3612
896,Affluent Frequent,Northeast,control,105,1.1927
897,Affluent Frequent,Southeast,control,87,1.373
898,Mainstream,Southeast,control,66,0.6067
899,Digital Native,Southeast,control,57,1.1655
900,Mainstream,Southeast,control,81,2.2128
901,Dormant Reactivation,Southeast,control,58,0.3036
902,Affluent Frequent,Southeast,treatment,77,0.8607
903,Dormant Reactivation,Southeast,control,118,0.992
904,Dormant Reactivation,Northeast,treatment,54,0.5461
905,Digital Native,Midwest,control,119,2.0634
906,Budget Occasional,Northeast,control,58,1.3089
907,Dormant Reactivation,Midwest,treatment,11,1.0683
908,Budget Occasional,West,control,63,1.215
909,Budget Occasional,Southwest,control,103,2.1073
910,Dormant Reactivation,West,control,27,0.5233
911,Mainstream,West,treatment,44,0.6279
912,Digital Native,Midwest,control,56,2.4642
913,Budget Occasional,Midwest,control,104,1.1064
914,Budget Occasional,Midwest,treatment,26,1.3964
915,Mainstream,Southeast,treatment,56,0.2018
916,Mainstream,Southeast,control,3,1.1204
917,Mainstream,Northeast,treatment,109,1.3597
918,Dormant Reactivation,Southeast,treatment,38,2.0912
919,Affluent Frequent,Southeast,control,84,0.9678
920,Digital Native,Northeast,treatment,22,1.5368
921,Affluent Frequent,Northeast,treatment,76,1.0117
922,Mainstream,Southeast,treatment,51,1.461
923,Budget Occasional,Southeast,treatment,69,1.9022
924,Affluent Frequent,Southeast,treatment,95,0.5427
925,Digital Native,Midwest,control,9,1.4407
926,Budget Occasional,Midwest,treatment,21,0.5202
927,Digital Native,Southeast,control,108,0.7634
928,Dormant Reactivation,Southeast,control,21,1.0623
929,Digital Native,Southeast,treatment,55,0.5625
930,Digital Native,Southwest,treatment,89,0.9259
931,Budget Occasional,Northeast,treatment,68,1.0676
932,Digital Native,Midwest,control,60,1.1504
933,Digital Native,Northeast,treatment,75,0.8213
934,Budget Occasional,Midwest,treatment,81,1.214
935,Budget Occasional,Midwest,treatment,37,0.4731
936,Budget Occasional,Southeast,control,29,0.9963
937,Budget Occasional,Southeast,control,105,1.6144
938,Affluent Frequent,West,control,42,0.4657
939,Affluent Frequent,West,treatment,28,0.5001
940,Affluent Frequent,Midwest,treatment,61,2.0765
941,Digital Native,West,treatment,82,1.1511
942,Digital Native,Southeast,treatment,71,0.8172
943,Affluent Frequent,Southwest,control,96,0.5465
944,Digital Native,West,treatment,118,1.4069
945,Affluent Frequent,Southeast,treatment,4,1.6264
946,Affluent Frequent,Southeast,treatment,18,0.2975
947,Mainstream,Southeast,control,61,3.0231
948,Mainstream,Southeast,control,118,1.1686
949,Budget Occasional,Northeast,treatment,9,1.9163
950,Affluent Frequent,Midwest,treatment,85,0.8876
951,Budget Occasional,Midwest,treatment,27,0.7517
952,Digital Native,Midwest,control,99,1.3365
953,Mainstream,Southeast,treatment,85,0.9435
954,Dormant Reactivation,Southeast,treatment,64,0.6153
955,Budget Occasional,Southwest,treatment,77,1.1264
956,Affluent Frequent,Midwest,treatment,92,1.5623
957,Affluent Frequent,Midwest,control,59,1.7181
958,Budget Occasional,Southeast,control,86,1.8126
959,Budget Occasional,Northeast,treatment,15,1.5458
960,Mainstream,Northeast,treatment,70,1.2317
961,Budget Occasional,West,treatment,68,1.6785
962,Mainstream,Southeast,control,20,0.5178
963,Mainstream,Southeast,treatment,107,0.7214
964,Affluent Frequent,Midwest,control,64,0.1279
965,Dormant Reactivation,Northeast,control,67,1.1854
966,Digital Native,Southeast,treatment,64,1.2312
967,Budget Occasional,Midwest,treatment,87,0.5767
968,Mainstream,Southwest,treatment,104,1.1695
969,Mainstream,Midwest,treatment,31,0.8054
970,Digital Native,Southeast,treatment,103,0.9824
971,Mainstream,Southeast,treatment,6,0.5131
972,Affluent Frequent,West,control,72,1.0595
973,Budget Occasional,Midwest,treatment,23,0.3539
974,Mainstream,Midwest,control,29,1.2358
975,Mainstream,Midwest,control,26,1.2103
976,Mainstream,Northeast,treatment,77,0.8859
977,Digital Native,Northeast,treatment,120,1.8727
978,Mainstream,Southeast,treatment,41,0.3563
979,Budget Occasional,West,treatment,46,0.7014
980,Affluent Frequent,Southeast,treatment,108,0.7422
981,Mainstream,West,control,77,0.8975
982,Mainstream,Midwest,treatment,24,0.9664
983,Affluent Frequent,Midwest,control,34,1.6529
984,Affluent Frequent,Northeast,treatment,60,1.7286
985,Budget Occasional,Northeast,treatment,55,0.3452
986,Digital Native,Northeast,treatment,19,1.1758
987,Digital Native,Southwest,treatment,68,0.419
988,Mainstream,Midwest,treatment,44,1.74
989,Affluent Frequent,Midwest,treatment,75,1.5553
990,Digital Native,West,control,62,0.6488
991,Mainstream,Midwest,treatment,76,0.3484
992,Mainstream,Southwest,control,83,1.1548
993,Affluent Frequent,West,treatment,40,0.7899
994,Mainstream,Southeast,treatment,22,0.3119
995,Dormant Reactivation,West,control,40,0.9771
996,Affluent Frequent,Southeast,treatment,79,2.2413
997,Mainstream,Midwest,control,31,1.2438
998,Budget Occasional,Midwest,control,88,0.5706
999,Affluent Frequent,Southwest,control,94,1.0536
1000,Mainstream,West,control,45,1.1453
1001,Mainstream,West,control,67,2.6879
1002,Mainstream,Midwest,treatment,94,2.786
1003,Affluent Frequent,Midwest,control,102,0.9112
1004,Digital Native,West,control,116,1.1577
1005,Budget Occasional,Northeast,control,58,0.9954
1006,Digital Native,Northeast,treatment,86,1.2894
1007,Mainstream,West,treatment,75,0.7277
1008,Mainstream,Northeast,treatment,22,0.8294
1009,Budget Occasional,Southwest,control,71,0.5623
1010,Mainstream,Southwest,control,93,0.8242
1011,Digital Native,Northeast,treatment,50,1.15
1012,Affluent Frequent,Southeast,treatment,60,0.4826
1013,Affluent Frequent,Southeast,control,38,0.601
1014,Budget Occasional,Northeast,control,98,1.6367
1015,Digital Native,Southwest,treatment,16,0.3079
1016,Affluent Frequent,Southeast,treatment,67,1.1367
1017,Dormant Reactivation,Northeast,control,5,0.9777
1018,Affluent Frequent,Southeast,control,24,0.4486
1019,Dormant Reactivation,Midwest,control,55,1.3206
1020,Affluent Frequent,Southeast,treatment,89,0.9651
1021,Mainstream,Northeast,control,64,1.694
1022,Affluent Frequent,Midwest,control,94,1.2118
1023,Dormant Reactivation,Southwest,control,12,0.8473
1024,Budget Occasional,Southeast,treatment,92,1.2439
1025,Mainstream,Northeast,control,8,0.6027
1026,Affluent Frequent,Southeast,treatment,74,2.0122
1027,Dormant Reactivation,Southeast,control,32,1.2662
1028,Budget Occasional,Southwest,treatment,120,0.7512
1029,Mainstream,Southeast,control,46,0.5297
1030,Mainstream,Southwest,treatment,4,0.5082
1031,Affluent Frequent,West,control,73,0.1838
1032,Mainstream,Southeast,control,46,1.618
1033,Mainstream,Southwest,treatment,8,1.0685
1034,Budget Occasional,Southwest,control,35,0.6556
1035,Mainstream,Northeast,treatment,58,1.5813
1036,Dormant Reactivation,Northeast,control,73,0.6787
1037,Affluent Frequent,Northeast,treatment,6,0.9328
1038,Affluent Frequent,Southeast,treatment,73,1.0766
1039,Affluent Frequent,Northeast,treatment,64,1.3301
1040,Budget Occasional,Southeast,control,22,0.5671
1041,Mainstream,West,control,110,1.8021
1042,Dormant Reactivation,West,control,115,0.7836
1043,Mainstream,Northeast,control,108,0.4169
1044,Budget Occasional,Midwest,control,77,0.8233
1045,Affluent Frequent,Northeast,treatment,20,0.7504
1046,Affluent Frequent,Northeast,control,105,2.1452
1047,Digital Native,Midwest,control,77,2.2594
1048,Digital Native,Southeast,treatment,9,1.6113
1049,Mainstream,Southwest,control,44,1.0788
1050,Mainstream,Southeast,control,92,1.4797
1051,Mainstream,Southeast,control,99,0.9615
1052,Mainstream,Southwest,treatment,92,0.6093
1053,Digital Native,Midwest,control,30,2.2655
1054,Affluent Frequent,Northeast,treatment,97,0.374
1055,Mainstream,Southeast,treatment,60,1.4196
1056,Affluent Frequent,Northeast,control,84,0.3869
1057,Dormant Reactivation,Northeast,treatment,89,1.2423
1058,Budget Occasional,Northeast,treatment,77,1.3211
1059,Dormant Reactivation,West,control,109,2.4307
1060,Digital Native,Midwest,control,100,0.5293
1061,Mainstream,Southeast,control,74,0.7823
1062,Dormant Reactivation,Northeast,treatment,29,0.9596
1063,Affluent Frequent,Northeast,treatment,115,0.7655
1064,Dormant Reactivation,Southeast,control,8,0.7244
1065,Budget Occasional,Northeast,control,24,0.4207
1066,Mainstream,Northeast,treatment,115,2.4837
1067,Dormant Reactivation,Southwest,control,106,1.3118
1068,Affluent Frequent,West,control,29,0.7542
1069,Digital Native,Northeast,treatment,25,0.3207
1070,Budget Occasional,West,control,79,1.3844
1071,Mainstream,Southeast,control,13,1.0529
1072,Digital Native,Midwest,treatment,62,1.0805
1073,Digital Native,Midwest,control,50,0.8757
1074,Budget Occasional,West,treatment,100,0.8023
1075,Budget Occasional,West,control,114,0.5764
1076,Affluent Frequent,Southeast,treatment,75,1.5686
1077,Budget Occasional,Southeast,control,52,1.0661
1078,Budget Occasional,Southeast,control,85,0.8523
1079,Mainstream,Midwest,control,17,0.6691
1080,Affluent Frequent,Midwest,control,13,0.9945
1081,Budget Occasional,West,control,112,0.5439
1082,Budget Occasional,West,control,59,1.3506
1083,Mainstream,West,treatment,36,1.8295
1084,Digital Native,Northeast,control,85,0.7986
1085,Mainstream,Southeast,control,70,0.3765
1086,Mainstream,Southeast,treatment,76,0.3542
1087,Mainstream,Midwest,treatment,9,0.9341
1088,Dormant Reactivation,West,treatment,103,0.8425
1089,Mainstream,Southeast,control,9,1.8561
1090,Digital Native,Northeast,treatment,85,0.2883
1091,Budget Occasional,Midwest,control,104,1.0055
1092,Dormant Reactivation,Southeast,control,51,1.4766
1093,Budget Occasional,Southwest,control,71,2.6946
1094,Budget Occasional,Midwest,treatment,83,0.5336
1095,Mainstream,Southeast,treatment,73,0.4386
1096,Digital Native,Southwest,treatment,44,1.0107
1097,Mainstream,Northeast,treatment,55,1.3595
1098,Affluent Frequent,Midwest,treatment,56,0.982
1099,Budget Occasional,Southwest,treatment,111,1.4155
1100,Budget Occasional,Northeast,control,74,0.9535
1101,Affluent Frequent,West,control,39,0.4531
1102,Mainstream,Southeast,control,89,1.6541
1103,Dormant Reactivation,West,treatment,53,1.3285
1104,Dormant Reactivation,Southeast,control,30,1.0924
1105,Dormant Reactivation,Northeast,control,111,1.0163
1106,Dormant Reactivation,Northeast,treatment,42,0.9111
1107,Budget Occasional,West,control,78,0.5802
1108,Mainstream,Northeast,treatment,107,1.5242
1109,Budget Occasional,West,control,61,1.2175
1110,Budget Occasional,West,control,73,0.7798
1111,Mainstream,Northeast,control,115,1.6608
1112,Budget Occasional,Southeast,control,4,1.2507
1113,Budget Occasional,Southwest,control,98,0.4415
1114,Digital Native,West,treatment,49,1.2262
1115,Dormant Reactivation,Northeast,treatment,26,1.0993
1116,Budget Occasional,Northeast,control,48,0.4552
1117,Digital Native,Southwest,control,33,0.9906
1118,Budget Occasional,Midwest,control,95,1.6775
1119,Budget Occasional,Southwest,control,51,0.7182
1120,Affluent Frequent,Midwest,treatment,87,0.2809
1121,Digital Native,Southeast,treatment,34,0.9995
1122,Budget Occasional,Southeast,control,70,0.6829
1123,Affluent Frequent,Midwest,treatment,29,0.8888
1124,Dormant Reactivation,Midwest,treatment,27,0.706
1125,Budget Occasional,Midwest,treatment,27,0.6419
1126,Mainstream,Northeast,control,94,1.5885
1127,Digital Native,Southwest,treatment,86,0.5296
1128,Dormant Reactivation,Northeast,treatment,54,1.7049
1129,Budget Occasional,West,treatment,89,0.5759
1130,Budget Occasional,West,treatment,76,0.8466
1131,Digital Native,Midwest,treatment,60,0.8986
1132,Mainstream,Northeast,treatment,78,0.8244
1133,Dormant Reactivation,Southwest,treatment,35,0.4877
1134,Mainstream,Southeast,control,46,1.4076
1135,Budget Occasional,Southwest,treatment,33,1.1068
1136,Budget Occasional,West,treatment,82,0.9675
1137,Dormant Reactivation,Southeast,control,100,0.7354
1138,Budget Occasional,Southwest,control,32,0.727
1139,Digital Native,Northeast,control,54,0.8686
1140,Dormant Reactivation,West,control,17,0.6426
1141,Mainstream,Midwest,control,65,1.0269
1142,Affluent Frequent,Midwest,control,25,1.5078
1143,Mainstream,Southeast,control,51,0.9393
1144,Mainstream,Southwest,control,100,1.2641
1145,Mainstream,Southwest,control,104,0.2684
1146,Budget Occasional,Southwest,treatment,90,1.2472
1147,Budget Occasional,Southwest,treatment,68,0.946
1148,Dormant Reactivation,Northeast,control,79,0.9142
1149,Budget Occasional,Midwest,control,27,0.507
1150,Affluent Frequent,Southwest,control,85,0.9788
1151,Mainstream,West,control,113,0.2414
1152,Mainstream,Northeast,control,80,1.3967
1153,Digital Native,West,control,90,1.1512
1154,Mainstream,Southeast,treatment,106,0.4077
1155,Mainstream,Southeast,control,53,1.2455
1156,Mainstream,Midwest,control,18,0.5868
1157,Affluent Frequent,Southeast,treatment,113,1.6121
1158,Digital Native,Northeast,treatment,50,1.9999
1159,Mainstream,Midwest,treatment,95,1.1928
1160,Mainstream,Northeast,treatment,86,0.5696
1161,Budget Occasional,Midwest,control,119,1.5343
1162,Affluent Frequent,West,control,82,0.9987
1163,Dormant Reactivation,Southwest,control,98,1.5652
1164,Affluent Frequent,West,treatment,29,1.3201
1165,Mainstream,Midwest,treatment,48,1.1515
1166,Mainstream,Southwest,treatment,52,0.9808
1167,Budget Occasional,Midwest,control,39,0.3295
1168,Budget Occasional,Northeast,control,79,1.4017
1169,Dormant Reactivation,Southeast,control,31,2.44
1170,Dormant Reactivation,West,treatment,107,1.6875
1171,Mainstream,West,treatment,95,0.7801
1172,Dormant Reactivation,Southeast,treatment,101,2.2975
1173,Affluent Frequent,Southeast,control,77,0.6463
1174,Dormant Reactivation,Southeast,treatment,80,1.4408
1175,Mainstream,Southeast,treatment,115,1.8833
1176,Affluent Frequent,Southwest,treatment,39,0.3038
1177,Mainstream,Southeast,treatment,16,0.5221
1178,Digital Native,West,treatment,62,0.9893
1179,Budget Occasional,West,control,14,1.5748
1180,Mainstream,Southeast,treatment,43,0.8815
1181,Digital Native,Northeast,control,104,1.0766
1182,Affluent Frequent,Southeast,treatment,84,0.1883
1183,Digital Native,Northeast,control,85,0.7744
1184,Mainstream,Southwest,treatment,108,0.7282
1185,Budget Occasional,Northeast,treatment,38,2.148
1186,Digital Native,West,control,19,0.8458
1187,Mainstream,West,control,73,0.6653
1188,Budget Occasional,Southwest,control,55,0.6228
1189,Dormant Reactivation,Southeast,treatment,31,0.4597
1190,Dormant Reactivation,Southeast,control,33,0.7859
1191,Digital Native,Southeast,treatment,64,1.0348
1192,Mainstream,Southeast,control,11,0.4468
1193,Mainstream,Northeast,control,64,1.0231
1194,Budget Occasional,Southeast,control,72,0.626
1195,Digital Native,Southwest,treatment,106,0.7228
1196,Affluent Frequent,Southwest,treatment,34,0.6722
1197,Mainstream,Midwest,treatment,78,0.6613
1198,Budget Occasional,Southeast,treatment,103,0.8383
1199,Affluent Frequent,Southeast,treatment,47,0.9624
1200,Mainstream,Midwest,control,60,1.0169
1201,Affluent Frequent,Northeast,treatment,79,0.3901
1202,Affluent Frequent,Northeast,control,75,1.0208
1203,Affluent Frequent,Southeast,control,113,0.915
1204,Digital Native,West,control,62,2.7846
1205,Affluent Frequent,Southwest,control,41,1.0039
1206,Budget Occasional,West,control,104,0.8532
1207,Mainstream,Midwest,treatment,26,0.7324
1208,Dormant Reactivation,West,control,64,1.2108
1209,Dormant Reactivation,Midwest,control,101,0.8335
1210,Digital Native,Southeast,control,16,0.6793
1211,Digital Native,Midwest,treatment,95,0.523
1212,Budget Occasional,Northeast,treatment,74,0.2822
1213,Affluent Frequent,Southeast,treatment,63,0.6455
1214,Mainstream,Southwest,control,119,0.4461
1215,Mainstream,Midwest,control,110,1.2444
1216,Digital Native,Northeast,treatment,55,1.0094
1217,Budget Occasional,Southeast,control,15,1.9422
1218,Dormant Reactivation,Midwest,control,95,0.2774
1219,Budget Occasional,West,treatment,8,0.7919
1220,Budget Occasional,Midwest,control,44,1.3758
1221,Affluent Frequent,Northeast,treatment,32,1.8089
1222,Budget Occasional,Northeast,treatment,36,1.5113
1223,Mainstream,Midwest,treatment,16,0.7008
1224,Digital Native,Midwest,treatment,108,1.0484
1225,Digital Native,Northeast,control,98,2.3497
1226,Mainstream,Midwest,treatment,97,0.5658
1227,Mainstream,Southwest,control,52,1.0068
1228,Digital Native,West,treatment,75,1.7744
1229,Affluent Frequent,Northeast,control,26,0.6465
1230,Affluent Frequent,Northeast,treatment,10,0.695
1231,Affluent Frequent,West,treatment,7,0.362
1232,Mainstream,Northeast,control,10,1.1806
1233,Dormant Reactivation,West,treatment,48,0.5776
1234,Affluent Frequent,Southwest,treatment,52,1.6379
1235,Dormant Reactivation,Southeast,control,58,1.1423
1236,Budget Occasional,Southeast,treatment,53,0.514
1237,Affluent Frequent,Midwest,treatment,105,0.3356
1238,Affluent Frequent,Northeast,treatment,77,0.7028
1239,Dormant Reactivation,Northeast,treatment,72,1.1411
1240,Mainstream,Northeast,treatment,66,0.9803
1241,Affluent Frequent,Midwest,treatment,85,1.1817
1242,Affluent Frequent,Southeast,control,109,0.932
1243,Budget Occasional,Southeast,treatment,16,0.9206
1244,Digital Native,Southeast,control,114,0.7357
1245,Affluent Frequent,Northeast,control,57,0.9568
1246,Dormant Reactivation,Northeast,treatment,4,0.8058
1247,Mainstream,Northeast,control,115,1.4151
1248,Affluent Frequent,Southeast,treatment,112,0.9116
1249,Mainstream,Midwest,treatment,78,0.4907
1250,Affluent Frequent,Southeast,control,40,1.4356
1251,Mainstream,Southeast,control,37,0.9132
1252,Digital Native,Northeast,treatment,14,0.7522
1253,Digital Native,Midwest,treatment,32,0.8259
1254,Affluent Frequent,Southwest,control,61,0.5579
1255,Budget Occasional,Southeast,treatment,70,0.6324
1256,Affluent Frequent,Southeast,control,4,0.729
1257,Affluent Frequent,Southeast,control,108,0.3548
1258,Digital Native,Southeast,treatment,81,0.5073
1259,Dormant Reactivation,Northeast,treatment,97,1.6182
1260,Budget Occasional,Southeast,control,106,1.6656
1261,Affluent Frequent,West,treatment,4,0.5581
1262,Budget Occasional,Midwest,control,41,0.8665
1263,Budget Occasional,Northeast,treatment,25,1.942
1264,Dormant Reactivation,Midwest,control,59,0.963
1265,Digital Native,Midwest,treatment,98,0.786
1266,Dormant Reactivation,Northeast,treatment,103,1.9035
1267,Digital Native,Southeast,treatment,27,0.5909
1268,Mainstream,West,control,105,0.9557
1269,Affluent Frequent,Northeast,control,94,0.8848
1270,Mainstream,West,treatment,107,1.0392
1271,Digital Native,Northeast,treatment,36,1.0846
1272,Budget Occasional,Southeast,treatment,18,0.3333
1273,Dormant Reactivation,Southwest,control,101,0.3405
1274,Mainstream,Northeast,treatment,59,1.181
1275,Budget Occasional,Northeast,control,78,0.9315
1276,Digital Native,Midwest,treatment,18,0.4583
1277,Mainstream,West,control,53,1.6609
1278,Dormant Reactivation,Southeast,control,101,0.6209
1279,Budget Occasional,Southeast,control,89,0.9346
1280,Dormant Reactivation,Southeast,control,40,0.871
1281,Digital Native,Southeast,control,90,0.365
1282,Digital Native,Southeast,treatment,27,0.6334
1283,Mainstream,West,control,106,1.2868
1284,Dormant Reactivation,Southeast,control,120,0.527
1285,Budget Occasional,Northeast,control,110,1.2183
1286,Mainstream,West,treatment,81,1.6488
1287,Affluent Frequent,Southwest,control,18,1.1328
1288,Dormant Reactivation,Northeast,control,117,1.0304
1289,Dormant Reactivation,Northeast,control,42,0.8974
1290,Dormant Reactivation,Northeast,control,37,0.6306
1291,Mainstream,Southwest,control,26,0.3308
1292,Mainstream,Midwest,control,66,1.1413
1293,Budget Occasional,Northeast,treatment,116,1.0758
1294,Affluent Frequent,Midwest,treatment,119,1.1315
1295,Mainstream,Northeast,control,39,0.8822
1296,Mainstream,West,control,79,1.4802
1297,Digital Native,Southeast,treatment,102,1.1035
1298,Mainstream,Southeast,control,106,0.6729
1299,Affluent Frequent,Northeast,treatment,96,1.2517
1300,Affluent Frequent,Midwest,treatment,74,0.8399
1301,Affluent Frequent,Northeast,control,5,1.0641
1302,Budget Occasional,Southeast,control,8,0.5711
1303,Mainstream,Southeast,control,110,1.0724
1304,Budget Occasional,West,treatment,78,0.3256
1305,Mainstream,Southwest,treatment,84,0.854
1306,Digital Native,West,control,45,1.0249
1307,Mainstream,Southwest,treatment,43,1.4291
1308,Budget Occasional,Midwest,treatment,11,0.4673
1309,Budget Occasional,Midwest,treatment,67,0.5719
1310,Mainstream,West,control,116,0.8992
1311,Mainstream,West,treatment,81,1.2795
1312,Dormant Reactivation,Northeast,treatment,6,0.6076
1313,Affluent Frequent,Midwest,control,64,1.2989
1314,Digital Native,Midwest,treatment,102,0.5836
1315,Digital Native,West,control,120,0.5534
1316,Digital Native,Midwest,treatment,99,1.0799
1317,Mainstream,West,control,59,1.066
1318,Budget Occasional,Northeast,treatment,73,1.0618
1319,Mainstream,West,control,67,0.862
1320,Mainstream,Southeast,control,77,0.7776
1321,Digital Native,West,treatment,32,1.0233
1322,Budget Occasional,Southeast,treatment,20,1.3251
1323,Digital Native,Midwest,control,61,0.7641
1324,Affluent Frequent,Southwest,control,92,1.5153
1325,Mainstream,Midwest,treatment,65,1.1962
1326,Digital Native,Southeast,control,50,0.1741
1327,Digital Native,Midwest,control,68,1.2482
1328,Mainstream,Midwest,treatment,14,1.1265
1329,Digital Native,Midwest,treatment,8,1.4102
1330,Affluent Frequent,Midwest,treatment,18,1.5186
1331,Dormant Reactivation,Southeast,treatment,49,2.6479
1332,Affluent Frequent,West,control,94,0.5679
1333,Budget Occasional,Southeast,control,101,0.4733
1334,Budget Occasional,West,treatment,36,1.2077
1335,Budget Occasional,Northeast,control,12,1.1433
1336,Budget Occasional,Southeast,control,99,1.0742
1337,Budget Occasional,Southeast,treatment,6,0.259
1338,Mainstream,West,treatment,80,0.9327
1339,Mainstream,Northeast,control,111,0.8218
1340,Mainstream,Northeast,control,43,0.3842
1341,Digital Native,Midwest,treatment,79,1.5049
1342,Budget Occasional,Midwest,control,53,0.9244
1343,Affluent Frequent,Midwest,control,40,1.7006
1344,Mainstream,Southwest,control,75,0.932
1345,Mainstream,Northeast,treatment,77,0.5818
1346,Digital Native,Northeast,control,84,1.222
1347,Dormant Reactivation,West,treatment,66,1.1923
1348,Budget Occasional,West,control,96,1.4964
1349,Dormant Reactivation,Southwest,treatment,92,1.3208
1350,Budget Occasional,Midwest,control,9,0.8849
1351,Budget Occasional,Northeast,control,47,0.7785
1352,Dormant Reactivation,Southeast,treatment,104,0.9448
1353,Budget Occasional,Southwest,control,49,1.1977
1354,Mainstream,Northeast,control,67,0.3888
1355,Budget Occasional,Southeast,control,24,0.9463
1356,Dormant Reactivation,Midwest,treatment,86,1.0375
1357,Digital Native,Southeast,treatment,9,1.0935
1358,Affluent Frequent,West,treatment,104,0.6781
1359,Affluent Frequent,Northeast,treatment,56,1.0387
1360,Digital Native,Northeast,treatment,13,0.7433
1361,Affluent Frequent,Southeast,control,86,0.8273
1362,Budget Occasional,West,treatment,69,1.3823
1363,Affluent Frequent,Midwest,control,84,0.6599
1364,Mainstream,West,control,28,1.1191
1365,Affluent Frequent,Midwest,treatment,119,2.1838
1366,Mainstream,Midwest,treatment,70,0.4908
1367,Affluent Frequent,Southwest,control,96,0.1714
1368,Mainstream,Southeast,treatment,74,0.3581
1369,Mainstream,Southwest,control,95,2.6095
1370,Mainstream,West,treatment,66,2.5516
1371,Digital Native,Northeast,treatment,79,0.5594
1372,Mainstream,Northeast,control,108,0.9167
1373,Affluent Frequent,Southeast,control,49,0.9441
1374,Mainstream,West,treatment,31,0.7092
1375,Budget Occasional,Northeast,treatment,112,1.2981
1376,Mainstream,West,treatment,16,1.2194
1377,Budget Occasional,Southeast,control,11,0.4764
1378,Budget Occasional,Midwest,control,112,0.9772
1379,Digital Native,Midwest,control,75,0.3406
1380,Dormant Reactivation,West,control,113,0.4823
1381,Budget Occasional,Southwest,control,16,0.8076
1382,Dormant Reactivation,Northeast,control,37,1.1444
1383,Affluent Frequent,West,control,12,1.027
1384,Affluent Frequent,Southeast,control,23,1.9854
1385,Affluent Frequent,Southwest,control,74,0.9678
1386,Affluent Frequent,Northeast,control,55,1.5217
1387,Affluent Frequent,Midwest,control,45,0.9485
1388,Digital Native,West,control,107,0.4647
1389,Digital Native,Southeast,treatment,47,1.0514
1390,Budget Occasional,Southeast,treatment,26,1.6547
1391,Budget Occasional,Northeast,control,87,1.6223
1392,Budget Occasional,Northeast,control,29,0.6491
1393,Dormant Reactivation,Midwest,control,80,0.3805
1394,Dormant Reactivation,Southwest,treatment,58,1.6289
1395,Dormant Reactivation,Southwest,control,33,1.9032
1396,Mainstream,Midwest,control,62,0.5803
1397,Mainstream,Midwest,control,99,0.8735
1398,Dormant Reactivation,West,control,60,0.9249
1399,Digital Native,Northeast,treatment,28,0.9855
1400,Digital Native,West,treatment,98,1.335
1401,Budget Occasional,Midwest,control,40,0.492
1402,Budget Occasional,Northeast,control,17,0.4703
1403,Mainstream,Northeast,treatment,120,1.5068
1404,Mainstream,Northeast,control,38,0.8874
1405,Mainstream,Northeast,treatment,17,0.6058
1406,Affluent Frequent,Northeast,treatment,74,1.399
1407,Digital Native,Northeast,treatment,16,0.2193
1408,Digital Native,Northeast,treatment,55,1.3905
1409,Budget Occasional,West,control,34,0.848
1410,Budget Occasional,West,control,55,0.3907
1411,Digital Native,Midwest,control,67,0.5956
1412,Mainstream,Southeast,control,34,0.49
1413,Affluent Frequent,Midwest,treatment,75,0.8659
1414,Affluent Frequent,Southeast,treatment,59,0.6423
1415,Mainstream,Northeast,control,102,0.7281
1416,Digital Native,Midwest,control,84,1.7339
1417,Mainstream,Midwest,control,32,1.0039
1418,Affluent Frequent,Southeast,control,59,0.9602
1419,Budget Occasional,West,treatment,77,1.1334
1420,Affluent Frequent,Midwest,control,120,0.437
1421,Mainstream,Midwest,control,97,0.443
1422,Budget Occasional,Southwest,treatment,54,0.4842
1423,Digital Native,Southeast,control,14,0.8352
1424,Budget Occasional,Northeast,treatment,108,0.895
1425,Budget Occasional,West,control,113,1.5524
1426,Mainstream,Northeast,control,92,0.8538
1427,Dormant Reactivation,Southeast,control,58,0.7202
1428,Budget Occasional,Midwest,control,82,1.4418
1429,Mainstream,West,control,114,0.4185
1430,Affluent Frequent,Southeast,treatment,27,1.0482
1431,Affluent Frequent,Northeast,control,84,0.6046
1432,Mainstream,Southeast,control,116,1.5159
1433,Mainstream,Northeast,treatment,18,1.4282
1434,Affluent Frequent,West,control,23,0.453
1435,Mainstream,West,treatment,57,0.2875
1436,Dormant Reactivation,West,treatment,113,0.5008
1437,Mainstream,West,control,106,0.6247
1438,Affluent Frequent,Southeast,control,103,1.3158
1439,Digital Native,West,control,108,0.9618
1440,Budget Occasional,West,control,90,1.7114
1441,Budget Occasional,West,control,93,0.3612
1442,Affluent Frequent,Southwest,control,110,1.3984
1443,Budget Occasional,Southeast,control,62,0.7452
1444,Budget Occasional,Southeast,control,25,1.6505
1445,Mainstream,Midwest,control,5,0.7298
1446,Mainstream,Midwest,treatment,80,1.3847
1447,Digital Native,Southeast,control,119,1.1315
1448,Mainstream,Southeast,treatment,19,0.6332
1449,Affluent Frequent,Northeast,control,70,2.0369
1450,Affluent Frequent,Southeast,treatment,19,2.1857
1451,Budget Occasional,Southeast,control,24,0.8309
1452,Budget Occasional,Southeast,treatment,4,1.1175
1453,Dormant Reactivation,Northeast,control,65,0.346
1454,Budget Occasional,West,treatment,74,0.8612
1455,Digital Native,Southeast,control,14,1.5115
1456,Digital Native,Southwest,control,35,1.0697
1457,Mainstream,Southeast,treatment,71,1.1753
1458,Budget Occasional,Northeast,treatment,20,2.3892
1459,Affluent Frequent,West,control,14,1.0746
1460,Budget Occasional,Northeast,treatment,36,1.1719
1461,Budget Occasional,Southwest,treatment,85,0.5084
1462,Dormant Reactivation,Midwest,control,87,1.1648
1463,Digital Native,West,control,33,0.7541
1464,Mainstream,West,control,26,1.408
1465,Mainstream,Southwest,control,32,0.8082
1466,Digital Native,Southeast,control,115,1.7594
1467,Mainstream,West,treatment,72,0.6722
1468,Budget Occasional,Southwest,control,76,1.5622
1469,Affluent Frequent,West,treatment,117,1.0709
1470,Affluent Frequent,Southeast,treatment,48,1.1467
1471,Affluent Frequent,West,treatment,24,1.754
1472,Mainstream,West,control,58,0.3842
1473,Mainstream,Midwest,treatment,52,0.4426
1474,Mainstream,Northeast,treatment,68,0.5762
1475,Digital Native,Southeast,treatment,11,0.7524
1476,Dormant Reactivation,Northeast,treatment,77,0.4281
1477,Digital Native,Southeast,control,106,1.3072
1478,Digital Native,Southeast,control,68,0.3989
1479,Affluent Frequent,West,treatment,95,1.8179
1480,Dormant Reactivation,West,treatment,29,0.7204
1481,Mainstream,Southeast,treatment,110,1.4926
1482,Affluent Frequent,Midwest,treatment,54,0.9255
1483,Affluent Frequent,West,control,97,0.5297
1484,Mainstream,West,control,27,0.5779
1485,Mainstream,Southwest,treatment,92,0.4798
1486,Mainstream,Southeast,control,33,1.0074
1487,Mainstream,West,treatment,35,1.3914
1488,Affluent Frequent,West,control,67,0.9278
1489,Mainstream,Midwest,control,60,2.4296
1490,Affluent Frequent,Midwest,treatment,100,3.0095
1491,Mainstream,West,treatment,31,0.3538
1492,Mainstream,Southeast,control,108,1.27
1493,Affluent Frequent,Midwest,treatment,37,1.469
1494,Mainstream,Southeast,treatment,73,0.2556
1495,Mainstream,Midwest,treatment,77,0.9667
1496,Affluent Frequent,Southeast,control,87,0.3026
1497,Budget Occasional,Southeast,treatment,17,0.7758
1498,Mainstream,Northeast,control,93,0.6284
1499,Affluent Frequent,West,control,87,0.58
1500,Budget Occasional,Midwest,control,44,1.0742
1501,Budget Occasional,Northeast,treatment,115,1.7526
1502,Dormant Reactivation,Northeast,treatment,52,0.5407
1503,Affluent Frequent,Northeast,control,114,0.7185
1504,Budget Occasional,Southeast,treatment,31,0.3442
1505,Affluent Frequent,Southwest,treatment,63,1.5313
1506,Mainstream,West,treatment,59,1.9855
1507,Digital Native,Northeast,treatment,55,1.6701
1508,Digital Native,Southeast,control,43,1.9247
1509,Digital Native,Southeast,treatment,46,0.3791
1510,Affluent Frequent,Midwest,control,101,1.6324
1511,Mainstream,Southeast,control,73,1.1507
1512,Digital Native,Southwest,treatment,54,0.6844
1513,Affluent Frequent,Southeast,treatment,107,0.4099
1514,Mainstream,Southeast,treatment,109,0.551
1515,Affluent Frequent,Southeast,treatment,108,0.8426
1516,Budget Occasional,Northeast,treatment,96,2.1967
1517,Digital Native,Southwest,control,62,0.8935
1518,Affluent Frequent,Midwest,control,94,1.0197
1519,Mainstream,West,control,73,1.4721
1520,Budget Occasional,Southwest,treatment,114,0.754
1521,Mainstream,Midwest,treatment,86,0.9331
1522,Mainstream,Southwest,control,61,0.4369
1523,Budget Occasional,Northeast,treatment,84,0.9312
1524,Budget Occasional,West,control,4,1.6281
1525,Budget Occasional,Southeast,control,5,0.4729
1526,Dormant Reactivation,Southeast,treatment,88,0.9677
1527,Digital Native,West,treatment,18,0.7401
1528,Digital Native,Southeast,control,50,0.6583
1529,Budget Occasional,Northeast,treatment,31,1.4578
1530,Mainstream,Southeast,control,75,0.9362
1531,Mainstream,Midwest,control,68,0.5705
1532,Mainstream,Northeast,treatment,42,0.4947
1533,Budget Occasional,Southeast,control,58,0.6726
1534,Budget Occasional,Northeast,control,101,1.3779
1535,Affluent Frequent,West,treatment,15,1.0006
1536,Mainstream,Southeast,treatment,62,0.7476
1537,Digital Native,Southwest,treatment,58,1.1513
1538,Mainstream,Southeast,treatment,107,1.3009
1539,Mainstream,Midwest,treatment,12,0.5862
1540,Budget Occasional,Midwest,treatment,10,0.5858
1541,Mainstream,West,treatment,13,1.1999
1542,Dormant Reactivation,West,control,112,1.9696
1543,Budget Occasional,Southeast,control,118,0.9159
1544,Affluent Frequent,Northeast,control,16,1.628
1545,Dormant Reactivation,West,treatment,41,0.8851
1546,Affluent Frequent,West,control,64,1.4115
1547,Affluent Frequent,Southeast,control,17,0.9803
1548,Affluent Frequent,Northeast,control,68,0.267
1549,Mainstream,Midwest,control,85,0.4891
1550,Mainstream,Southeast,treatment,26,0.3636
1551,Mainstream,Southwest,treatment,11,1.8323
1552,Mainstream,Midwest,treatment,91,1.0598
1553,Affluent Frequent,Northeast,control,46,0.4165
1554,Budget Occasional,West,control,43,0.5519
1555,Mainstream,Southeast,treatment,85,0.6355
1556,Budget Occasional,Southwest,control,112,0.8772
1557,Digital Native,Midwest,control,76,1.1483
1558,Dormant Reactivation,Northeast,treatment,115,0.6308
1559,Digital Native,Southwest,treatment,3,1.3098
1560,Mainstream,Midwest,control,46,1.6299
1561,Mainstream,Midwest,control,85,1.5255
1562,Affluent Frequent,Midwest,treatment,56,0.223
1563,Budget Occasional,Midwest,treatment,34,1.6981
1564,Budget Occasional,Southwest,control,116,0.3843
1565,Mainstream,Southeast,treatment,77,0.7184
1566,Dormant Reactivation,Midwest,control,80,0.8037
1567,Dormant Reactivation,West,control,5,1.3646
1568,Mainstream,West,control,67,1.4725
1569,Digital Native,Northeast,treatment,119,1.716
1570,Affluent Frequent,Southeast,treatment,120,1.7468
1571,Affluent Frequent,Southeast,treatment,46,1.0221
1572,Digital Native,West,control,72,0.8812
1573,Budget Occasional,Southeast,control,62,0.5752
1574,Affluent Frequent,Northeast,control,76,0.9905
1575,Digital Native,Northeast,treatment,25,0.8521
1576,Digital Native,Midwest,treatment,50,1.3288
1577,Mainstream,Northeast,control,23,0.7057
1578,Digital Native,Northeast,control,44,0.768
1579,Dormant Reactivation,Southwest,treatment,7,0.4697
1580,Budget Occasional,Southwest,treatment,73,0.8171
1581,Mainstream,Midwest,treatment,109,0.2785
1582,Budget Occasional,Northeast,control,15,0.8314
1583,Affluent Frequent,Southeast,control,31,0.9992
1584,Digital Native,Southeast,control,11,0.4015
1585,Budget Occasional,Midwest,treatment,114,1.6161
1586,Budget Occasional,West,control,22,1.6194
1587,Mainstream,Southwest,control,91,0.8692
1588,Budget Occasional,West,control,11,1.4925
1589,Affluent Frequent,Midwest,treatment,84,0.7568
1590,Budget Occasional,Midwest,control,33,0.7825
1591,Mainstream,West,treatment,36,0.6339
1592,Mainstream,Midwest,treatment,15,0.8446
1593,Mainstream,Midwest,control,81,1.4647
1594,Affluent Frequent,West,control,54,1.3152
1595,Mainstream,Midwest,treatment,76,1.0838
1596,Dormant Reactivation,Southeast,control,100,0.4762
1597,Affluent Frequent,Northeast,treatment,14,1.175
1598,Budget Occasional,West,control,103,0.7165
1599,Mainstream,Midwest,treatment,19,1.0293
1600,Mainstream,West,treatment,95,0.3492
1601,Mainstream,West,control,65,0.571
1602,Affluent Frequent,Southeast,control,100,0.3501
1603,Digital Native,Southeast,control,48,0.6582
1604,Dormant Reactivation,Northeast,control,75,1.4641
1605,Dormant Reactivation,Midwest,control,20,0.33
1606,Budget Occasional,Southeast,control,37,0.4875
1607,Affluent Frequent,Southwest,treatment,21,0.8969
1608,Affluent Frequent,Southeast,control,55,0.7976
1609,Digital Native,Midwest,control,108,1.3323
1610,Mainstream,West,treatment,33,0.6934
1611,Digital Native,Southeast,treatment,97,1.3872
1612,Digital Native,Midwest,control,69,0.3578
1613,Affluent Frequent,West,control,100,0.8631
1614,Dormant Reactivation,Southeast,treatment,23,0.3364
1615,Mainstream,Southeast,treatment,56,0.9903
1616,Mainstream,Midwest,treatment,100,1.5047
1617,Mainstream,Southeast,treatment,101,0.4888
1618,Affluent Frequent,Northeast,treatment,13,0.6432
1619,Affluent Frequent,Midwest,control,9,1.4155
1620,Mainstream,Southeast,treatment,14,1.0045
1621,Budget Occasional,Southeast,control,61,0.8887
1622,Mainstream,West,control,52,1.0525
1623,Affluent Frequent,Midwest,control,23,1.6982
1624,Mainstream,Midwest,treatment,32,1.0798
1625,Mainstream,Northeast,treatment,50,0.5617
1626,Affluent Frequent,West,control,12,0.6767
1627,Mainstream,West,treatment,103,0.8665
1628,Mainstream,Midwest,control,25,0.6952
1629,Mainstream,West,control,71,0.9993
1630,Budget Occasional,West,control,4,1.16
1631,Dormant Reactivation,Northeast,control,70,0.8935
1632,Mainstream,Midwest,control,95,0.5569
1633,Dormant Reactivation,Northeast,control,17,1.3777
1634,Digital Native,Southeast,control,93,1.0312
1635,Dormant Reactivation,Northeast,treatment,32,1.257
1636,Affluent Frequent,Northeast,control,7,0.8174
1637,Affluent Frequent,Southeast,control,77,2.7803
1638,Mainstream,Midwest,control,90,0.9086
1639,Mainstream,Midwest,control,81,2.2089
1640,Mainstream,Southeast,treatment,4,1.1709
1641,Digital Native,West,control,115,0.4995
1642,Budget Occasional,West,control,100,0.345
1643,Digital Native,West,control,8,2.0582
1644,Budget Occasional,Southeast,control,38,0.9803
1645,Mainstream,Southeast,control,95,1.2515
1646,Mainstream,West,control,67,0.5294
1647,Mainstream,Northeast,control,19,1.2517
1648,Dormant Reactivation,West,treatment,30,1.7177
1649,Mainstream,Southeast,treatment,51,1.2487
1650,Affluent Frequent,West,treatment,101,0.4858
1651,Mainstream,Southeast,control,57,2.216
1652,Mainstream,Midwest,control,5,1.7414
1653,Digital Native,Midwest,control,17,1.5437
1654,Digital Native,Southwest,control,44,0.8878
1655,Mainstream,Southeast,control,48,0.4782
1656,Budget Occasional,Midwest,control,78,0.9378
1657,Mainstream,Northeast,treatment,56,0.2287
1658,Mainstream,Southeast,treatment,58,1.6008
1659,Mainstream,West,treatment,33,0.6842
1660,Mainstream,Northeast,treatment,86,1.8117
1661,Affluent Frequent,Southeast,control,108,0.3117
1662,Budget Occasional,Northeast,treatment,32,1.3507
1663,Budget Occasional,Northeast,control,9,0.9782
1664,Budget Occasional,West,treatment,119,0.7929
1665,Affluent Frequent,West,control,87,0.6813
1666,Affluent Frequent,Southeast,treatment,64,0.4073
1667,Budget Occasional,Midwest,treatment,80,1.7069
1668,Affluent Frequent,Southeast,treatment,114,0.6803
1669,Budget Occasional,West,treatment,84,0.2492
1670,Digital Native,Northeast,treatment,106,0.7048
1671,Budget Occasional,Southwest,treatment,62,0.681
1672,Budget Occasional,Southeast,treatment,47,0.7688
1673,Dormant Reactivation,West,treatment,66,0.622
1674,Mainstream,Midwest,control,68,0.8294
1675,Mainstream,Southeast,treatment,22,1.2587
1676,Mainstream,Northeast,treatment,73,1.2911
1677,Budget Occasional,Northeast,treatment,43,0.1617
1678,Mainstream,Southeast,control,15,2.2486
1679,Mainstream,West,control,60,0.4749
1680,Affluent Frequent,Midwest,treatment,99,1.0781
1681,Budget Occasional,West,control,106,0.8831
1682,Dormant Reactivation,Southwest,treatment,81,1.2678
1683,Budget Occasional,West,control,14,1.1687
1684,Digital Native,Southwest,control,112,1.3624
1685,Mainstream,Midwest,treatment,101,0.8095
1686,Digital Native,Northeast,control,53,0.4656
1687,Dormant Reactivation,Northeast,control,53,0.7796
1688,Mainstream,West,treatment,50,0.8472
1689,Mainstream,Northeast,treatment,76,0.4744
1690,Budget Occasional,West,treatment,74,0.9487
1691,Affluent Frequent,West,treatment,84,1.1152
1692,Budget Occasional,West,treatment,11,1.0709
1693,Digital Native,West,control,73,0.6697
1694,Digital Native,Southwest,treatment,107,0.6165
1695,Mainstream,Southeast,control,95,1.2326
1696,Digital Native,Northeast,treatment,23,0.3168
1697,Mainstream,Southwest,control,46,0.5569
1698,Budget Occasional,Northeast,treatment,102,0.9187
1699,Mainstream,Southeast,treatment,101,1.5368
1700,Budget Occasional,Northeast,control,32,0.4527
1701,Mainstream,Southwest,control,76,0.9084
1702,Mainstream,Midwest,control,22,0.8627
1703,Dormant Reactivation,Southeast,treatment,98,0.4614
1704,Mainstream,Southeast,treatment,77,1.7803
1705,Affluent Frequent,Midwest,treatment,116,1.4414
1706,Dormant Reactivation,West,control,76,0.7302
1707,Mainstream,Northeast,control,35,0.324
1708,Dormant Reactivation,West,control,94,0.8232
1709,Mainstream,Northeast,treatment,17,0.451
1710,Budget Occasional,Southeast,control,15,1.0807
1711,Digital Native,Southwest,treatment,78,0.4984
1712,Affluent Frequent,Northeast,control,21,0.5264
1713,Mainstream,West,treatment,52,0.594
1714,Budget Occasional,Northeast,control,36,1.953
1715,Digital Native,Northeast,treatment,43,1.0064
1716,Affluent Frequent,Midwest,treatment,36,1.0831
1717,Digital Native,Northeast,control,16,1.1216
1718,Budget Occasional,West,treatment,41,1.1969
1719,Affluent Frequent,Northeast,treatment,17,0.3022
1720,Mainstream,Midwest,treatment,66,1.0314
1721,Digital Native,West,control,107,0.8324
1722,Digital Native,West,treatment,10,1.2809
1723,Affluent Frequent,Midwest,treatment,98,0.579
1724,Mainstream,West,treatment,30,0.4477
1725,Mainstream,West,treatment,9,0.9692
1726,Budget Occasional,Northeast,treatment,94,1.2389
1727,Budget Occasional,Northeast,control,12,0.902
1728,Budget Occasional,Southeast,control,52,1.4634
1729,Affluent Frequent,West,treatment,99,1.8968
1730,Digital Native,Midwest,treatment,12,0.3306
1731,Digital Native,Southeast,treatment,42,1.3172
1732,Mainstream,Midwest,treatment,68,0.5741
1733,Mainstream,Northeast,control,3,1.6501
1734,Mainstream,West,control,63,2.2594
1735,Mainstream,Midwest,control,78,0.3833
1736,Digital Native,Midwest,control,73,2.2111
1737,Digital Native,Southwest,control,7,0.3937
1738,Mainstream,Southeast,treatment,62,1.1886
1739,Budget Occasional,Midwest,treatment,84,1.5399
1740,Budget Occasional,West,control,41,3.0666
1741,Affluent Frequent,West,control,71,1.5632
1742,Budget Occasional,Northeast,control,17,1.881
1743,Affluent Frequent,West,treatment,47,1.3304
1744,Dormant Reactivation,Southwest,control,30,1.6594
1745,Mainstream,Southeast,treatment,84,1.1833
1746,Mainstream,Southwest,treatment,8,0.8865
1747,Budget Occasional,West,control,24,1.7001
1748,Budget Occasional,Northeast,control,36,0.3966
1749,Dormant Reactivation,Southeast,control,68,1.7057
1750,Mainstream,Southeast,control,6,0.6511
1751,Dormant Reactivation,Southeast,treatment,55,0.817
1752,Mainstream,West,treatment,26,1.1034
1753,Dormant Reactivation,Southeast,treatment,112,0.4251
1754,Mainstream,West,control,22,1.6347
1755,Mainstream,Northeast,treatment,88,1.7318
1756,Mainstream,West,control,11,0.4261
1757,Mainstream,Northeast,control,31,0.5771
1758,Affluent Frequent,Midwest,control,53,1.0606
1759,Budget Occasional,Midwest,control,78,1.4033
1760,Digital Native,Northeast,control,37,1.9645
1761,Mainstream,West,treatment,40,1.7352
1762,Budget Occasional,West,treatment,13,0.8947
1763,Affluent Frequent,Northeast,control,76,0.2578
1764,Mainstream,Southwest,control,67,1.6446
1765,Budget Occasional,Southeast,control,23,1.0728
1766,Mainstream,Southeast,treatment,58,1.0249
1767,Affluent Frequent,Northeast,control,73,0.4639
1768,Mainstream,Southeast,control,43,0.4298
1769,Dormant Reactivation,Midwest,control,29,0.6302
1770,Mainstream,Southeast,treatment,34,1.1594
1771,Affluent Frequent,Midwest,treatment,19,0.3681
1772,Mainstream,Midwest,control,8,0.7999
1773,Budget Occasional,Northeast,treatment,77,0.2562
1774,Mainstream,Southeast,treatment,78,0.9453
1775,Mainstream,West,treatment,13,1.1567
1776,Affluent Frequent,West,treatment,9,0.9379
1777,Mainstream,Southwest,treatment,63,1.3283
1778,Affluent Frequent,Midwest,treatment,93,1.1521
1779,Affluent Frequent,Northeast,treatment,25,1.9909
1780,Affluent Frequent,Midwest,treatment,9,0.635
1781,Budget Occasional,Northeast,treatment,70,1.0647
1782,Mainstream,Midwest,treatment,68,0.9626
1783,Mainstream,Midwest,treatment,18,1.4302
1784,Budget Occasional,West,control,16,0.4866
1785,Affluent Frequent,Midwest,treatment,30,1.0939
1786,Budget Occasional,Northeast,control,113,1.8843
1787,Affluent Frequent,West,treatment,53,0.9882
1788,Digital Native,West,treatment,24,1.4458
1789,Budget Occasional,Northeast,control,24,0.8408
1790,Mainstream,Northeast,treatment,16,1.1514
1791,Mainstream,Midwest,treatment,44,1.2255
1792,Budget Occasional,Southeast,control,50,0.6881
1793,Mainstream,Midwest,treatment,86,0.621
1794,Budget Occasional,West,treatment,58,0.5029
1795,Budget Occasional,Northeast,treatment,47,0.9025
1796,Budget Occasional,West,treatment,35,1.258
1797,Mainstream,Southeast,treatment,94,0.7953
1798,Budget Occasional,Northeast,treatment,75,1.0665
1799,Mainstream,West,treatment,42,1.4718
1800,Dormant Reactivation,Southeast,control,35,0.5285
1801,Budget Occasional,Northeast,treatment,75,0.826
1802,Digital Native,Northeast,treatment,116,0.8358
1803,Budget Occasional,Northeast,control,116,0.7641
1804,Dormant Reactivation,Southeast,control,119,0.8432
1805,Digital Native,Southwest,control,73,1.4777
1806,Budget Occasional,Northeast,control,72,1.6975
1807,Budget Occasional,West,treatment,36,0.535
1808,Budget Occasional,Southwest,control,92,0.9941
1809,Mainstream,Southeast,treatment,22,1.2826
1810,Affluent Frequent,West,treatment,97,1.1189
1811,Budget Occasional,Midwest,treatment,53,0.8812
1812,Budget Occasional,Southwest,control,54,0.782
1813,Budget Occasional,Northeast,control,61,0.2882
1814,Digital Native,West,control,15,0.6068
1815,Affluent Frequent,Northeast,control,42,0.8833
1816,Digital Native,Southeast,treatment,43,0.7105
1817,Digital Native,West,control,81,1.8872
1818,Affluent Frequent,Southeast,treatment,77,0.6979
1819,Mainstream,West,treatment,83,0.6525
1820,Digital Native,West,control,109,1.1869
1821,Mainstream,Southeast,treatment,55,0.3719
1822,Affluent Frequent,Southeast,treatment,96,0.3942
1823,Mainstream,Northeast,treatment,25,0.7784
1824,Budget Occasional,West,treatment,98,1.2181
1825,Affluent Frequent,Northeast,treatment,35,0.8741
1826,Affluent Frequent,Midwest,treatment,46,0.7407
1827,Mainstream,Midwest,control,55,1.1787
1828,Dormant Reactivation,Northeast,control,89,0.7415
1829,Mainstream,Southeast,treatment,98,0.7825
1830,Mainstream,Southeast,treatment,28,1.5629
1831,Affluent Frequent,Southwest,treatment,30,1.5212
1832,Affluent Frequent,Southeast,control,14,0.5
1833,Affluent Frequent,Midwest,treatment,58,1.6271
1834,Mainstream,West,treatment,59,1.4481
1835,Affluent Frequent,Northeast,control,86,0.5908
1836,Mainstream,Northeast,control,40,0.9281
1837,Affluent Frequent,Southeast,control,106,1.0606
1838,Budget Occasional,Midwest,treatment,70,1.1338
1839,Digital Native,West,treatment,64,0.7869
1840,Affluent Frequent,Southeast,control,90,0.7623
1841,Mainstream,Northeast,treatment,99,0.5389
1842,Digital Native,Midwest,control,76,0.5925
1843,Budget Occasional,Southeast,control,92,1.8015
1844,Mainstream,Northeast,control,82,1.4457
1845,Mainstream,West,treatment,91,0.3705
1846,Mainstream,Midwest,control,72,0.6809
1847,Budget Occasional,West,control,119,0.9539
1848,Digital Native,Northeast,control,53,0.8724
1849,Mainstream,Northeast,treatment,48,0.7081
1850,Mainstream,Northeast,control,8,1.2236
1851,Mainstream,Midwest,control,95,0.6164
1852,Budget Occasional,Northeast,treatment,92,1.0813
1853,Mainstream,Northeast,treatment,12,0.9556
1854,Mainstream,Southeast,treatment,96,1.6307
1855,Mainstream,West,treatment,8,0.6126
1856,Affluent Frequent,Midwest,control,110,0.4839
1857,Dormant Reactivation,Southeast,treatment,99,1.3322
1858,Mainstream,West,treatment,104,0.4648
1859,Mainstream,Midwest,control,54,1.9419
1860,Budget Occasional,Northeast,control,115,0.805
1861,Digital Native,Southeast,treatment,90,1.2902
1862,Budget Occasional,Northeast,treatment,68,1.4275
1863,Budget Occasional,Midwest,treatment,70,3.0463
1864,Dormant Reactivation,West,treatment,17,0.9063
1865,Budget Occasional,West,control,50,0.83
1866,Budget Occasional,Southwest,control,80,1.1546
1867,Mainstream,Northeast,control,22,0.5441
1868,Mainstream,West,control,72,1.2073
1869,Affluent Frequent,Northeast,treatment,101,1.125
1870,Budget Occasional,West,control,105,1.627
1871,Mainstream,Northeast,treatment,72,0.4796
1872,Mainstream,Southeast,control,43,0.8158
1873,Mainstream,West,treatment,26,0.7186
1874,Affluent Frequent,Southeast,treatment,34,0.925
1875,Mainstream,Southeast,treatment,11,0.8076
1876,Mainstream,West,treatment,114,0.5419
1877,Mainstream,Southeast,treatment,97,0.2402
1878,Affluent Frequent,Midwest,treatment,86,1.0138
1879,Digital Native,Southeast,treatment,64,0.5362
1880,Budget Occasional,Southeast,treatment,78,0.2858
1881,Budget Occasional,Midwest,treatment,80,1.5869
1882,Dormant Reactivation,Southwest,treatment,51,2.1873
1883,Affluent Frequent,Midwest,treatment,69,1.586
1884,Affluent Frequent,Midwest,control,38,1.6402
1885,Affluent Frequent,West,control,6,1.672
1886,Budget Occasional,Midwest,control,78,0.8511
1887,Budget Occasional,Southwest,treatment,95,0.9827
1888,Mainstream,Southwest,treatment,25,0.6924
1889,Budget Occasional,Southeast,treatment,117,1.1129
1890,Digital Native,Northeast,control,13,1.0144
1891,Affluent Frequent,Southwest,treatment,90,2.3311
1892,Budget Occasional,Northeast,treatment,115,0.6738
1893,Digital Native,Midwest,treatment,55,0.4459
1894,Budget Occasional,Northeast,control,43,0.5567
1895,Budget Occasional,West,control,101,1.5059
1896,Dormant Reactivation,Northeast,treatment,60,1.7201
1897,Affluent Frequent,Midwest,treatment,108,2.9185
1898,Budget Occasional,Midwest,control,103,1.113
1899,Affluent Frequent,West,treatment,48,0.9473
1900,Mainstream,Midwest,treatment,97,0.2236
1901,Affluent Frequent,Southeast,control,23,0.4592
1902,Budget Occasional,Midwest,control,74,0.8336
1903,Digital Native,West,treatment,10,1.0009
1904,Mainstream,Midwest,treatment,76,2.6086
1905,Mainstream,Southeast,control,47,2.199
1906,Affluent Frequent,Midwest,control,103,0.6001
1907,Dormant Reactivation,Southeast,treatment,56,0.372
1908,Digital Native,Southwest,treatment,44,0.9388
1909,Mainstream,Midwest,control,23,0.3876
1910,Mainstream,West,treatment,67,0.7688
1911,Digital Native,Northeast,control,41,2.1764
1912,Digital Native,Midwest,treatment,10,1.1175
1913,Mainstream,West,treatment,115,0.7244
1914,Mainstream,West,treatment,112,1.0426
1915,Digital Native,West,control,51,0.8004
1916,Dormant Reactivation,West,treatment,9,1.3514
1917,Mainstream,West,treatment,15,0.9177
1918,Affluent Frequent,West,control,107,0.6368
1919,Mainstream,West,treatment,38,0.4958
1920,Digital Native,Southeast,control,77,0.7337
1921,Budget Occasional,Southeast,control,10,0.8359
1922,Dormant Reactivation,Northeast,control,46,0.6624
1923,Digital Native,Southeast,treatment,71,0.4024
1924,Mainstream,Northeast,control,88,0.4111
1925,Digital Native,Southeast,control,119,0.2702
1926,Budget Occasional,Southeast,control,84,1.7019
1927,Budget Occasional,Northeast,control,74,0.7354
1928,Budget Occasional,Midwest,control,43,1.1848
1929,Mainstream,Southwest,control,48,0.7903
1930,Digital Native,Southeast,control,118,0.5307
1931,Mainstream,West,control,35,1.0025
1932,Digital Native,Midwest,treatment,94,0.8296
1933,Digital Native,Southeast,treatment,55,1.1848
1934,Budget Occasional,Southwest,treatment,78,0.7105
1935,Budget Occasional,Northeast,treatment,91,1.1817
1936,Dormant Reactivation,Midwest,treatment,92,1.6875
1937,Budget Occasional,Northeast,control,61,0.7983
1938,Affluent Frequent,Midwest,treatment,115,0.582
1939,Affluent Frequent,Northeast,treatment,101,0.7778
1940,Dormant Reactivation,Southeast,treatment,101,1.3665
1941,Mainstream,Southwest,control,100,1.3376
1942,Mainstream,Southeast,treatment,65,0.553
1943,Dormant Reactivation,Southeast,treatment,16,0.5824
1944,Digital Native,Midwest,control,79,0.8545
1945,Mainstream,Northeast,treatment,26,0.8945
1946,Budget Occasional,West,control,77,0.7506
1947,Budget Occasional,Southeast,control,26,0.9879
1948,Mainstream,West,control,11,1.5201
1949,Affluent Frequent,Southeast,treatment,117,1.4718
1950,Digital Native,West,treatment,66,0.4555
1951,Budget Occasional,Northeast,control,56,0.3886
1952,Budget Occasional,West,treatment,80,1.3901
1953,Budget Occasional,Midwest,treatment,70,0.7486
1954,Budget Occasional,West,treatment,44,1.2957
1955,Digital Native,Northeast,control,86,1.4064
1956,Digital Native,West,treatment,70,0.8245
1957,Budget Occasional,Southeast,treatment,85,0.8945
1958,Mainstream,Southwest,treatment,79,0.2523
1959,Budget Occasional,Midwest,treatment,75,0.7893
1960,Affluent Frequent,Southeast,treatment,88,1.9394
1961,Digital Native,Midwest,treatment,105,0.606
1962,Mainstream,Southwest,treatment,107,1.4799
1963,Affluent Frequent,Northeast,control,97,0.6774
1964,Mainstream,Northeast,treatment,100,1.2516
1965,Mainstream,Southwest,treatment,120,1.1141
1966,Budget Occasional,Northeast,control,92,0.4739
1967,Digital Native,Northeast,treatment,35,0.9426
1968,Dormant Reactivation,Southwest,treatment,83,1.0575
1969,Affluent Frequent,Southeast,treatment,39,0.6314
1970,Mainstream,Northeast,treatment,52,0.6543
1971,Dormant Reactivation,Northeast,control,102,0.9944
1972,Mainstream,Southwest,treatment,22,0.5065
1973,Mainstream,Northeast,control,7,1.4942
1974,Mainstream,Northeast,control,25,0.9012
1975,Budget Occasional,Northeast,control,60,1.4119
1976,Digital Native,West,control,23,0.7426
1977,Digital Native,Midwest,control,20,1.2847
1978,Budget Occasional,Southwest,control,23,1.7003
1979,Mainstream,Southeast,control,44,0.5486
1980,Affluent Frequent,West,treatment,21,0.6484
1981,Digital Native,Southwest,treatment,95,1.2089
1982,Affluent Frequent,Northeast,control,27,0.6758
1983,Affluent Frequent,Northeast,treatment,76,0.3062
1984,Mainstream,Southwest,control,117,0.6174
1985,Budget Occasional,Midwest,treatment,49,0.7985
1986,Dormant Reactivation,Northeast,control,54,2.3274
1987,Dormant Reactivation,West,control,111,0.6878
1988,Affluent Frequent,West,control,105,0.2917
1989,Budget Occasional,Southeast,treatment,93,0.8296
1990,Budget Occasional,Southwest,treatment,62,1.0793
1991,Budget Occasional,Midwest,treatment,100,1.9643
1992,Affluent Frequent,West,control,52,1.4656
1993,Mainstream,Southeast,treatment,99,0.4803
1994,Digital Native,Midwest,control,17,1.4132
1995,Budget Occasional,Midwest,control,96,0.7769
1996,Mainstream,Southeast,control,42,1.2547
1997,Budget Occasional,Midwest,treatment,66,1.0604
1998,Digital Native,Midwest,control,94,0.5467
1999,Mainstream,Midwest,treatment,95,1.4003
2000,Digital Native,Southwest,treatment,116,1.5301
2001,Digital Native,Southwest,treatment,57,1.4941
2002,Mainstream,West,treatment,119,0.7562
2003,Digital Native,Midwest,control,59,2.8454
2004,Digital Native,West,treatment,116,2.4059
2005,Digital Native,West,control,36,2.0615
2006,Affluent Frequent,West,control,103,0.4441
2007,Mainstream,Northeast,treatment,110,2.1791
2008,Budget Occasional,Southeast,control,7,0.8508
2009,Mainstream,Midwest,treatment,66,0.981
2010,Mainstream,Southwest,control,44,0.6903
2011,Affluent Frequent,West,control,50,1.0523
2012,Budget Occasional,West,treatment,69,0.2986
2013,Affluent Frequent,Southeast,control,61,0.6183
2014,Budget Occasional,Southwest,treatment,51,0.5433
2015,Dormant Reactivation,West,control,120,0.719
2016,Digital Native,Northeast,treatment,71,1.5603
2017,Digital Native,Southeast,treatment,49,0.8394
2018,Dormant Reactivation,West,control,114,0.6641
2019,Affluent Frequent,Midwest,control,65,1.9413
2020,Budget Occasional,West,control,120,1.3937
2021,Affluent Frequent,Southeast,treatment,45,1.1745
2022,Affluent Frequent,Southeast,treatment,32,1.2955
2023,Budget Occasional,Midwest,treatment,85,0.7626
2024,Digital Native,Southwest,control,11,0.9758
2025,Affluent Frequent,Midwest,treatment,3,1.0596
2026,Mainstream,West,treatment,45,0.4498
2027,Dormant Reactivation,Northeast,control,110,1.1667
2028,Dormant Reactivation,Southeast,treatment,35,0.4853
2029,Digital Native,West,treatment,27,0.5371
2030,Mainstream,Southeast,control,101,3.2833
2031,Mainstream,Northeast,control,70,0.9287
2032,Mainstream,West,control,8,0.7909
2033,Mainstream,Southeast,control,75,0.5086
2034,Mainstream,Northeast,control,74,0.9148
2035,Digital Native,Southeast,treatment,116,0.7598
2036,Digital Native,Southeast,control,87,1.4031
2037,Budget Occasional,Northeast,treatment,95,0.2656
2038,Digital Native,West,treatment,86,1.0239
2039,Affluent Frequent,West,treatment,24,1.2012
2040,Budget Occasional,Midwest,control,113,0.2426
2041,Budget Occasional,Midwest,treatment,113,0.3855
2042,Budget Occasional,Midwest,treatment,30,1.9637
2043,Mainstream,Midwest,control,6,0.3761
2044,Mainstream,Southwest,treatment,14,0.5522
2045,Digital Native,West,control,92,1.927
2046,Budget Occasional,West,treatment,58,1.0252
2047,Budget Occasional,Northeast,control,52,2.2606
2048,Dormant Reactivation,Southwest,treatment,98,0.4957
2049,Mainstream,Southeast,control,32,0.9866
2050,Digital Native,Southeast,control,5,0.6283
2051,Digital Native,Southeast,control,32,1.2432
2052,Mainstream,Southeast,treatment,99,1.875
2053,Mainstream,Northeast,treatment,56,0.6295
2054,Mainstream,West,control,63,0.9367
2055,Mainstream,West,control,87,0.8094
2056,Dormant Reactivation,Northeast,treatment,37,1.0433
2057,Budget Occasional,West,control,55,0.5329
2058,Digital Native,Northeast,control,105,1.2278
2059,Mainstream,Northeast,treatment,109,1.3608
2060,Digital Native,Midwest,treatment,48,1.5705
2061,Dormant Reactivation,Southwest,control,28,0.9636
2062,Affluent Frequent,Northeast,treatment,29,1.4141
2063,Digital Native,West,control,24,0.7179
2064,Dormant Reactivation,Northeast,treatment,77,0.8162
2065,Digital Native,West,treatment,5,0.8507
2066,Budget Occasional,West,treatment,28,0.4185
2067,Budget Occasional,West,control,28,1.3189
2068,Mainstream,Midwest,treatment,39,0.8472
2069,Affluent Frequent,West,treatment,88,1.5494
2070,Affluent Frequent,Southeast,treatment,98,0.861
2071,Budget Occasional,Southeast,treatment,59,1.723
2072,Dormant Reactivation,West,control,91,0.8448
2073,Mainstream,Midwest,treatment,110,1.9477
2074,Digital Native,Midwest,treatment,72,1.3332
2075,Budget Occasional,Southeast,control,110,1.3964
2076,Mainstream,West,treatment,99,0.9421
2077,Digital Native,West,control,95,0.4343
2078,Digital Native,Northeast,control,49,0.8868
2079,Mainstream,West,treatment,11,0.7433
2080,Mainstream,Southwest,control,77,0.8338
2081,Digital Native,Southeast,control,16,1.0666
2082,Affluent Frequent,Southwest,treatment,59,1.2299
2083,Budget Occasional,Southwest,treatment,45,0.7389
2084,Mainstream,Southwest,treatment,101,1.2669
2085,Affluent Frequent,Midwest,control,120,1.5927
2086,Budget Occasional,Southeast,treatment,77,0.6404
2087,Budget Occasional,Northeast,control,104,2.0783
2088,Digital Native,Midwest,treatment,110,1.2319
2089,Digital Native,Southeast,treatment,42,0.8061
2090,Digital Native,Midwest,treatment,98,0.6883
2091,Digital Native,Southeast,treatment,79,1.5921
2092,Budget Occasional,Northeast,control,54,1.5414
2093,Digital Native,Midwest,treatment,102,0.777
2094,Mainstream,Southeast,control,67,0.9338
2095,Digital Native,Southeast,control,91,1.2459
2096,Mainstream,West,treatment,116,0.8938
2097,Digital Native,Midwest,control,36,1.0097
2098,Budget Occasional,Northeast,treatment,63,0.9086
2099,Mainstream,Southeast,treatment,9,0.7532
2100,Budget Occasional,Southwest,treatment,99,1.0515
2101,Budget Occasional,Southeast,treatment,51,0.2997
2102,Digital Native,West,control,87,1.5142
2103,Mainstream,Midwest,treatment,7,2.1828
2104,Dormant Reactivation,Midwest,treatment,10,0.539
2105,Mainstream,Southwest,control,87,0.8644
2106,Mainstream,Southeast,control,98,1.7617
2107,Dormant Reactivation,Southeast,treatment,94,0.3018
2108,Dormant Reactivation,Southeast,control,87,1.4355
2109,Affluent Frequent,Southwest,treatment,30,0.3499
2110,Digital Native,Northeast,treatment,55,2.4902
2111,Dormant Reactivation,Northeast,control,76,0.8628
2112,Budget Occasional,Southwest,treatment,66,0.5881
2113,Budget Occasional,Southeast,control,8,2.0328
2114,Mainstream,Northeast,treatment,27,2.0206
2115,Affluent Frequent,Northeast,control,49,0.6519
2116,Affluent Frequent,Southwest,control,56,1.2726
2117,Affluent Frequent,Midwest,treatment,9,0.7633
2118,Budget Occasional,Northeast,control,95,1.3425
2119,Dormant Reactivation,Southeast,treatment,102,0.4926
2120,Mainstream,West,treatment,46,1.2937
2121,Dormant Reactivation,Northeast,treatment,91,0.3802
2122,Affluent Frequent,West,treatment,91,0.7616
2123,Mainstream,Southeast,treatment,116,0.9721
2124,Mainstream,Northeast,control,110,0.6506
2125,Affluent Frequent,Southeast,treatment,107,0.5879
2126,Digital Native,Southwest,control,71,1.1817
2127,Affluent Frequent,Southeast,control,109,1.6561
2128,Dormant Reactivation,Southeast,control,53,0.3718
2129,Mainstream,Northeast,control,35,0.9516
2130,Mainstream,Southeast,control,39,0.9808
2131,Affluent Frequent,Southeast,treatment,62,0.4815
2132,Mainstream,Northeast,treatment,46,1.2476
2133,Mainstream,Southeast,treatment,87,1.594
2134,Mainstream,Midwest,treatment,81,1.2384
2135,Mainstream,Southeast,control,32,1.2481
2136,Affluent Frequent,Northeast,treatment,114,1.996
2137,Mainstream,Southeast,control,23,1.1442
2138,Budget Occasional,Southeast,control,80,1.5687
2139,Budget Occasional,West,control,86,0.9169
2140,Budget Occasional,West,control,73,1.1905
2141,Budget Occasional,Midwest,treatment,84,1.346
2142,Mainstream,Midwest,treatment,30,1.0849
2143,Mainstream,West,treatment,12,0.5391
2144,Affluent Frequent,Southwest,treatment,94,2.0497
2145,Budget Occasional,Southeast,control,78,0.6071
2146,Budget Occasional,Midwest,control,92,2.3985
2147,Dormant Reactivation,West,treatment,64,1.1761
2148,Mainstream,West,control,108,1.6126
2149,Affluent Frequent,West,treatment,93,0.6954
2150,Budget Occasional,West,control,84,0.9935
2151,Digital Native,West,control,20,0.6309
2152,Mainstream,West,treatment,111,0.2418
2153,Mainstream,Southwest,control,77,0.5435
2154,Affluent Frequent,Northeast,treatment,102,1.8458
2155,Digital Native,Midwest,treatment,76,0.5676
2156,Mainstream,West,treatment,93,0.5793
2157,Budget Occasional,Midwest,control,64,0.2707
2158,Dormant Reactivation,Midwest,control,60,1.7558
2159,Affluent Frequent,West,control,86,0.7793
2160,Dormant Reactivation,West,control,60,0.4584
2161,Budget Occasional,West,treatment,115,0.6664
2162,Mainstream,Southwest,treatment,107,1.3754
2163,Budget Occasional,Northeast,treatment,45,1.6985
2164,Mainstream,West,control,95,0.7088
2165,Digital Native,Southwest,control,117,0.9947
2166,Affluent Frequent,Southeast,control,95,0.8887
2167,Dormant Reactivation,Northeast,treatment,32,1.649
2168,Affluent Frequent,West,treatment,40,0.4719
2169,Affluent Frequent,Northeast,control,85,0.3794
2170,Affluent Frequent,Northeast,treatment,116,0.8431
2171,Dormant Reactivation,Midwest,control,66,2.4674
2172,Dormant Reactivation,Midwest,control,20,0.4345
2173,Mainstream,Southeast,control,66,0.887
2174,Dormant Reactivation,Southwest,treatment,28,0.8399
2175,Digital Native,Southeast,treatment,102,0.7498
2176,Affluent Frequent,Southeast,treatment,11,1.1945
2177,Affluent Frequent,Midwest,treatment,51,1.1268
2178,Mainstream,Southeast,control,100,0.718
2179,Budget Occasional,Midwest,control,26,0.403
2180,Budget Occasional,West,control,34,0.5308
2181,Dormant Reactivation,Midwest,treatment,7,0.6915
2182,Affluent Frequent,Midwest,treatment,50,0.9192
2183,Digital Native,West,control,70,1.5168
2184,Budget Occasional,Southeast,treatment,88,1.4846
2185,Dormant Reactivation,Midwest,treatment,96,0.5572
2186,Mainstream,Southwest,treatment,93,0.6456
2187,Budget Occasional,Southeast,treatment,49,1.2664
2188,Mainstream,Southeast,treatment,104,0.6907
2189,Affluent Frequent,West,treatment,41,0.9068
2190,Budget Occasional,Northeast,treatment,115,1.0842
2191,Digital Native,Northeast,control,100,0.7272
2192,Budget Occasional,Midwest,control,18,0.8866
2193,Budget Occasional,West,treatment,67,1.9085
2194,Budget Occasional,West,control,36,0.3145
2195,Mainstream,Northeast,treatment,4,1.0446
2196,Budget Occasional,West,treatment,76,0.5715
2197,Digital Native,Northeast,treatment,84,1.5585
2198,Dormant Reactivation,Northeast,control,7,0.2155
2199,Dormant Reactivation,West,control,29,2.7636
2200,Budget Occasional,Northeast,treatment,105,0.5496
2201,Budget Occasional,West,treatment,95,1.7903
2202,Dormant Reactivation,Midwest,treatment,90,0.4836
2203,Mainstream,Southwest,treatment,63,1.4848
2204,Budget Occasional,Southeast,treatment,27,1.2688
2205,Dormant Reactivation,Northeast,control,81,1.5121
2206,Dormant Reactivation,Northeast,control,98,0.6159
2207,Mainstream,West,treatment,91,1.0369
2208,Digital Native,Northeast,treatment,8,0.5437
2209,Mainstream,Midwest,treatment,67,1.1025
2210,Digital Native,West,treatment,62,1.8053
2211,Mainstream,Midwest,control,49,1.2447
2212,Budget Occasional,Northeast,control,64,1.2205
2213,Budget Occasional,Southeast,treatment,13,1.0276
2214,Budget Occasional,Midwest,control,52,1.6595
2215,Mainstream,Southeast,treatment,38,0.6592
2216,Dormant Reactivation,Southeast,control,74,0.8323
2217,Budget Occasional,West,control,34,0.647
2218,Mainstream,Southeast,control,50,1.3871
2219,Digital Native,West,control,38,0.9581
2220,Digital Native,Northeast,treatment,30,2.45
2221,Mainstream,Southwest,control,81,1.382
2222,Mainstream,Midwest,control,85,0.6576
2223,Digital Native,Northeast,treatment,17,1.5333
2224,Budget Occasional,Southeast,treatment,91,0.98
2225,Budget Occasional,Southwest,treatment,38,1.3231
2226,Affluent Frequent,Northeast,treatment,112,0.7031
2227,Mainstream,Northeast,treatment,77,0.9663
2228,Dormant Reactivation,Midwest,treatment,25,0.2342
2229,Affluent Frequent,West,control,60,1.508
2230,Budget Occasional,Southwest,control,84,0.3915
2231,Budget Occasional,West,treatment,95,1.19
2232,Budget Occasional,Southwest,treatment,99,0.9836
2233,Dormant Reactivation,West,treatment,40,0.3227
2234,Dormant Reactivation,West,treatment,89,0.5069
2235,Budget Occasional,Southeast,treatment,100,0.9884
2236,Affluent Frequent,Southeast,treatment,23,1.3396
2237,Dormant Reactivation,Northeast,treatment,72,1.0614
2238,Mainstream,Midwest,control,76,0.7667
2239,Budget Occasional,West,control,103,0.4222
2240,Budget Occasional,Southeast,control,55,0.858
2241,Mainstream,Southeast,treatment,37,1.112
2242,Budget Occasional,Midwest,treatment,39,0.6168
2243,Mainstream,West,control,78,1.1781
2244,Affluent Frequent,Midwest,control,59,0.8001
2245,Budget Occasional,Northeast,control,111,0.6701
2246,Budget Occasional,Northeast,control,68,1.0332
2247,Mainstream,Southeast,treatment,57,0.3265
2248,Mainstream,Southwest,treatment,50,0.8238
2249,Budget Occasional,Southwest,control,76,1.0509
2250,Budget Occasional,West,treatment,100,1.3657
2251,Budget Occasional,Midwest,treatment,12,1.7639
2252,Digital Native,Southwest,treatment,74,1.5614
2253,Digital Native,Northeast,treatment,66,0.9032
2254,Budget Occasional,Southeast,control,27,1.2964
2255,Affluent Frequent,Midwest,control,116,0.8469
2256,Budget Occasional,Midwest,treatment,74,1.1346
2257,Affluent Frequent,West,treatment,14,1.5912
2258,Mainstream,Southwest,control,100,2.2982
2259,Digital Native,Midwest,treatment,60,1.5847
2260,Dormant Reactivation,Northeast,control,7,1.0658
2261,Affluent Frequent,Southeast,treatment,11,0.5912
2262,Affluent Frequent,Midwest,treatment,100,0.7694
2263,Dormant Reactivation,Southeast,treatment,114,0.6842
2264,Mainstream,Southeast,control,97,1.4859
2265,Mainstream,Southwest,control,82,2.0721
2266,Mainstream,Southwest,control,41,1.2926
2267,Dormant Reactivation,West,treatment,114,0.6865
2268,Digital Native,Southeast,control,21,0.693
2269,Digital Native,Southwest,control,25,0.1774
2270,Affluent Frequent,Southeast,control,9,1.4209
2271,Mainstream,Southeast,treatment,91,1.4911
2272,Mainstream,Northeast,treatment,63,1.3602
2273,Budget Occasional,Midwest,treatment,83,1.1205
2274,Mainstream,West,control,40,1.5842
2275,Budget Occasional,West,control,63,1.2748
2276,Affluent Frequent,Southwest,treatment,46,2.0204
2277,Mainstream,Southwest,control,70,1.8526
2278,Digital Native,Southeast,treatment,82,1.2032
2279,Digital Native,Northeast,control,65,0.8809
2280,Mainstream,Midwest,control,93,0.9756
2281,Mainstream,Northeast,control,120,1.4033
2282,Affluent Frequent,Southwest,treatment,43,1.3992
2283,Affluent Frequent,West,control,112,0.8615
2284,Affluent Frequent,Northeast,treatment,70,1.5938
2285,Budget Occasional,Midwest,treatment,99,1.5427
2286,Dormant Reactivation,West,control,68,0.4389
2287,Mainstream,Northeast,control,110,1.0899
2288,Digital Native,Southeast,treatment,111,0.7511
2289,Budget Occasional,Southwest,control,85,0.4975
2290,Digital Native,Northeast,control,9,1.2054
2291,Mainstream,West,control,11,1.9777
2292,Dormant Reactivation,Southwest,treatment,76,1.1405
2293,Mainstream,Midwest,control,58,1.2235
2294,Mainstream,West,treatment,99,0.6959
2295,Budget Occasional,Northeast,control,77,0.3821
2296,Budget Occasional,Northeast,treatment,77,1.3842
2297,Mainstream,Northeast,control,59,1.3856
2298,Mainstream,Midwest,control,28,0.9301
2299,Digital Native,West,treatment,103,0.7826
2300,Mainstream,Southeast,control,64,0.767
2301,Mainstream,Northeast,treatment,24,0.9571
2302,Mainstream,West,control,56,0.7439
2303,Budget Occasional,Southwest,treatment,57,1.032
2304,Mainstream,West,control,43,1.111
2305,Dormant Reactivation,Southwest,control,105,1.1946
2306,Dormant Reactivation,Northeast,treatment,63,1.4536
2307,Dormant Reactivation,Southeast,control,25,0.2036
2308,Affluent Frequent,Northeast,treatment,94,1.0486
2309,Affluent Frequent,West,control,69,1.1098
2310,Affluent Frequent,Southeast,treatment,75,2.3678
2311,Mainstream,Midwest,control,67,0.3638
2312,Mainstream,Southeast,control,17,0.525
2313,Mainstream,Northeast,treatment,50,1.2902
2314,Mainstream,Southeast,treatment,3,2.3411
2315,Affluent Frequent,Midwest,control,64,1.071
2316,Budget Occasional,West,treatment,116,0.5139
2317,Mainstream,Midwest,control,37,1.5602
2318,Digital Native,Midwest,treatment,39,0.885
2319,Dormant Reactivation,Southeast,control,53,1.4145
2320,Dormant Reactivation,Midwest,control,80,0.4855
2321,Dormant Reactivation,Northeast,treatment,98,1.1762
2322,Mainstream,Southeast,treatment,45,0.6941
2323,Budget Occasional,Southeast,control,16,1.1591
2324,Mainstream,Southwest,treatment,46,0.9505
2325,Affluent Frequent,Southeast,treatment,54,0.7415
2326,Budget Occasional,Southwest,treatment,78,0.3597
2327,Digital Native,Midwest,control,81,0.6106
2328,Mainstream,Southeast,control,47,0.3622
2329,Digital Native,Northeast,control,52,0.4746
2330,Mainstream,Southeast,control,29,1.0625
2331,Budget Occasional,Northeast,control,87,0.5727
2332,Budget Occasional,Southeast,treatment,101,0.5247
2333,Dormant Reactivation,West,treatment,97,0.3685
2334,Budget Occasional,Southeast,control,63,1.3672
2335,Affluent Frequent,Southwest,control,32,0.3623
2336,Mainstream,Midwest,control,38,1.6998
2337,Mainstream,Midwest,control,116,1.5221
2338,Mainstream,Northeast,control,106,1.5368
2339,Mainstream,Southeast,control,51,1.0044
2340,Digital Native,Southwest,control,102,1.3226
2341,Mainstream,West,treatment,99,0.5865
2342,Mainstream,Southeast,control,10,0.4837
2343,Digital Native,Midwest,control,81,2.0098
2344,Budget Occasional,West,control,27,0.7223
2345,Affluent Frequent,West,treatment,33,1.0517
2346,Affluent Frequent,Southeast,control,70,0.927
2347,Digital Native,Southwest,control,42,0.613
2348,Affluent Frequent,Southeast,control,79,0.4416
2349,Budget Occasional,West,treatment,10,1.0013
2350,Budget Occasional,Southeast,treatment,34,1.0379
2351,Mainstream,Southeast,treatment,98,1.2927
2352,Budget Occasional,Northeast,control,44,1.1962
2353,Digital Native,Northeast,control,78,1.2873
2354,Affluent Frequent,Midwest,control,97,1.5789
2355,Budget Occasional,Southeast,control,102,0.2274
2356,Mainstream,Midwest,treatment,41,0.4531
2357,Digital Native,Midwest,treatment,82,0.3736
2358,Budget Occasional,Southeast,treatment,36,0.9742
2359,Mainstream,West,treatment,35,0.7945
2360,Affluent Frequent,West,treatment,113,1.966
2361,Digital Native,West,treatment,83,0.6397
2362,Digital Native,Northeast,control,112,0.3036
2363,Budget Occasional,Northeast,control,62,1.2314
2364,Affluent Frequent,Northeast,treatment,25,1.036
2365,Budget Occasional,Midwest,treatment,117,0.3976
2366,Budget Occasional,Southeast,treatment,91,1.0338
2367,Digital Native,Southeast,treatment,18,2.3234
2368,Digital Native,West,control,92,0.9349
2369,Budget Occasional,Southeast,control,116,0.6682
2370,Budget Occasional,Northeast,control,28,0.1678
2371,Dormant Reactivation,Northeast,control,92,1.1149
2372,Budget Occasional,Northeast,control,77,1.7383
2373,Affluent Frequent,Midwest,control,102,1.6458
2374,Affluent Frequent,Southwest,treatment,20,1.485
2375,Mainstream,Midwest,control,57,0.9217
2376,Budget Occasional,Southeast,control,79,0.4007
2377,Digital Native,Midwest,control,18,1.0298
2378,Mainstream,Northeast,control,96,0.5824
2379,Affluent Frequent,West,control,13,0.6162
2380,Budget Occasional,West,control,69,0.3335
2381,Dormant Reactivation,West,control,97,1.7955
2382,Affluent Frequent,Northeast,control,8,0.7092
2383,Mainstream,Midwest,treatment,60,0.8657
2384,Dormant Reactivation,Southwest,control,117,0.5048
2385,Digital Native,Southwest,control,9,1.4696
2386,Budget Occasional,Midwest,control,82,0.518
2387,Mainstream,Midwest,control,18,1.6416
2388,Budget Occasional,Northeast,treatment,15,0.5905
2389,Mainstream,Southwest,control,17,1.1119
2390,Dormant Reactivation,Southeast,control,89,0.6324
2391,Digital Native,Southwest,treatment,90,2.5024
2392,Mainstream,Southwest,treatment,47,0.611
2393,Budget Occasional,Northeast,control,58,1.0585
2394,Digital Native,West,treatment,55,2.3493
2395,Budget Occasional,West,treatment,79,0.8179
2396,Mainstream,West,treatment,37,1.3646
2397,Dormant Reactivation,Midwest,treatment,36,1.4743
2398,Dormant Reactivation,West,treatment,105,1.3199
2399,Mainstream,Southwest,treatment,51,0.653
2400,Budget Occasional,West,control,12,1.2032
2401,Mainstream,Southwest,treatment,19,0.9598
2402,Affluent Frequent,Southeast,control,82,0.7415
2403,Digital Native,Southeast,control,6,0.8754
2404,Affluent Frequent,Southeast,control,91,1.2764
2405,Budget Occasional,Midwest,control,44,0.5707
2406,Dormant Reactivation,Northeast,treatment,18,0.8724
2407,Mainstream,Southeast,treatment,102,1.1164
2408,Budget Occasional,Midwest,treatment,39,1.1721
2409,Dormant Reactivation,Southwest,treatment,22,1.324
2410,Budget Occasional,West,treatment,110,0.9147
2411,Budget Occasional,Midwest,treatment,57,0.6665
2412,Affluent Frequent,Southeast,control,25,0.9151
2413,Budget Occasional,Northeast,control,14,0.8196
2414,Budget Occasional,Northeast,control,87,2.0842
2415,Budget Occasional,Southeast,treatment,19,0.783
2416,Budget Occasional,Midwest,control,95,0.3791
2417,Affluent Frequent,West,treatment,28,1.0668
2418,Digital Native,Southwest,treatment,47,2.0446
2419,Digital Native,Southwest,treatment,77,1.5763
2420,Digital Native,Midwest,treatment,102,1.5623
2421,Dormant Reactivation,Southeast,treatment,35,2.8767
2422,Dormant Reactivation,West,control,23,1.0069
2423,Budget Occasional,West,control,41,1.0731
2424,Mainstream,Northeast,treatment,63,0.2225
2425,Budget Occasional,Midwest,treatment,67,1.5047
2426,Affluent Frequent,Northeast,control,120,2.7964
2427,Affluent Frequent,West,control,47,1.3724
2428,Affluent Frequent,Southwest,treatment,37,1.6912
2429,Budget Occasional,Southeast,control,108,0.7265
2430,Affluent Frequent,Northeast,treatment,56,0.6714
2431,Budget Occasional,Southwest,treatment,15,0.8193
2432,Budget Occasional,Northeast,treatment,64,0.839
2433,Affluent Frequent,Southeast,control,97,1.0972
2434,Mainstream,Midwest,treatment,38,0.4352
2435,Mainstream,Southeast,control,50,0.5417
2436,Dormant Reactivation,Southeast,treatment,72,1.0725
2437,Budget Occasional,Northeast,control,88,0.7868
2438,Digital Native,Northeast,treatment,80,0.8508
2439,Affluent Frequent,Southeast,control,9,2.7949
2440,Mainstream,Northeast,control,33,1.1519
2441,Mainstream,West,control,42,0.694
2442,Mainstream,Southeast,treatment,30,1.6019
2443,Budget Occasional,Southeast,control,91,0.6805
2444,Mainstream,Northeast,treatment,37,0.8113
2445,Budget Occasional,Southeast,control,3,1.1524
2446,Budget Occasional,Southeast,treatment,96,0.7993
2447,Dormant Reactivation,Southwest,control,105,1.4439
2448,Budget Occasional,Southeast,treatment,16,0.7594
2449,Budget Occasional,Southeast,control,20,0.7163
2450,Mainstream,Southwest,control,77,0.6048
2451,Mainstream,Northeast,control,100,0.7672
2452,Digital Native,West,control,43,0.7911
2453,Mainstream,Southeast,control,61,1.4765
2454,Budget Occasional,Southeast,treatment,107,0.3047
2455,Digital Native,Southwest,control,69,0.8468
2456,Mainstream,Midwest,treatment,59,0.5088
2457,Mainstream,Midwest,treatment,46,0.7412
2458,Budget Occasional,Midwest,treatment,77,0.2987
2459,Mainstream,West,treatment,19,1.6324
2460,Dormant Reactivation,West,control,70,0.8048
2461,Affluent Frequent,West,treatment,90,0.8666
2462,Affluent Frequent,Southeast,treatment,103,0.7457
2463,Budget Occasional,Southeast,control,120,0.4296
2464,Affluent Frequent,Midwest,treatment,97,0.9698
2465,Affluent Frequent,Midwest,treatment,18,0.7611
2466,Budget Occasional,Southeast,treatment,75,1.4867
2467,Affluent Frequent,Northeast,control,92,1.4944
2468,Mainstream,Southeast,control,65,0.7231
2469,Dormant Reactivation,Southeast,treatment,51,1.3375
2470,Budget Occasional,Midwest,treatment,33,1.2761
2471,Digital Native,Midwest,control,34,0.3682
2472,Budget Occasional,Northeast,treatment,5,1.722
2473,Budget Occasional,Northeast,control,106,0.8944
2474,Budget Occasional,Northeast,treatment,44,1.4236
2475,Budget Occasional,Southwest,control,66,1.7932
2476,Affluent Frequent,Southwest,control,102,0.4154
2477,Mainstream,Southeast,treatment,43,0.3614
2478,Budget Occasional,Southeast,control,13,1.4642
2479,Dormant Reactivation,Northeast,control,72,1.561
2480,Mainstream,Midwest,treatment,14,2.3944
2481,Mainstream,Southeast,treatment,113,1.0067
2482,Budget Occasional,Southwest,control,32,0.8518
2483,Affluent Frequent,West,control,104,0.6219
2484,Affluent Frequent,West,treatment,3,1.0711
2485,Digital Native,Southwest,treatment,62,1.8813
2486,Affluent Frequent,Southeast,control,70,1.0373
2487,Mainstream,Northeast,treatment,7,0.7959
2488,Mainstream,West,treatment,36,1.2226
2489,Budget Occasional,Southwest,control,76,0.5056
2490,Digital Native,Midwest,treatment,65,1.7586
2491,Dormant Reactivation,Southeast,treatment,107,0.7821
2492,Digital Native,Northeast,treatment,47,0.7048
2493,Dormant Reactivation,West,control,6,1.3819
2494,Mainstream,Northeast,treatment,13,0.5025
2495,Budget Occasional,Southeast,control,20,2.677
2496,Mainstream,Northeast,treatment,57,1.4663
2497,Dormant Reactivation,Southwest,control,45,0.5366
2498,Affluent Frequent,Midwest,control,46,0.2268
2499,Affluent Frequent,Southwest,treatment,32,1.1944
2500,Mainstream,Northeast,treatment,85,1.0694
2501,Digital Native,Southeast,control,120,1.4444
2502,Affluent Frequent,Southeast,control,28,1.6248
2503,Digital Native,Southeast,control,54,0.8327
2504,Affluent Frequent,Northeast,control,22,0.3391
2505,Mainstream,Southwest,treatment,19,0.4603
2506,Budget Occasional,Northeast,treatment,105,0.3943
2507,Mainstream,Southeast,treatment,6,1.2059
2508,Mainstream,West,treatment,69,0.3689
2509,Digital Native,Southeast,control,29,0.5314
2510,Dormant Reactivation,Northeast,treatment,45,1.438
2511,Mainstream,Southwest,treatment,117,1.5573
2512,Mainstream,Northeast,control,80,1.8397
2513,Affluent Frequent,Midwest,treatment,6,1.0155
2514,Budget Occasional,West,control,90,1.377
2515,Affluent Frequent,West,control,12,1.448
2516,Affluent Frequent,Midwest,treatment,48,0.8164
2517,Budget Occasional,Midwest,control,47,0.6236
2518,Digital Native,Northeast,treatment,109,1.2594
2519,Mainstream,Southwest,control,59,1.2003
2520,Dormant Reactivation,Southeast,control,57,0.9911
2521,Mainstream,Southeast,control,101,3.2191
2522,Mainstream,Southeast,treatment,98,0.9559
2523,Digital Native,Southeast,treatment,5,2.0224
2524,Budget Occasional,Southeast,treatment,63,1.0082
2525,Budget Occasional,Southwest,control,109,0.6137
2526,Mainstream,Southwest,treatment,5,0.7328
2527,Digital Native,Northeast,control,97,0.6396
2528,Mainstream,Southwest,treatment,75,0.6317
2529,Budget Occasional,Southeast,control,6,0.9183
2530,Dormant Reactivation,Southwest,control,3,0.918
2531,Mainstream,West,control,4,1.7401
2532,Dormant Reactivation,Southeast,treatment,41,0.7114
2533,Dormant Reactivation,Southeast,control,98,1.1565
2534,Affluent Frequent,Northeast,treatment,27,1.7226
2535,Affluent Frequent,Southeast,control,17,1.1201
2536,Budget Occasional,Southwest,control,23,1.5938
2537,Mainstream,Northeast,control,96,0.9709
2538,Affluent Frequent,Northeast,treatment,59,1.1573
2539,Budget Occasional,Southeast,treatment,59,0.7321
2540,Affluent Frequent,West,treatment,17,0.9406
2541,Affluent Frequent,Northeast,control,39,1.8402
2542,Mainstream,Southeast,treatment,96,0.4517
2543,Dormant Reactivation,Midwest,control,62,0.8683
2544,Affluent Frequent,Northeast,treatment,90,0.8404
2545,Budget Occasional,Southeast,control,25,1.2445
2546,Budget Occasional,West,control,85,1.0511
2547,Budget Occasional,Southeast,treatment,14,2.1041
2548,Budget Occasional,West,treatment,113,0.726
2549,Mainstream,Southwest,treatment,99,0.7933
2550,Mainstream,Southeast,treatment,84,0.5078
2551,Budget Occasional,West,treatment,100,2.0076
2552,Dormant Reactivation,Northeast,treatment,81,1.1691
2553,Budget Occasional,Midwest,control,66,1.2361
2554,Affluent Frequent,Southeast,control,61,1.6071
2555,Budget Occasional,Midwest,control,10,0.9826
2556,Budget Occasional,Northeast,control,54,0.6157
2557,Digital Native,Midwest,treatment,23,1.4314
2558,Budget Occasional,Southwest,treatment,4,0.8993
2559,Mainstream,Midwest,treatment,53,1.3844
2560,Dormant Reactivation,Northeast,control,70,0.6108
2561,Budget Occasional,Midwest,control,48,1.3912
2562,Mainstream,Southeast,control,58,1.3592
2563,Budget Occasional,Northeast,treatment,82,1.5385
2564,Mainstream,Northeast,treatment,80,1.5951
2565,Budget Occasional,West,control,87,1.3814
2566,Mainstream,Southeast,treatment,53,0.6195
2567,Mainstream,West,treatment,21,2.4379
2568,Mainstream,Northeast,control,115,1.0843
2569,Dormant Reactivation,Midwest,treatment,16,1.1113
2570,Mainstream,West,control,109,0.6629
2571,Digital Native,Southeast,treatment,62,0.7404
2572,Dormant Reactivation,Northeast,treatment,6,1.0714
2573,Affluent Frequent,Midwest,control,40,0.748
2574,Digital Native,West,control,42,0.9773
2575,Budget Occasional,Northeast,treatment,14,0.556
2576,Mainstream,West,control,19,1.3583
2577,Affluent Frequent,Southeast,control,55,0.9999
2578,Affluent Frequent,Northeast,control,112,1.1008
2579,Affluent Frequent,Southeast,control,100,1.21
2580,Mainstream,West,control,114,0.8682
2581,Budget Occasional,West,treatment,61,0.7
2582,Budget Occasional,West,control,21,1.3758
2583,Dormant Reactivation,West,control,67,0.9605
2584,Affluent Frequent,Midwest,control,23,1.5541
2585,Budget Occasional,Northeast,treatment,77,0.7396
2586,Budget Occasional,West,treatment,25,1.0038
2587,Mainstream,Midwest,control,83,0.6218
2588,Mainstream,Midwest,control,90,1.155
2589,Dormant Reactivation,Southeast,treatment,67,1.2665
2590,Budget Occasional,West,control,86,0.7111
2591,Mainstream,Southeast,control,51,0.6452
2592,Digital Native,Southwest,control,50,1.0936
2593,Dormant Reactivation,West,control,76,1.0541
2594,Mainstream,Midwest,control,84,1.9362
2595,Digital Native,Northeast,treatment,94,1.0728
2596,Dormant Reactivation,West,control,46,1.0295
2597,Mainstream,Midwest,treatment,27,0.4723
2598,Affluent Frequent,West,control,105,0.9172
2599,Dormant Reactivation,Southeast,treatment,29,1.7621
2600,Digital Native,Midwest,treatment,64,0.5034
2601,Mainstream,Southeast,control,88,1.0588
2602,Mainstream,West,treatment,65,0.5412
2603,Digital Native,West,control,80,2.0646
2604,Budget Occasional,Midwest,treatment,111,0.9303
2605,Affluent Frequent,Northeast,control,108,0.9133
2606,Mainstream,Southeast,treatment,72,0.8132
2607,Budget Occasional,Northeast,treatment,28,0.7397
2608,Dormant Reactivation,Southeast,treatment,13,0.8415
2609,Digital Native,Midwest,treatment,65,2.09
2610,Dormant Reactivation,West,treatment,87,0.2573
2611,Budget Occasional,Northeast,treatment,7,0.827
2612,Budget Occasional,Southeast,control,120,1.9211
2613,Affluent Frequent,Midwest,treatment,5,0.2321
2614,Dormant Reactivation,Southwest,treatment,48,1.4936
2615,Digital Native,Midwest,control,76,0.6792
2616,Mainstream,Northeast,control,14,1.113
2617,Mainstream,Northeast,control,110,0.4307
2618,Mainstream,Southeast,treatment,44,1.362
2619,Mainstream,Northeast,treatment,98,1.6784
2620,Budget Occasional,West,treatment,3,0.4986
2621,Mainstream,Southwest,control,42,0.9788
2622,Affluent Frequent,West,treatment,92,1.0991
2623,Affluent Frequent,Northeast,treatment,21,1.347
2624,Mainstream,Southeast,treatment,16,1.8188
2625,Affluent Frequent,Northeast,control,75,0.6816
2626,Mainstream,Northeast,treatment,45,1.4872
2627,Dormant Reactivation,Southwest,control,68,1.0418
2628,Mainstream,Northeast,control,79,0.4565
2629,Affluent Frequent,Southeast,treatment,44,1.3453
2630,Digital Native,Northeast,treatment,61,0.6737
2631,Budget Occasional,Midwest,treatment,33,0.8912
2632,Mainstream,Southwest,control,55,1.0916
2633,Mainstream,Midwest,treatment,47,1.1754
2634,Budget Occasional,Southeast,control,84,0.8718
2635,Mainstream,Northeast,control,118,1.134
2636,Budget Occasional,Midwest,treatment,65,0.5211
2637,Digital Native,Northeast,control,29,0.5293
2638,Digital Native,Midwest,treatment,92,0.5397
2639,Budget Occasional,West,treatment,37,0.9419
2640,Digital Native,Midwest,control,16,1.8389
2641,Affluent Frequent,Southeast,control,14,0.2625
2642,Mainstream,Midwest,treatment,39,1.1171
2643,Budget Occasional,Northeast,control,103,1.2304
2644,Mainstream,Southeast,control,82,0.5825
2645,Mainstream,West,control,64,0.7757
2646,Dormant Reactivation,Southeast,control,113,0.2238
2647,Affluent Frequent,Midwest,treatment,99,1.0569
2648,Budget Occasional,Southwest,control,9,1.0287
2649,Digital Native,Northeast,treatment,101,1.3405
2650,Mainstream,Midwest,control,11,1.3398
2651,Budget Occasional,Southeast,treatment,67,0.9459
2652,Budget Occasional,West,control,63,0.5057
2653,Mainstream,Northeast,treatment,38,1.0383
2654,Dormant Reactivation,Northeast,treatment,87,0.5174
2655,Mainstream,Northeast,treatment,5,0.6549
2656,Budget Occasional,Northeast,treatment,38,0.6852
2657,Digital Native,West,treatment,9,1.2697
2658,Mainstream,Southeast,treatment,62,1.1787
2659,Digital Native,West,control,91,1.1238
2660,Digital Native,Southeast,control,39,1.3517
2661,Mainstream,Midwest,treatment,79,0.7865
2662,Digital Native,West,treatment,101,1.1944
2663,Digital Native,Northeast,control,61,0.9413
2664,Mainstream,Midwest,treatment,110,0.6132
2665,Affluent Frequent,Midwest,treatment,18,0.6844
2666,Mainstream,West,treatment,42,0.8748
2667,Digital Native,Northeast,control,64,0.6857
2668,Dormant Reactivation,Southeast,treatment,80,0.1793
2669,Digital Native,Northeast,control,11,0.3943
2670,Dormant Reactivation,Southwest,treatment,33,0.4398
2671,Affluent Frequent,Southeast,control,28,1.9089
2672,Digital Native,West,treatment,97,0.8542
2673,Budget Occasional,Midwest,treatment,48,0.4498
2674,Mainstream,West,control,71,1.4927
2675,Affluent Frequent,Northeast,control,33,1.4866
2676,Mainstream,Southeast,treatment,78,0.6241
2677,Mainstream,Southwest,control,117,1.494
2678,Mainstream,West,control,90,1.562
2679,Budget Occasional,Midwest,control,104,0.6798
2680,Mainstream,Northeast,treatment,69,1.6251
2681,Dormant Reactivation,West,treatment,4,2.624
2682,Budget Occasional,West,treatment,36,0.5075
2683,Budget Occasional,Southeast,treatment,32,0.5072
2684,Mainstream,Southwest,treatment,67,1.1032
2685,Affluent Frequent,Southwest,control,15,0.7377
2686,Mainstream,West,treatment,33,0.2226
2687,Dormant Reactivation,West,control,99,0.9154
2688,Dormant Reactivation,Northeast,control,86,0.5278
2689,Digital Native,Southwest,control,87,1.2661
2690,Mainstream,Midwest,control,21,0.8848
2691,Budget Occasional,Midwest,control,97,1.1415
2692,Mainstream,Southwest,control,6,2.0579
2693,Mainstream,Midwest,control,7,0.736
2694,Mainstream,Midwest,control,75,1.2034
2695,Budget Occasional,Southeast,control,52,0.9168
2696,Budget Occasional,Northeast,treatment,67,0.6709
2697,Budget Occasional,Midwest,control,53,1.157
2698,Budget Occasional,Northeast,treatment,64,0.6322
2699,Mainstream,Southeast,treatment,33,0.7792
2700,Dormant Reactivation,Northeast,treatment,26,2.487
2701,Digital Native,West,treatment,52,1.2801
2702,Mainstream,Northeast,treatment,103,0.4719
2703,Mainstream,Northeast,control,16,0.8632
2704,Budget Occasional,West,treatment,113,0.6309
2705,Budget Occasional,Southwest,treatment,106,1.5696
2706,Affluent Frequent,Southwest,treatment,87,0.7866
2707,Affluent Frequent,Northeast,control,46,0.6218
2708,Affluent Frequent,Southeast,control,3,1.136
2709,Dormant Reactivation,Northeast,treatment,84,0.4151
2710,Affluent Frequent,Southwest,control,100,1.0154
2711,Dormant Reactivation,Northeast,control,17,1.5676
2712,Budget Occasional,Midwest,treatment,69,0.8312
2713,Budget Occasional,Southeast,treatment,53,0.6445
2714,Mainstream,West,treatment,89,1.152
2715,Dormant Reactivation,Midwest,treatment,119,1.5659
2716,Affluent Frequent,West,control,76,1.4529
2717,Mainstream,Midwest,treatment,111,2.0459
2718,Affluent Frequent,Southeast,treatment,12,1.8552
2719,Mainstream,Midwest,treatment,65,1.1016
2720,Dormant Reactivation,Northeast,treatment,22,1.5668
2721,Mainstream,Northeast,treatment,98,0.857
2722,Budget Occasional,Northeast,treatment,50,1.5868
2723,Dormant Reactivation,Northeast,control,30,0.4456
2724,Budget Occasional,West,treatment,53,1.5519
2725,Mainstream,West,control,106,2.0302
2726,Mainstream,Midwest,control,117,0.7914
2727,Mainstream,Southwest,control,101,1.4055
2728,Affluent Frequent,West,treatment,100,1.0016
2729,Budget Occasional,Midwest,treatment,30,0.8447
2730,Mainstream,Southwest,treatment,29,0.8778
2731,Affluent Frequent,Midwest,treatment,62,0.8308
2732,Digital Native,West,control,24,0.7998
2733,Digital Native,Northeast,treatment,62,1.5107
2734,Affluent Frequent,West,control,23,0.5595
2735,Mainstream,Southwest,treatment,4,1.9222
2736,Dormant Reactivation,Midwest,control,117,1.0006
2737,Budget Occasional,Southeast,treatment,20,2.2106
2738,Budget Occasional,Northeast,treatment,48,0.9634
2739,Mainstream,Northeast,treatment,5,1.0576
2740,Digital Native,Northeast,treatment,28,1.6129
2741,Digital Native,West,treatment,66,0.381
2742,Digital Native,Northeast,control,66,1.1922
2743,Dormant Reactivation,Midwest,treatment,25,0.6413
2744,Affluent Frequent,West,control,57,2.512
2745,Mainstream,Northeast,control,30,0.6323
2746,Affluent Frequent,Northeast,treatment,49,1.1671
2747,Digital Native,Northeast,treatment,76,1.0101
2748,Digital Native,Northeast,treatment,20,1.4468
2749,Dormant Reactivation,Midwest,treatment,102,0.9272
2750,Affluent Frequent,Midwest,control,79,0.857
2751,Mainstream,West,control,89,0.7255
2752,Affluent Frequent,West,treatment,85,1.3624
2753,Dormant Reactivation,Midwest,control,20,0.9246
2754,Mainstream,West,treatment,24,0.3623
2755,Budget Occasional,Midwest,control,45,1.1762
2756,Digital Native,West,treatment,70,1.4668
2757,Dormant Reactivation,Northeast,control,96,0.8681
2758,Mainstream,West,treatment,90,1.0702
2759,Affluent Frequent,West,control,66,0.298
2760,Budget Occasional,Northeast,treatment,89,1.7636
2761,Dormant Reactivation,Northeast,treatment,67,2.1712
2762,Affluent Frequent,Midwest,control,43,0.8248
2763,Digital Native,Southeast,control,90,1.2786
2764,Mainstream,Midwest,treatment,47,0.5441
2765,Dormant Reactivation,Southeast,control,49,1.015
2766,Mainstream,Northeast,control,84,0.4751
2767,Mainstream,Southwest,control,72,0.8439
2768,Budget Occasional,West,treatment,109,0.316
2769,Dormant Reactivation,West,control,69,2.2148
2770,Digital Native,Northeast,treatment,118,0.6053
2771,Affluent Frequent,Midwest,treatment,39,1.5666
2772,Mainstream,Southeast,treatment,25,0.9037
2773,Budget Occasional,Southeast,control,56,0.8851
2774,Mainstream,West,treatment,32,0.9457
2775,Affluent Frequent,Northeast,control,23,0.8421
2776,Mainstream,West,treatment,15,1.2351
2777,Digital Native,Southeast,treatment,34,0.6124
2778,Budget Occasional,Midwest,control,17,0.6027
2779,Digital Native,West,treatment,102,1.0236
2780,Affluent Frequent,West,control,36,1.0988
2781,Digital Native,Southeast,treatment,92,1.7487
2782,Mainstream,Southeast,treatment,89,1.1643
2783,Dormant Reactivation,West,treatment,39,0.7546
2784,Dormant Reactivation,Southeast,treatment,33,1.1779
2785,Digital Native,Northeast,treatment,91,0.8088
2786,Affluent Frequent,Southeast,control,55,0.6029
2787,Affluent Frequent,Southeast,control,28,0.3138
2788,Affluent Frequent,Northeast,treatment,8,0.9918
2789,Affluent Frequent,Midwest,treatment,78,2.0834
2790,Digital Native,Southeast,treatment,99,0.9105
2791,Budget Occasional,Southeast,control,37,1.1234
2792,Mainstream,Northeast,treatment,81,0.5486
2793,Digital Native,Southeast,control,113,1.4817
2794,Budget Occasional,Northeast,control,54,1.3589
2795,Affluent Frequent,Southeast,control,89,1.0353
2796,Mainstream,Northeast,treatment,31,1.7298
2797,Affluent Frequent,West,treatment,75,0.7605
2798,Dormant Reactivation,Northeast,treatment,15,1.4548
2799,Affluent Frequent,Southeast,control,23,0.8041
2800,Affluent Frequent,Northeast,control,94,1.7079
2801,Budget Occasional,Midwest,control,92,0.6409
2802,Dormant Reactivation,Midwest,control,10,1.0885
2803,Affluent Frequent,Northeast,treatment,9,2.1235
2804,Dormant Reactivation,West,control,40,0.7702
2805,Budget Occasional,Southeast,treatment,17,0.8431
2806,Mainstream,Northeast,treatment,52,0.2043
2807,Affluent Frequent,West,treatment,104,0.3977
2808,Budget Occasional,Southeast,treatment,20,1.0619
2809,Mainstream,Southwest,treatment,40,0.8875
2810,Affluent Frequent,Midwest,treatment,17,0.7882
2811,Mainstream,Northeast,treatment,31,1.0869
2812,Digital Native,Southeast,treatment,40,1.1735
2813,Budget Occasional,West,treatment,72,0.7402
2814,Mainstream,Northeast,treatment,27,0.7071
2815,Budget Occasional,Southeast,control,9,0.4294
2816,Affluent Frequent,Midwest,treatment,120,1.2547
2817,Affluent Frequent,Midwest,treatment,79,0.4834
2818,Budget Occasional,Northeast,control,82,0.3296
2819,Budget Occasional,Southwest,treatment,118,0.5576
2820,Mainstream,Midwest,control,111,0.9351
2821,Budget Occasional,Southwest,control,3,1.2853
2822,Digital Native,Southeast,treatment,116,0.4419
2823,Mainstream,Midwest,treatment,6,0.7169
2824,Budget Occasional,West,treatment,118,1.3941
2825,Digital Native,Midwest,treatment,56,1.8105
2826,Affluent Frequent,Northeast,treatment,67,1.9714
2827,Affluent Frequent,Northeast,control,105,1.7187
2828,Mainstream,Southwest,treatment,59,0.5953
2829,Budget Occasional,West,control,113,1.1083
2830,Mainstream,Midwest,treatment,64,0.3367
2831,Affluent Frequent,Southwest,treatment,26,1.7245
2832,Dormant Reactivation,Southeast,control,119,1.1097
2833,Affluent Frequent,Midwest,control,22,1.3649
2834,Budget Occasional,Southwest,treatment,29,0.5092
2835,Mainstream,West,treatment,38,0.6562
2836,Mainstream,Southwest,treatment,88,0.512
2837,Dormant Reactivation,Northeast,treatment,63,0.7202
2838,Budget Occasional,Midwest,treatment,10,0.8364
2839,Budget Occasional,Southeast,control,112,1.8421
2840,Affluent Frequent,West,treatment,29,0.763
2841,Dormant Reactivation,Southeast,treatment,74,1.0795
2842,Budget Occasional,Northeast,control,8,1.5676
2843,Budget Occasional,Northeast,control,57,0.9145
2844,Budget Occasional,Southwest,control,21,0.4075
2845,Budget Occasional,Northeast,treatment,82,0.4517
2846,Mainstream,Northeast,treatment,110,1.5931
2847,Budget Occasional,Midwest,control,67,0.5228
2848,Affluent Frequent,West,control,6,1.0138
2849,Budget Occasional,Southeast,control,28,1.0611
2850,Digital Native,Southwest,treatment,48,0.7006
2851,Mainstream,Midwest,control,59,0.4298
2852,Dormant Reactivation,Southeast,treatment,100,1.5557
2853,Mainstream,Northeast,treatment,35,1.5897
2854,Budget Occasional,Midwest,control,86,0.4459
2855,Budget Occasional,Southeast,treatment,39,1.1034
2856,Mainstream,Southwest,treatment,97,1.08
2857,Dormant Reactivation,Midwest,control,103,0.6023
2858,Budget Occasional,Southwest,treatment,71,0.8285
2859,Dormant Reactivation,West,control,71,0.849
2860,Affluent Frequent,Northeast,treatment,109,0.9186
2861,Affluent Frequent,Northeast,treatment,59,0.4621
2862,Dormant Reactivation,Southeast,control,5,0.9646
2863,Mainstream,Southwest,treatment,56,1.4221
2864,Digital Native,Northeast,treatment,98,0.6311
2865,Mainstream,Northeast,treatment,55,0.7454
2866,Budget Occasional,Midwest,control,7,0.4983
2867,Mainstream,Southeast,control,81,0.4209
2868,Mainstream,West,control,37,0.4262
2869,Mainstream,West,control,16,0.9709
2870,Budget Occasional,Southwest,control,24,1.655
2871,Mainstream,Midwest,treatment,90,0.7594
2872,Affluent Frequent,Southeast,control,17,1.4232
2873,Budget Occasional,Southeast,control,55,1.3702
2874,Affluent Frequent,Southeast,control,112,0.5502
2875,Budget Occasional,Southeast,control,81,1.4301
2876,Mainstream,West,control,99,1.2879
2877,Budget Occasional,Southeast,treatment,68,1.7487
2878,Digital Native,Midwest,treatment,57,0.8954
2879,Mainstream,Southeast,control,90,2.0491
2880,Dormant Reactivation,Southwest,control,67,0.7115
2881,Affluent Frequent,Northeast,treatment,53,0.4992
2882,Budget Occasional,Midwest,treatment,78,1.1049
2883,Budget Occasional,Midwest,control,20,2.1399
2884,Affluent Frequent,Midwest,control,103,0.9266
2885,Mainstream,West,treatment,54,1.0519
2886,Digital Native,Southwest,treatment,8,0.351
2887,Mainstream,Northeast,treatment,92,1.0901
2888,Digital Native,Southwest,control,40,0.5988
2889,Mainstream,Midwest,control,95,0.6649
2890,Digital Native,Southeast,control,31,0.5766
2891,Digital Native,Midwest,control,71,0.6967
2892,Digital Native,Southeast,control,101,0.6478
2893,Dormant Reactivation,Southeast,control,55,0.6876
2894,Affluent Frequent,West,control,7,0.5229
2895,Mainstream,Northeast,control,47,1.9625
2896,Mainstream,Southeast,treatment,113,0.3838
2897,Digital Native,Southwest,treatment,7,0.3374
2898,Budget Occasional,West,treatment,98,0.4635
2899,Mainstream,Southeast,control,76,0.091
2900,Affluent Frequent,Southwest,control,14,1.6903
2901,Digital Native,Northeast,treatment,24,0.3506
2902,Budget Occasional,Northeast,treatment,98,0.4903
2903,Dormant Reactivation,Midwest,control,50,0.3206
2904,Affluent Frequent,Northeast,control,106,0.6143
2905,Affluent Frequent,Southeast,treatment,19,0.7013
2906,Affluent Frequent,Northeast,control,80,0.5841
2907,Affluent Frequent,Northeast,treatment,48,0.6309
2908,Mainstream,Midwest,control,26,0.8769
2909,Budget Occasional,Midwest,control,116,1.4898
2910,Mainstream,Northeast,treatment,111,1.4674
2911,Mainstream,Northeast,control,23,0.6784
2912,Mainstream,Northeast,control,30,1.0772
2913,Budget Occasional,Southwest,treatment,10,1.9463
2914,Mainstream,Southeast,treatment,44,0.9664
2915,Mainstream,Midwest,control,6,0.7776
2916,Mainstream,Southwest,control,75,1.2437
2917,Dormant Reactivation,Midwest,control,42,0.4878
2918,Affluent Frequent,Midwest,treatment,50,0.378
2919,Dormant Reactivation,Southeast,control,7,1.1631
2920,Affluent Frequent,West,control,13,1.3779
2921,Budget Occasional,Southeast,control,95,1.1904
2922,Affluent Frequent,Northeast,treatment,97,1.1978
2923,Budget Occasional,Southwest,treatment,6,0.8498
2924,Affluent Frequent,Northeast,control,32,0.4648
2925,Digital Native,Southwest,treatment,24,0.5407
2926,Affluent Frequent,Northeast,control,64,0.8253
2927,Budget Occasional,Northeast,treatment,104,1.0058
2928,Mainstream,Midwest,control,84,1.6919
2929,Digital Native,Southeast,treatment,79,1.4211
2930,Dormant Reactivation,Southeast,treatment,6,1.6084
2931,Mainstream,Southeast,control,13,1.6401
2932,Budget Occasional,Midwest,control,56,0.5611
2933,Mainstream,Southeast,treatment,96,0.6581
2934,Mainstream,Southwest,control,50,1.3619
2935,Budget Occasional,Southeast,control,85,0.9087
2936,Dormant Reactivation,West,control,111,1.5128
2937,Budget Occasional,Northeast,control,5,1.1231
2938,Affluent Frequent,Northeast,treatment,78,1.0823
2939,Dormant Reactivation,Southeast,treatment,9,0.4544
2940,Digital Native,Midwest,treatment,76,0.6606
2941,Budget Occasional,Midwest,treatment,61,0.8329
2942,Mainstream,Southwest,treatment,33,0.9883
2943,Digital Native,Northeast,control,17,2.0703
2944,Affluent Frequent,West,treatment,45,1.4963
2945,Budget Occasional,Southeast,treatment,114,0.5008
2946,Dormant Reactivation,Southwest,treatment,74,1.1315
2947,Affluent Frequent,West,control,22,0.7252
2948,Affluent Frequent,Northeast,control,32,1.5198
2949,Budget Occasional,West,treatment,45,1.0178
2950,Mainstream,West,control,45,0.8632
2951,Mainstream,Southeast,treatment,28,1.4145
2952,Budget Occasional,Northeast,control,25,1.6534
2953,Mainstream,Southwest,treatment,47,1.3269
2954,Budget Occasional,Southeast,control,72,0.4005
2955,Mainstream,Northeast,treatment,114,1.6343
2956,Dormant Reactivation,Southeast,control,82,2.2827
2957,Budget Occasional,West,treatment,13,2.049
2958,Digital Native,Northeast,control,107,0.6893
2959,Dormant Reactivation,Northeast,control,24,1.0296
2960,Budget Occasional,Northeast,control,23,1.0594
2961,Affluent Frequent,West,treatment,54,1.3928
2962,Dormant Reactivation,Northeast,control,50,1.0785
2963,Budget Occasional,Southwest,control,27,0.8958
2964,Affluent Frequent,Southeast,control,49,0.281
2965,Mainstream,Southeast,treatment,44,1.5056
2966,Budget Occasional,West,treatment,55,0.4717
2967,Dormant Reactivation,Southwest,treatment,111,0.9511
2968,Mainstream,Southeast,control,66,1.011
2969,Budget Occasional,Southeast,control,14,1.0596
2970,Budget Occasional,Midwest,control,51,0.5095
2971,Affluent Frequent,West,control,83,0.9788
2972,Mainstream,West,treatment,19,0.8146
2973,Digital Native,Southeast,treatment,43,0.8016
2974,Mainstream,Northeast,control,26,0.8947
2975,Mainstream,Southeast,control,73,0.4817
2976,Budget Occasional,Southeast,treatment,83,0.9173
2977,Digital Native,Southwest,treatment,86,1.4761
2978,Mainstream,Southeast,treatment,14,0.7172
2979,Budget Occasional,West,control,93,0.4741
2980,Dormant Reactivation,Southwest,treatment,118,0.5679
2981,Affluent Frequent,Northeast,treatment,30,1.2628
2982,Mainstream,Northeast,treatment,21,0.7576
2983,Budget Occasional,West,control,86,0.7483
2984,Affluent Frequent,Southeast,treatment,119,0.6248
2985,Mainstream,Southeast,treatment,69,0.7272
2986,Budget Occasional,Southeast,treatment,55,1.5275
2987,Dormant Reactivation,West,treatment,61,1.462
2988,Budget Occasional,Southwest,treatment,98,0.5261
2989,Mainstream,Northeast,control,93,1.8156
2990,Affluent Frequent,Southeast,treatment,38,0.5976
2991,Dormant Reactivation,Midwest,control,50,0.9201
2992,Mainstream,Midwest,treatment,19,1.0706
2993,Budget Occasional,West,treatment,87,1.3398
2994,Dormant Reactivation,West,treatment,113,0.3566
2995,Budget Occasional,West,control,9,0.7212
2996,Digital Native,Northeast,treatment,83,0.5706
2997,Affluent Frequent,Southeast,treatment,94,0.8583
2998,Mainstream,Southwest,treatment,18,1.2818
2999,Dormant Reactivation,Northeast,control,72,0.5107
3000,Budget Occasional,Midwest,treatment,100,1.0395
3001,Affluent Frequent,West,treatment,14,1.1783
3002,Budget Occasional,Northeast,control,27,0.5617
3003,Mainstream,Northeast,treatment,30,0.9174
3004,Budget Occasional,Northeast,treatment,95,1.0108
3005,Digital Native,Southwest,treatment,16,1.4727
3006,Mainstream,Northeast,control,20,0.5225
3007,Affluent Frequent,Southeast,control,23,1.5707
3008,Affluent Frequent,West,treatment,46,0.4509
3009,Affluent Frequent,Northeast,control,26,0.4476
3010,Dormant Reactivation,Northeast,treatment,39,1.0052
3011,Affluent Frequent,Southeast,control,6,0.3157
3012,Affluent Frequent,Southeast,treatment,118,0.7483
3013,Mainstream,West,treatment,4,0.1177
3014,Budget Occasional,Northeast,treatment,25,0.8982
3015,Mainstream,Southeast,control,68,1.0962
3016,Digital Native,Southeast,control,66,1.5767
3017,Mainstream,Northeast,treatment,36,1.1801
3018,Dormant Reactivation,Southeast,treatment,88,1.6754
3019,Budget Occasional,Southeast,control,47,0.7786
3020,Mainstream,Southeast,treatment,45,0.6675
3021,Budget Occasional,Southwest,control,73,1.1993
3022,Dormant Reactivation,Midwest,control,78,1.2492
3023,Affluent Frequent,Northeast,treatment,11,0.5963
3024,Digital Native,Midwest,control,37,0.4192
3025,Mainstream,West,control,34,0.7876
3026,Mainstream,Northeast,control,85,0.5739
3027,Budget Occasional,West,control,94,0.3407
3028,Budget Occasional,Southeast,control,41,1.1234
3029,Affluent Frequent,Midwest,treatment,6,0.9976
3030,Mainstream,West,treatment,52,0.7927
3031,Budget Occasional,West,control,22,0.1953
3032,Budget Occasional,Midwest,control,59,0.71
3033,Budget Occasional,West,control,53,0.9631
3034,Mainstream,Southeast,control,72,0.6493
3035,Mainstream,West,control,20,1.1613
3036,Mainstream,Southwest,control,96,0.5975
3037,Digital Native,Northeast,control,98,1.0436
3038,Affluent Frequent,Midwest,treatment,82,1.188
3039,Mainstream,Midwest,control,57,1.1889
3040,Mainstream,Northeast,control,46,1.5432
3041,Mainstream,Northeast,treatment,41,0.5542
3042,Digital Native,Southeast,control,44,0.8729
3043,Mainstream,Northeast,treatment,96,1.1978
3044,Digital Native,Southwest,treatment,57,1.8306
3045,Budget Occasional,Southeast,treatment,37,1.5205
3046,Affluent Frequent,West,control,13,0.7132
3047,Affluent Frequent,West,treatment,103,1.1873
3048,Budget Occasional,Northeast,control,4,1.2801
3049,Dormant Reactivation,Southwest,treatment,55,1.4323
3050,Budget Occasional,Midwest,control,44,0.9048
3051,Affluent Frequent,Northeast,control,77,0.7893
3052,Affluent Frequent,Northeast,treatment,55,1.1249
3053,Dormant Reactivation,Southeast,control,69,1.12
3054,Mainstream,Southwest,control,5,1.9633
3055,Affluent Frequent,Northeast,treatment,27,1.4884
3056,Mainstream,Midwest,control,54,0.6455
3057,Budget Occasional,Northeast,control,112,0.5811
3058,Budget Occasional,Midwest,control,29,0.8689
3059,Budget Occasional,Northeast,treatment,117,0.3722
3060,Mainstream,Northeast,control,44,0.8861
3061,Mainstream,Southwest,treatment,55,2.0235
3062,Affluent Frequent,Midwest,treatment,43,0.86
3063,Mainstream,Northeast,control,118,0.4184
3064,Digital Native,Midwest,control,92,1.3231
3065,Mainstream,West,treatment,90,0.8047
3066,Mainstream,Southeast,control,21,0.9445
3067,Mainstream,Midwest,control,45,1.1292
3068,Dormant Reactivation,West,control,45,0.7128
3069,Mainstream,Southwest,control,71,0.9106
3070,Dormant Reactivation,Midwest,treatment,49,1.1328
3071,Budget Occasional,Southeast,control,108,0.89
3072,Mainstream,West,control,80,0.9017
3073,Dormant Reactivation,Midwest,control,10,1.1696
3074,Mainstream,Southeast,treatment,43,1.3882
3075,Affluent Frequent,Midwest,control,116,1.0312
3076,Digital Native,Southeast,control,12,0.2806
3077,Digital Native,Southeast,treatment,69,1.1024
3078,Budget Occasional,West,treatment,50,1.0845
3079,Digital Native,West,control,33,1.0995
3080,Digital Native,Southeast,control,58,0.4835
3081,Budget Occasional,Northeast,treatment,83,0.5152
3082,Digital Native,Southeast,control,20,0.8897
3083,Affluent Frequent,Southeast,control,20,1.1325
3084,Mainstream,Northeast,control,46,0.7976
3085,Digital Native,West,control,91,0.2769
3086,Budget Occasional,Southwest,control,14,0.8914
3087,Mainstream,Southeast,control,27,0.5176
3088,Affluent Frequent,Southeast,control,61,0.5925
3089,Budget Occasional,Midwest,treatment,107,1.0201
3090,Mainstream,Midwest,control,61,0.9416
3091,Budget Occasional,Southwest,control,42,0.9966
3092,Dormant Reactivation,West,treatment,110,1.4325
3093,Mainstream,Southeast,treatment,110,0.5043
3094,Affluent Frequent,Midwest,treatment,99,1.3706
3095,Digital Native,West,control,62,0.6676
3096,Mainstream,West,control,36,1.1095
3097,Dormant Reactivation,West,control,52,1.8711
3098,Budget Occasional,Southeast,treatment,83,0.9638
3099,Mainstream,Northeast,control,60,0.626
3100,Mainstream,Southeast,treatment,56,0.7037
3101,Mainstream,Southeast,treatment,6,0.5558
3102,Budget Occasional,Southeast,treatment,4,1.4752
3103,Digital Native,Southeast,control,78,0.1075
3104,Affluent Frequent,Southeast,treatment,84,0.4796
3105,Budget Occasional,Southwest,control,59,0.6453
3106,Budget Occasional,Southwest,control,35,0.7264
3107,Digital Native,Southeast,treatment,54,0.4207
3108,Mainstream,West,control,90,0.5958
3109,Affluent Frequent,Southeast,control,111,0.9787
3110,Budget Occasional,West,treatment,85,1.1263
3111,Digital Native,Northeast,treatment,11,1.2141
3112,Mainstream,Northeast,control,102,0.7004
3113,Affluent Frequent,Southeast,control,55,0.929
3114,Affluent Frequent,West,control,63,0.596
3115,Dormant Reactivation,Midwest,treatment,53,0.9694
3116,Dormant Reactivation,Northeast,control,67,1.0876
3117,Digital Native,Midwest,control,90,0.7734
3118,Budget Occasional,Northeast,treatment,16,1.6572
3119,Digital Native,Northeast,control,105,0.9528
3120,Mainstream,Northeast,control,102,0.4451
3121,Budget Occasional,Northeast,control,86,2.008
3122,Affluent Frequent,Northeast,control,66,1.3276
3123,Affluent Frequent,West,control,108,0.749
3124,Dormant Reactivation,Southeast,control,60,0.8698
3125,Mainstream,Northeast,treatment,36,0.4641
3126,Mainstream,West,control,10,0.7798
3127,Affluent Frequent,Southwest,control,92,0.7007
3128,Digital Native,West,control,43,1.1767
3129,Digital Native,Southeast,control,102,0.9208
3130,Dormant Reactivation,Northeast,control,67,1.0374
3131,Budget Occasional,Southwest,control,57,1.6348
3132,Mainstream,Northeast,treatment,96,0.4824
3133,Affluent Frequent,Midwest,treatment,23,0.9276
3134,Affluent Frequent,West,control,87,0.6884
3135,Mainstream,Northeast,treatment,110,0.7868
3136,Mainstream,West,treatment,111,0.4808
3137,Digital Native,West,treatment,42,0.7332
3138,Digital Native,Southwest,treatment,68,0.7494
3139,Digital Native,Southwest,treatment,93,0.6606
3140,Digital Native,Southeast,treatment,108,0.1712
3141,Mainstream,Southeast,treatment,42,1.4202
3142,Digital Native,Southeast,treatment,22,1.3207
3143,Mainstream,Northeast,treatment,78,1.1872
3144,Budget Occasional,West,control,62,1.0617
3145,Mainstream,Southeast,treatment,3,0.7918
3146,Mainstream,Southeast,treatment,88,1.5681
3147,Mainstream,Southeast,treatment,112,0.394
3148,Mainstream,Northeast,control,69,0.723
3149,Mainstream,Northeast,control,87,0.9694
3150,Affluent Frequent,Southeast,control,75,0.9246
3151,Budget Occasional,Southeast,control,4,0.1966
3152,Digital Native,West,treatment,19,0.9219
3153,Dormant Reactivation,Midwest,control,74,0.8016
3154,Budget Occasional,Northeast,control,107,0.3778
3155,Mainstream,West,control,98,0.6026
3156,Budget Occasional,Southeast,control,77,0.4863
3157,Affluent Frequent,West,treatment,37,0.9515
3158,Dormant Reactivation,Southeast,control,108,0.5857
3159,Mainstream,Southeast,control,76,1.0552
3160,Mainstream,Midwest,treatment,28,0.7588
3161,Mainstream,West,treatment,63,1.5013
3162,Mainstream,Northeast,treatment,94,2.0159
3163,Digital Native,Northeast,treatment,118,0.4922
3164,Digital Native,Midwest,treatment,40,0.7774
3165,Digital Native,Midwest,treatment,103,1.7506
3166,Affluent Frequent,Southeast,control,83,0.5264
3167,Affluent Frequent,Southwest,treatment,77,1.8324
3168,Budget Occasional,Northeast,treatment,77,0.8584
3169,Dormant Reactivation,West,control,43,0.636
3170,Dormant Reactivation,West,treatment,94,0.8387
3171,Budget Occasional,Midwest,control,24,0.7513
3172,Budget Occasional,West,control,58,0.9687
3173,Budget Occasional,Midwest,treatment,52,2.0234
3174,Mainstream,Northeast,treatment,66,0.7726
3175,Digital Native,West,treatment,35,0.4914
3176,Budget Occasional,Midwest,treatment,17,1.1737
3177,Budget Occasional,Southwest,treatment,22,0.6351
3178,Digital Native,West,control,70,0.5003
3179,Mainstream,Midwest,treatment,46,2.1623
3180,Affluent Frequent,Northeast,treatment,118,0.8854
3181,Budget Occasional,Midwest,treatment,118,0.499
3182,Digital Native,Southwest,treatment,105,1.4138
3183,Mainstream,Midwest,treatment,95,0.6758
3184,Mainstream,West,control,10,1.0538
3185,Mainstream,Southeast,treatment,35,0.6895
3186,Affluent Frequent,West,control,94,1.7736
3187,Mainstream,Northeast,control,81,0.1523
3188,Digital Native,Southeast,treatment,46,1.4795
3189,Dormant Reactivation,West,control,101,2.2945
3190,Budget Occasional,West,control,86,2.0151
3191,Mainstream,West,control,106,0.5386
3192,Mainstream,West,control,4,0.7968
3193,Budget Occasional,Southwest,treatment,29,0.1945
3194,Dormant Reactivation,Midwest,control,97,0.8835
3195,Budget Occasional,West,control,86,0.5525
3196,Budget Occasional,West,treatment,89,1.874
3197,Mainstream,Midwest,treatment,48,1.1119
3198,Budget Occasional,West,control,7,0.5879
3199,Budget Occasional,Southwest,treatment,60,2.0229
3200,Affluent Frequent,Northeast,treatment,119,0.5591
3201,Mainstream,West,control,62,0.848
3202,Mainstream,West,treatment,27,0.839
3203,Dormant Reactivation,Southwest,treatment,35,0.731
3204,Mainstream,Northeast,control,40,2.5889
3205,Mainstream,Northeast,control,67,0.5835
3206,Mainstream,Northeast,control,44,1.0958
3207,Budget Occasional,Northeast,treatment,54,0.7187
3208,Mainstream,Midwest,control,59,0.7836
3209,Digital Native,Southeast,control,98,0.3789
3210,Affluent Frequent,Southwest,treatment,39,0.846
3211,Dormant Reactivation,Midwest,treatment,85,0.7562
3212,Mainstream,Midwest,treatment,36,0.6845
3213,Digital Native,Southeast,control,29,1.0479
3214,Mainstream,Southeast,control,98,0.8981
3215,Mainstream,Northeast,control,103,1.3516
3216,Budget Occasional,Southeast,treatment,96,0.7606
3217,Digital Native,Northeast,control,119,0.2751
3218,Mainstream,Northeast,control,89,0.7338
3219,Affluent Frequent,Northeast,treatment,107,0.6017
3220,Digital Native,Northeast,treatment,103,1.3048
3221,Mainstream,Midwest,control,5,0.7646
3222,Digital Native,West,control,66,1.9609
3223,Budget Occasional,Southeast,treatment,90,0.7385
3224,Affluent Frequent,Northeast,control,113,0.6749
3225,Budget Occasional,Southeast,control,57,0.5606
3226,Budget Occasional,Northeast,treatment,34,0.7793
3227,Mainstream,Midwest,control,40,0.9514
3228,Budget Occasional,Southeast,control,6,0.9697
3229,Mainstream,Southeast,treatment,69,0.6567
3230,Digital Native,Southeast,control,71,0.7707
3231,Budget Occasional,Midwest,control,78,0.6957
3232,Mainstream,Midwest,treatment,95,0.3569
3233,Mainstream,Northeast,treatment,7,0.6736
3234,Dormant Reactivation,Southeast,control,79,1.3675
3235,Mainstream,Southeast,treatment,73,1.3471
3236,Mainstream,West,treatment,10,0.7315
3237,Dormant Reactivation,Midwest,treatment,109,0.8212
3238,Mainstream,Southwest,control,45,1.2421
3239,Budget Occasional,Northeast,control,88,1.5995
3240,Mainstream,Southeast,control,73,1.5183
3241,Digital Native,Northeast,treatment,107,0.8848
3242,Budget Occasional,Northeast,control,98,0.3456
3243,Digital Native,West,control,59,1.197
3244,Budget Occasional,Northeast,treatment,10,1.6209
3245,Mainstream,Northeast,control,44,1.3809
3246,Affluent Frequent,Midwest,control,88,1.2757
3247,Budget Occasional,Southeast,control,66,0.6958
3248,Affluent Frequent,West,control,82,0.8527
3249,Digital Native,West,treatment,37,0.9448
3250,Mainstream,West,control,6,0.818
3251,Budget Occasional,Southwest,treatment,93,0.4086
3252,Digital Native,Southeast,treatment,81,0.5211
3253,Digital Native,West,treatment,101,0.64
3254,Affluent Frequent,Southeast,control,94,0.3253
3255,Digital Native,Southeast,control,13,1.074
3256,Mainstream,West,treatment,28,1.8908
3257,Dormant Reactivation,Northeast,control,17,0.7377
3258,Mainstream,Northeast,treatment,75,0.845
3259,Budget Occasional,Northeast,control,77,0.4468
3260,Affluent Frequent,Midwest,control,53,1.098
3261,Mainstream,Southeast,treatment,25,1.6531
3262,Mainstream,Midwest,control,52,2.0703
3263,Budget Occasional,Northeast,control,34,0.8253
3264,Dormant Reactivation,Southeast,control,84,0.379
3265,Mainstream,Northeast,control,94,0.8312
3266,Dormant Reactivation,Southeast,treatment,108,0.7977
3267,Budget Occasional,West,control,115,1.8725
3268,Dormant Reactivation,Midwest,control,9,2.1078
3269,Mainstream,Southeast,control,22,0.8302
3270,Budget Occasional,Midwest,control,40,0.6816
3271,Digital Native,Midwest,control,94,1.2381
3272,Mainstream,Northeast,treatment,37,1.5506
3273,Mainstream,Northeast,treatment,89,0.4771
3274,Budget Occasional,Southwest,treatment,6,0.6373
3275,Affluent Frequent,Midwest,control,56,1.1679
3276,Mainstream,Northeast,treatment,51,0.4478
3277,Digital Native,Northeast,control,109,0.908
3278,Mainstream,Northeast,control,92,0.1689
3279,Mainstream,Midwest,control,11,0.4723
3280,Mainstream,Northeast,control,11,0.9996
3281,Affluent Frequent,Midwest,treatment,72,0.5863
3282,Budget Occasional,Midwest,control,117,3.1959
3283,Mainstream,Southwest,control,86,1.4247
3284,Budget Occasional,Southeast,control,73,0.8669
3285,Mainstream,Southeast,treatment,60,1.2182
3286,Digital Native,Northeast,control,45,0.4189
3287,Digital Native,West,control,12,1.6938
3288,Affluent Frequent,West,treatment,92,1.3101
3289,Digital Native,Northeast,treatment,58,1.0474
3290,Budget Occasional,West,treatment,57,1.2547
3291,Affluent Frequent,Southeast,treatment,79,0.3765
3292,Affluent Frequent,Southeast,treatment,58,1.0398
3293,Budget Occasional,Northeast,control,4,1.2318
3294,Mainstream,Midwest,treatment,49,1.1308
3295,Budget Occasional,Midwest,treatment,57,1.5403
3296,Budget Occasional,Southeast,treatment,28,0.7965
3297,Mainstream,Southeast,treatment,118,1.143
3298,Mainstream,Midwest,treatment,17,0.3392
3299,Budget Occasional,Southwest,treatment,10,0.9323
3300,Affluent Frequent,Northeast,treatment,20,1.0202
3301,Mainstream,Southeast,treatment,115,1.0676
3302,Mainstream,Southwest,control,72,1.2679
3303,Mainstream,Southeast,control,74,0.5103
3304,Budget Occasional,Southwest,treatment,51,0.8947
3305,Budget Occasional,Midwest,treatment,57,0.8589
3306,Digital Native,Southeast,control,84,1.348
3307,Mainstream,Northeast,control,8,1.2631
3308,Affluent Frequent,Southwest,control,96,0.7159
3309,Digital Native,Midwest,treatment,7,0.3807
3310,Dormant Reactivation,Southwest,treatment,44,3.0068
3311,Dormant Reactivation,Southeast,treatment,84,1.1002
3312,Mainstream,Northeast,control,25,0.5102
3313,Mainstream,Northeast,control,96,1.0546
3314,Mainstream,Midwest,control,111,0.7137
3315,Affluent Frequent,Southeast,control,89,0.5258
3316,Affluent Frequent,Southeast,treatment,27,1.3711
3317,Mainstream,West,control,117,1.1867
3318,Budget Occasional,Midwest,treatment,79,0.8595
3319,Mainstream,Southeast,control,14,0.9606
3320,Affluent Frequent,Northeast,control,46,1.5078
3321,Mainstream,Northeast,control,75,0.9185
3322,Budget Occasional,West,control,50,0.4119
3323,Dormant Reactivation,West,control,93,0.378
3324,Budget Occasional,Northeast,treatment,74,1.7836
3325,Budget Occasional,Southeast,treatment,80,0.6198
3326,Budget Occasional,Southeast,treatment,85,1.1587
3327,Budget Occasional,Southwest,control,67,2.7011
3328,Dormant Reactivation,Midwest,control,94,1.0189
3329,Affluent Frequent,Northeast,control,64,0.4237
3330,Dormant Reactivation,Southeast,control,12,2.0509
3331,Affluent Frequent,Southeast,treatment,97,0.592
3332,Mainstream,Southwest,treatment,19,0.6835
3333,Budget Occasional,Northeast,treatment,7,1.4091
3334,Mainstream,Midwest,treatment,19,2.0397
3335,Dormant Reactivation,Southeast,treatment,29,2.0338
3336,Mainstream,Northeast,treatment,107,0.3094
3337,Digital Native,Midwest,treatment,91,0.9353
3338,Mainstream,Northeast,treatment,50,1.3617
3339,Affluent Frequent,Southeast,control,26,0.8693
3340,Dormant Reactivation,Midwest,control,79,0.396
3341,Mainstream,Midwest,treatment,12,0.9515
3342,Budget Occasional,Northeast,treatment,42,1.1496
3343,Mainstream,Southeast,control,11,0.9005
3344,Mainstream,Southwest,treatment,32,1.0666
3345,Affluent Frequent,Midwest,treatment,32,0.5251
3346,Mainstream,Northeast,control,83,1.6084
3347,Mainstream,Northeast,control,60,1.3921
3348,Mainstream,Southeast,treatment,52,0.561
3349,Mainstream,West,treatment,99,0.7181
3350,Mainstream,Northeast,treatment,82,0.8828
3351,Budget Occasional,West,treatment,12,0.9642
3352,Affluent Frequent,Midwest,treatment,5,0.5624
3353,Budget Occasional,Northeast,treatment,12,2.256
3354,Mainstream,West,control,120,1.3192
3355,Mainstream,Southwest,treatment,26,0.741
3356,Affluent Frequent,Southwest,control,63,0.4502
3357,Budget Occasional,Northeast,treatment,5,1.0162
3358,Dormant Reactivation,Northeast,control,60,0.5939
3359,Budget Occasional,Southwest,treatment,42,0.7133
3360,Budget Occasional,West,treatment,86,0.9277
3361,Budget Occasional,Southeast,treatment,47,0.3883
3362,Mainstream,Southwest,control,24,0.9755
3363,Affluent Frequent,Northeast,treatment,100,1.3194
3364,Digital Native,Northeast,treatment,44,0.9264
3365,Mainstream,Southwest,treatment,52,1.7339
3366,Budget Occasional,Northeast,control,69,0.5112
3367,Budget Occasional,West,treatment,100,0.3932
3368,Mainstream,Midwest,treatment,64,0.8688
3369,Affluent Frequent,Northeast,treatment,19,1.6554
3370,Digital Native,West,control,31,0.9261
3371,Digital Native,Northeast,treatment,25,0.9735
3372,Budget Occasional,Southwest,control,29,0.7597
3373,Dormant Reactivation,West,treatment,34,1.6238
3374,Affluent Frequent,West,control,100,1.1657
3375,Budget Occasional,Southeast,control,12,0.8586
3376,Affluent Frequent,Midwest,control,115,0.6473
3377,Budget Occasional,Northeast,treatment,28,0.725
3378,Budget Occasional,Southeast,treatment,107,1.0851
3379,Budget Occasional,Northeast,treatment,65,1.506
3380,Dormant Reactivation,Southwest,control,62,1.4162
3381,Mainstream,Midwest,treatment,48,1.0249
3382,Digital Native,Northeast,treatment,23,0.5035
3383,Budget Occasional,Midwest,treatment,82,0.3829
3384,Mainstream,West,treatment,27,0.7814
3385,Budget Occasional,Southeast,treatment,24,1.4813
3386,Mainstream,West,treatment,74,0.3231
3387,Mainstream,Northeast,control,25,0.5743
3388,Budget Occasional,Northeast,control,36,0.4405
3389,Digital Native,West,treatment,3,1.6296
3390,Digital Native,Southeast,treatment,110,1.9887
3391,Mainstream,Northeast,control,81,1.3638
3392,Affluent Frequent,Midwest,treatment,12,0.259
3393,Budget Occasional,West,treatment,118,1.2523
3394,Affluent Frequent,Northeast,treatment,107,1.6705
3395,Mainstream,Northeast,treatment,25,0.6941
3396,Digital Native,Southeast,treatment,39,1.4051
3397,Budget Occasional,Northeast,treatment,37,0.5461
3398,Mainstream,Northeast,control,3,0.9418
3399,Dormant Reactivation,Southeast,treatment,25,2.0154
3400,Budget Occasional,Northeast,control,118,1.2153
3401,Mainstream,Northeast,control,46,0.5794
3402,Budget Occasional,Southeast,treatment,75,0.3923
3403,Mainstream,West,treatment,13,0.3903
3404,Budget Occasional,Midwest,control,67,1.2412
3405,Budget Occasional,Midwest,control,6,0.518
3406,Dormant Reactivation,Northeast,treatment,100,0.5646
3407,Budget Occasional,Midwest,treatment,62,0.5735
3408,Dormant Reactivation,West,treatment,32,0.8028
3409,Mainstream,Southwest,control,42,1.3219
3410,Digital Native,Southeast,treatment,6,1.3958
3411,Affluent Frequent,West,control,113,1.6729
3412,Mainstream,Midwest,control,55,1.4326
3413,Digital Native,West,control,50,1.292
3414,Digital Native,Southeast,control,87,3.6837
3415,Mainstream,Southwest,treatment,69,1.0425
3416,Budget Occasional,Northeast,control,35,1.0633
3417,Budget Occasional,Southeast,treatment,67,0.3818
3418,Mainstream,Southeast,control,114,0.7309
3419,Dormant Reactivation,Southwest,control,101,0.4575
3420,Mainstream,West,treatment,117,1.2028
3421,Dormant Reactivation,West,control,47,0.3889
3422,Mainstream,Northeast,control,88,1.273
3423,Budget Occasional,Northeast,control,91,0.2818
3424,Digital Native,West,treatment,117,1.1078
3425,Affluent Frequent,Southeast,control,17,1.421
3426,Budget Occasional,West,treatment,96,1.4245
3427,Digital Native,West,treatment,50,2.4521
3428,Budget Occasional,Northeast,treatment,108,1.3894
3429,Mainstream,Northeast,treatment,114,0.4916
3430,Mainstream,Midwest,control,105,0.7514
3431,Budget Occasional,Midwest,treatment,52,0.5654
3432,Budget Occasional,Northeast,treatment,29,1.0251
3433,Digital Native,Southeast,treatment,57,0.6701
3434,Digital Native,Northeast,control,37,1.1635
3435,Dormant Reactivation,Southwest,control,39,0.497
3436,Dormant Reactivation,Southeast,control,29,0.7558
3437,Budget Occasional,Northeast,control,114,0.5614
3438,Mainstream,West,treatment,46,0.4016
3439,Budget Occasional,Southeast,control,56,0.9626
3440,Digital Native,West,control,72,1.1985
3441,Affluent Frequent,Northeast,treatment,3,1.2261
3442,Digital Native,West,treatment,80,0.9187
3443,Dormant Reactivation,Northeast,treatment,107,0.8278
3444,Dormant Reactivation,Northeast,control,44,0.9034
3445,Mainstream,Southwest,treatment,93,1.0767
3446,Budget Occasional,Northeast,treatment,60,0.7796
3447,Dormant Reactivation,Midwest,control,37,1.1588
3448,Dormant Reactivation,Midwest,control,74,0.7401
3449,Budget Occasional,West,treatment,4,2.0125
3450,Digital Native,West,control,43,0.8184
3451,Dormant Reactivation,Midwest,control,36,0.507
3452,Mainstream,Midwest,control,114,1.0914
3453,Mainstream,Northeast,control,103,1.1197
3454,Mainstream,Midwest,treatment,30,1.0968
3455,Dormant Reactivation,Northeast,treatment,32,1.282
3456,Affluent Frequent,Southeast,control,115,0.5143
3457,Budget Occasional,West,control,32,0.7705
3458,Affluent Frequent,Midwest,control,19,0.7603
3459,Digital Native,Northeast,treatment,16,1.5477
3460,Digital Native,West,treatment,72,1.096
3461,Digital Native,Southeast,control,45,0.685
3462,Affluent Frequent,Midwest,treatment,27,2.2627
3463,Mainstream,Northeast,treatment,87,1.3315
3464,Digital Native,Southwest,treatment,18,0.7214
3465,Mainstream,West,treatment,52,0.7733
3466,Mainstream,West,treatment,87,1.9102
3467,Dormant Reactivation,West,control,9,0.7864
3468,Mainstream,West,control,89,1.4297
3469,Budget Occasional,Midwest,control,73,2.1614
3470,Affluent Frequent,Midwest,treatment,102,0.5469
3471,Budget Occasional,Southwest,control,64,0.2205
3472,Mainstream,Southeast,control,37,0.8127
3473,Budget Occasional,Northeast,treatment,85,0.7437
3474,Digital Native,Southeast,control,114,0.2764
3475,Affluent Frequent,Midwest,control,38,1.3436
3476,Digital Native,Northeast,control,92,1.1669
3477,Budget Occasional,Southeast,control,73,0.6117
3478,Dormant Reactivation,Northeast,control,7,1.258
3479,Digital Native,West,treatment,26,0.5515
3480,Affluent Frequent,Southeast,control,107,1.0791
3481,Mainstream,Southwest,treatment,55,1.5392
3482,Mainstream,Southeast,treatment,30,0.67
3483,Affluent Frequent,Southeast,treatment,67,1.2871
3484,Dormant Reactivation,Southwest,treatment,99,1.3582
3485,Budget Occasional,Midwest,treatment,106,1.0735
3486,Digital Native,Midwest,control,117,2.2354
3487,Mainstream,Southeast,treatment,81,0.6816
3488,Affluent Frequent,Southeast,control,22,1.1086
3489,Budget Occasional,Northeast,control,90,0.8073
3490,Budget Occasional,West,control,107,0.358
3491,Mainstream,Northeast,treatment,33,0.4296
3492,Affluent Frequent,Midwest,treatment,93,1.3208
3493,Digital Native,West,control,27,0.6297
3494,Budget Occasional,Northeast,control,102,0.592
3495,Mainstream,Midwest,control,43,1.4697
3496,Affluent Frequent,West,treatment,83,1.235
3497,Budget Occasional,Midwest,control,85,1.3097
3498,Dormant Reactivation,Midwest,treatment,33,0.6452
3499,Mainstream,Southeast,treatment,117,0.9023
3500,Digital Native,Northeast,control,27,1.8103
3501,Budget Occasional,Midwest,control,90,0.647
3502,Mainstream,Midwest,control,83,1.7637
3503,Budget Occasional,Northeast,treatment,8,0.6093
3504,Mainstream,Midwest,treatment,68,1.3059
3505,Digital Native,Midwest,treatment,57,0.8684
3506,Digital Native,West,treatment,69,1.9547
3507,Budget Occasional,Northeast,control,34,0.5927
3508,Mainstream,Midwest,control,77,1.3936
3509,Affluent Frequent,Northeast,treatment,103,1.0665
3510,Mainstream,Southeast,control,86,2.2082
3511,Affluent Frequent,Midwest,control,61,1.1937
3512,Affluent Frequent,Northeast,control,35,0.3147
3513,Mainstream,Midwest,control,43,2.1291
3514,Mainstream,Northeast,treatment,68,1.5751
3515,Affluent Frequent,Midwest,treatment,98,1.2244
3516,Digital Native,Midwest,control,54,0.5406
3517,Budget Occasional,Southeast,treatment,6,0.796
3518,Digital Native,Midwest,control,36,0.7372
3519,Mainstream,West,treatment,91,0.5865
3520,Digital Native,Northeast,control,62,1.1312
3521,Mainstream,Southwest,control,32,1.8153
3522,Mainstream,Southeast,treatment,13,0.3494
3523,Budget Occasional,West,treatment,75,1.3433
3524,Mainstream,Northeast,treatment,38,1.3582
3525,Mainstream,Southwest,control,100,2.0649
3526,Affluent Frequent,Southwest,treatment,37,1.3429
3527,Budget Occasional,Southwest,control,99,2.2851
3528,Affluent Frequent,West,control,7,0.8021
3529,Dormant Reactivation,Southwest,treatment,25,1.5924
3530,Dormant Reactivation,Southeast,treatment,24,1.1864
3531,Digital Native,West,treatment,17,1.4474
3532,Digital Native,Southeast,treatment,115,0.2542
3533,Affluent Frequent,Northeast,treatment,82,1.3639
3534,Dormant Reactivation,Southeast,control,32,1.3453
3535,Mainstream,Midwest,treatment,93,1.8723
3536,Mainstream,Northeast,control,103,0.6452
3537,Affluent Frequent,West,treatment,109,0.692
3538,Dormant Reactivation,Northeast,control,19,0.555
3539,Affluent Frequent,West,control,47,0.9586
3540,Mainstream,West,treatment,14,1.6021
3541,Digital Native,Southeast,control,87,1.1356
3542,Affluent Frequent,Midwest,treatment,108,0.5893
3543,Affluent Frequent,West,treatment,13,1.034
3544,Digital Native,Midwest,control,37,1.1937
3545,Dormant Reactivation,Northeast,treatment,29,1.5431
3546,Digital Native,Northeast,control,34,1.3449
3547,Digital Native,West,control,107,2.5043
3548,Affluent Frequent,Northeast,control,94,1.538
3549,Mainstream,Northeast,treatment,20,1.5042
3550,Mainstream,Northeast,treatment,101,0.8037
3551,Mainstream,Northeast,control,114,1.4138
3552,Affluent Frequent,West,control,51,1.1663
3553,Budget Occasional,Southwest,control,32,2.1472
3554,Mainstream,Southeast,treatment,88,0.4671
3555,Mainstream,Midwest,control,45,1.3278
3556,Affluent Frequent,Southwest,treatment,105,1.1412
3557,Mainstream,West,control,47,0.7885
3558,Mainstream,Southwest,control,90,1.7173
3559,Mainstream,Southeast,treatment,75,1.2194
3560,Budget Occasional,West,control,19,0.2369
3561,Affluent Frequent,Southeast,control,109,1.7504
3562,Affluent Frequent,Northeast,control,92,0.6739
3563,Budget Occasional,Midwest,control,75,0.9226
3564,Affluent Frequent,West,treatment,62,2.029
3565,Mainstream,Southwest,treatment,47,1.5827
3566,Digital Native,West,treatment,43,0.2711
3567,Dormant Reactivation,Northeast,control,27,0.7652
3568,Affluent Frequent,Northeast,treatment,58,0.5208
3569,Digital Native,Southeast,control,37,1.5345
3570,Budget Occasional,West,treatment,30,0.8857
3571,Budget Occasional,Northeast,treatment,119,0.9143
3572,Affluent Frequent,Northeast,control,103,0.4478
3573,Mainstream,Southeast,control,105,1.0293
3574,Mainstream,Midwest,control,32,0.5488
3575,Mainstream,Northeast,treatment,95,0.6326
3576,Mainstream,Northeast,treatment,47,0.7759
3577,Mainstream,Midwest,control,65,0.9394
3578,Digital Native,Northeast,control,46,0.744
3579,Affluent Frequent,Southeast,control,98,0.7851
3580,Mainstream,Northeast,control,110,1.0026
3581,Mainstream,Southeast,control,64,0.5852
3582,Budget Occasional,Midwest,treatment,66,0.8366
3583,Affluent Frequent,Northeast,treatment,21,0.9557
3584,Digital Native,West,control,117,0.3489
3585,Digital Native,Midwest,treatment,115,0.1579
3586,Mainstream,Midwest,treatment,70,0.4367
3587,Mainstream,Southeast,control,10,1.3551
3588,Mainstream,West,treatment,93,0.6267
3589,Budget Occasional,Southeast,control,63,1.54
3590,Mainstream,Southeast,control,113,1.0135
3591,Dormant Reactivation,Southwest,treatment,92,0.9459
3592,Budget Occasional,West,control,59,1.9661
3593,Dormant Reactivation,Northeast,treatment,40,0.7651
3594,Mainstream,Southeast,control,60,1.5858
3595,Digital Native,Northeast,treatment,113,1.4302
3596,Budget Occasional,Southeast,treatment,96,1.1968
3597,Budget Occasional,Midwest,treatment,70,0.849
3598,Budget Occasional,Southeast,treatment,43,1.2424
3599,Digital Native,West,control,72,0.4688
3600,Dormant Reactivation,Midwest,control,44,0.8005
3601,Digital Native,West,control,92,0.971
3602,Budget Occasional,Southeast,treatment,6,0.8519
3603,Budget Occasional,Midwest,control,46,1.292
3604,Mainstream,Southeast,control,4,0.5312
3605,Mainstream,Midwest,control,116,0.8828
3606,Digital Native,West,control,102,0.8758
3607,Mainstream,Midwest,treatment,42,1.4221
3608,Digital Native,Midwest,control,98,0.1507
3609,Digital Native,Northeast,treatment,102,0.6074
3610,Mainstream,West,treatment,31,0.9941
3611,Affluent Frequent,Northeast,control,62,0.6347
3612,Digital Native,Midwest,treatment,62,1.5194
3613,Affluent Frequent,Southwest,treatment,49,1.4801
3614,Mainstream,Midwest,treatment,40,0.6677
3615,Affluent Frequent,Northeast,control,33,1.468
3616,Affluent Frequent,Southwest,treatment,78,1.3823
3617,Mainstream,Midwest,treatment,120,0.8982
3618,Affluent Frequent,Southwest,control,16,0.6676
3619,Digital Native,Midwest,control,75,0.3475
3620,Dormant Reactivation,West,control,76,1.249
3621,Affluent Frequent,Southeast,treatment,13,0.2798
3622,Affluent Frequent,Southwest,control,38,1.1667
3623,Affluent Frequent,Northeast,control,24,0.9939
3624,Dormant Reactivation,Northeast,treatment,73,0.5885
3625,Digital Native,Southeast,control,50,0.6154
3626,Budget Occasional,Southeast,control,78,1.8383
3627,Digital Native,Midwest,control,95,1.391
3628,Budget Occasional,West,treatment,33,1.2658
3629,Dormant Reactivation,West,treatment,53,1.876
3630,Affluent Frequent,Northeast,control,114,0.5437
3631,Mainstream,Midwest,control,108,0.5757
3632,Mainstream,Southeast,treatment,117,0.1278
3633,Mainstream,Midwest,control,78,0.2864
3634,Mainstream,Southwest,control,48,1.1113
3635,Affluent Frequent,West,treatment,103,1.1596
3636,Mainstream,Midwest,control,3,2.213
3637,Budget Occasional,Northeast,treatment,120,1.0656
3638,Mainstream,Northeast,treatment,35,0.318
3639,Digital Native,Midwest,treatment,13,0.8964
3640,Affluent Frequent,West,control,16,0.8263
3641,Digital Native,Northeast,treatment,85,2.2409
3642,Mainstream,Midwest,treatment,18,0.5344
3643,Dormant Reactivation,Southeast,control,105,2.0707
3644,Mainstream,Northeast,control,110,0.6846
3645,Digital Native,Southwest,treatment,49,0.9108
3646,Digital Native,Southeast,control,110,2.1883
3647,Budget Occasional,Southwest,control,22,1.2954
3648,Mainstream,Midwest,treatment,37,0.9494
3649,Mainstream,Midwest,control,53,0.353
3650,Budget Occasional,Midwest,treatment,112,1.6348
3651,Mainstream,West,control,9,0.9632
3652,Budget Occasional,West,control,24,2.071
3653,Affluent Frequent,Southwest,control,15,1.2331
3654,Digital Native,Southeast,treatment,80,1.0753
3655,Budget Occasional,Northeast,treatment,10,0.7815
3656,Mainstream,Southwest,control,43,0.7972
3657,Digital Native,Southwest,control,52,0.7382
3658,Mainstream,Midwest,control,76,1.3694
3659,Affluent Frequent,Southeast,treatment,77,1.1699
3660,Dormant Reactivation,Midwest,control,75,2.2524
3661,Mainstream,Midwest,treatment,23,0.817
3662,Digital Native,West,control,9,0.6933
3663,Affluent Frequent,Southeast,treatment,64,1.0564
3664,Budget Occasional,Northeast,control,28,1.2449
3665,Dormant Reactivation,Southeast,treatment,16,0.6309
3666,Mainstream,Midwest,control,105,0.8443
3667,Mainstream,Midwest,control,22,1.7698
3668,Budget Occasional,Southwest,control,10,0.9218
3669,Affluent Frequent,West,treatment,116,0.9083
3670,Mainstream,Southwest,control,42,0.4599
3671,Dormant Reactivation,Northeast,treatment,115,0.8478
3672,Mainstream,West,control,59,0.6254
3673,Affluent Frequent,Midwest,treatment,44,0.6194
3674,Mainstream,Northeast,control,118,0.8392
3675,Digital Native,Northeast,treatment,95,0.722
3676,Budget Occasional,Southwest,control,112,1.0215
3677,Mainstream,Southeast,control,111,1.3332
3678,Dormant Reactivation,Northeast,treatment,28,1.2163
3679,Affluent Frequent,Southwest,treatment,119,1.0791
3680,Mainstream,Southeast,control,74,0.7214
3681,Digital Native,Northeast,treatment,64,1.3951
3682,Mainstream,Northeast,treatment,82,0.7184
3683,Affluent Frequent,Northeast,treatment,104,1.1385
3684,Mainstream,Northeast,control,48,1.4786
3685,Budget Occasional,Northeast,treatment,22,1.4844
3686,Digital Native,Midwest,control,85,0.9866
3687,Budget Occasional,Southeast,control,40,0.3244
3688,Mainstream,Northeast,treatment,53,0.9925
3689,Mainstream,West,control,55,1.3092
3690,Digital Native,West,control,48,0.6089
3691,Dormant Reactivation,Southeast,control,118,0.5467
3692,Budget Occasional,Midwest,treatment,33,0.2734
3693,Affluent Frequent,Midwest,treatment,31,0.2542
3694,Dormant Reactivation,Southeast,treatment,6,0.4334
3695,Mainstream,Northeast,control,48,1.1452
3696,Affluent Frequent,Southeast,treatment,38,1.07
3697,Mainstream,West,treatment,30,0.2326
3698,Digital Native,Midwest,control,54,0.8747
3699,Mainstream,Northeast,control,85,0.6111
3700,Budget Occasional,Southwest,control,82,0.6393
3701,Mainstream,Northeast,treatment,13,1.6735
3702,Mainstream,Southeast,treatment,35,0.453
3703,Budget Occasional,West,control,67,1.0124
3704,Budget Occasional,West,control,107,1.4501
3705,Mainstream,West,control,3,1.0712
3706,Digital Native,West,treatment,18,0.6174
3707,Digital Native,Southeast,treatment,48,0.7749
3708,Affluent Frequent,Midwest,treatment,52,0.5518
3709,Mainstream,Northeast,control,91,0.8058
3710,Affluent Frequent,West,treatment,88,1.7831
3711,Digital Native,West,control,91,0.9838
3712,Dormant Reactivation,Northeast,treatment,100,1.3241
3713,Affluent Frequent,Midwest,control,40,0.7913
3714,Budget Occasional,Southwest,treatment,105,0.2989
3715,Budget Occasional,Southeast,control,40,1.6721
3716,Digital Native,Northeast,control,120,1.3645
3717,Mainstream,West,treatment,70,0.9447
3718,Budget Occasional,Southeast,control,69,0.8839
3719,Affluent Frequent,Southeast,control,61,0.9378
3720,Affluent Frequent,Midwest,control,115,0.4484
3721,Budget Occasional,Southeast,treatment,51,0.6146
3722,Digital Native,West,control,57,0.9928
3723,Mainstream,West,control,103,1.4118
3724,Budget Occasional,Northeast,control,120,0.733
3725,Mainstream,Northeast,treatment,89,0.3157
3726,Mainstream,Midwest,control,51,0.6498
3727,Mainstream,Northeast,treatment,120,0.6398
3728,Affluent Frequent,Southwest,control,96,0.7649
3729,Budget Occasional,Northeast,control,37,0.4083
3730,Dormant Reactivation,Midwest,treatment,38,1.5858
3731,Budget Occasional,Northeast,treatment,66,1.3204
3732,Mainstream,Southwest,control,111,0.6506
3733,Budget Occasional,Midwest,control,92,0.5456
3734,Budget Occasional,Southwest,control,39,1.0045
3735,Budget Occasional,Northeast,control,112,0.2674
3736,Digital Native,Southeast,control,98,0.5733
3737,Budget Occasional,Midwest,treatment,103,0.4226
3738,Dormant Reactivation,West,control,19,1.2314
3739,Affluent Frequent,Southwest,control,70,0.6978
3740,Budget Occasional,Southwest,treatment,8,0.5485
3741,Digital Native,Southeast,control,27,0.9581
3742,Budget Occasional,Northeast,treatment,24,1.0101
3743,Mainstream,Northeast,treatment,73,1.5933
3744,Digital Native,West,treatment,31,0.8888
3745,Mainstream,West,control,38,0.8928
3746,Affluent Frequent,Southwest,control,55,1.3145
3747,Dormant Reactivation,West,treatment,30,1.8219
3748,Digital Native,Southwest,treatment,86,1.1526
3749,Digital Native,Southeast,treatment,81,1.0458
3750,Digital Native,Midwest,treatment,31,1.869
3751,Mainstream,Northeast,control,106,0.3817
3752,Mainstream,Northeast,control,26,0.756
3753,Budget Occasional,Midwest,control,99,1.5737
3754,Affluent Frequent,Southeast,control,42,0.8284
3755,Digital Native,Midwest,control,38,0.7786
3756,Mainstream,West,treatment,95,0.97
3757,Dormant Reactivation,West,control,88,1.3183
3758,Dormant Reactivation,Southeast,control,80,0.833
3759,Budget Occasional,Northeast,control,95,0.7244
3760,Mainstream,Northeast,treatment,118,0.8994
3761,Dormant Reactivation,West,control,35,1.3526
3762,Mainstream,West,control,66,0.5119
3763,Affluent Frequent,Southwest,treatment,78,0.2186
3764,Dormant Reactivation,Southeast,control,95,1.3623
3765,Affluent Frequent,Southwest,control,90,0.9643
3766,Mainstream,Northeast,control,105,2.2883
3767,Digital Native,West,treatment,24,1.2975
3768,Affluent Frequent,Midwest,control,60,0.8736
3769,Budget Occasional,Midwest,treatment,18,0.7799
3770,Budget Occasional,Northeast,treatment,85,0.9813
3771,Budget Occasional,Midwest,treatment,116,0.9018
3772,Mainstream,Midwest,control,56,0.6475
3773,Dormant Reactivation,Southeast,control,17,0.6417
3774,Affluent Frequent,Southeast,treatment,54,1.3526
3775,Mainstream,Southeast,control,108,1.3334
3776,Budget Occasional,Northeast,control,72,1.3927
3777,Budget Occasional,Northeast,treatment,73,0.6123
3778,Budget Occasional,West,control,63,0.5
3779,Mainstream,Midwest,control,82,0.2474
3780,Mainstream,Southeast,control,79,0.7393
3781,Digital Native,Southeast,control,104,1.6947
3782,Budget Occasional,Midwest,control,86,1.8054
3783,Budget Occasional,West,control,35,0.7188
3784,Mainstream,Southeast,treatment,12,0.4784
3785,Digital Native,Southeast,control,109,0.7469
3786,Affluent Frequent,Northeast,control,41,1.1932
3787,Dormant Reactivation,Southeast,treatment,50,1.1309
3788,Digital Native,Southeast,treatment,57,0.8124
3789,Affluent Frequent,Southwest,control,33,0.7235
3790,Dormant Reactivation,West,treatment,27,0.8922
3791,Dormant Reactivation,Southwest,control,23,0.6561
3792,Dormant Reactivation,Northeast,treatment,105,0.6001
3793,Budget Occasional,Southeast,control,90,1.4318
3794,Mainstream,Northeast,control,74,1.4755
3795,Affluent Frequent,West,treatment,22,0.6895
3796,Budget Occasional,Midwest,treatment,37,0.9987
3797,Affluent Frequent,Northeast,control,61,0.8116
3798,Budget Occasional,West,treatment,79,0.7679
3799,Mainstream,Northeast,treatment,78,1.5329
3800,Mainstream,Southeast,treatment,50,0.943
3801,Dormant Reactivation,West,control,57,0.9171
3802,Dormant Reactivation,Northeast,control,105,0.817
3803,Dormant Reactivation,Midwest,treatment,44,0.5451
3804,Budget Occasional,Southeast,control,35,0.5983
3805,Budget Occasional,Northeast,treatment,88,1.1033
3806,Mainstream,West,control,115,1.3446
3807,Affluent Frequent,West,control,54,0.712
3808,Dormant Reactivation,Southeast,treatment,113,1.3351
3809,Mainstream,Southwest,control,72,0.6692
3810,Digital Native,Southwest,control,19,0.4763
3811,Dormant Reactivation,Northeast,treatment,20,0.5929
3812,Mainstream,West,control,50,0.8547
3813,Dormant Reactivation,Northeast,treatment,18,1.4791
3814,Affluent Frequent,Southeast,treatment,5,1.5819
3815,Mainstream,West,control,10,0.6705
3816,Digital Native,Southeast,treatment,66,1.2447
3817,Mainstream,Midwest,treatment,6,1.1524
3818,Budget Occasional,Southwest,control,12,1.0936
3819,Budget Occasional,West,control,59,1.1973
3820,Budget Occasional,Southwest,control,94,0.8313
3821,Budget Occasional,Southwest,control,110,0.5659
3822,Budget Occasional,Southeast,control,99,1.5649
3823,Budget Occasional,Northeast,treatment,87,1.1098
3824,Mainstream,Midwest,control,55,2.1244
3825,Budget Occasional,Northeast,treatment,27,0.7348
3826,Mainstream,Northeast,treatment,47,0.4704
3827,Digital Native,Midwest,control,47,0.5487
3828,Mainstream,Southeast,control,75,0.8875
3829,Budget Occasional,Northeast,treatment,88,0.4939
3830,Dormant Reactivation,Southeast,treatment,111,1.2586
3831,Affluent Frequent,West,treatment,30,1.3225
3832,Mainstream,West,treatment,99,0.3855
3833,Budget Occasional,Southeast,control,119,1.235
3834,Affluent Frequent,Northeast,control,11,1.0674
3835,Affluent Frequent,Southwest,treatment,120,1.1583
3836,Dormant Reactivation,Northeast,control,82,0.7337
3837,Digital Native,Midwest,treatment,21,0.7277
3838,Dormant Reactivation,Southwest,treatment,19,0.527
3839,Budget Occasional,Southwest,control,75,0.6158
3840,Mainstream,Northeast,control,54,0.4689
3841,Budget Occasional,Southeast,treatment,100,1.5001
3842,Budget Occasional,Midwest,control,46,1.6561
3843,Affluent Frequent,West,treatment,97,0.7651
3844,Digital Native,West,control,77,0.9957
3845,Digital Native,Midwest,treatment,27,0.5306
3846,Dormant Reactivation,Midwest,treatment,16,0.1248
3847,Mainstream,Midwest,treatment,24,0.862
3848,Affluent Frequent,West,treatment,78,2.4713
3849,Affluent Frequent,West,control,21,1.9484
3850,Mainstream,Midwest,treatment,86,1.8428
3851,Digital Native,West,control,43,0.9908
3852,Mainstream,Northeast,treatment,117,1.089
3853,Budget Occasional,Northeast,control,106,0.9986
3854,Affluent Frequent,Southeast,control,10,1.2374
3855,Digital Native,Northeast,treatment,75,1.3222
3856,Mainstream,Midwest,control,56,1.956
3857,Mainstream,Southeast,treatment,76,1.819
3858,Digital Native,West,treatment,98,0.6471
3859,Dormant Reactivation,Midwest,control,50,0.674
3860,Mainstream,Southeast,treatment,22,0.8081
3861,Budget Occasional,Midwest,control,41,1.2964
3862,Budget Occasional,Northeast,treatment,52,1.1711
3863,Digital Native,West,control,80,0.7672
3864,Mainstream,Southeast,control,72,0.6864
3865,Budget Occasional,Northeast,treatment,65,1.8044
3866,Budget Occasional,West,treatment,33,1.0056
3867,Budget Occasional,Midwest,treatment,52,1.2494
3868,Mainstream,Southeast,treatment,68,1.4715
3869,Digital Native,Midwest,control,104,1.1222
3870,Mainstream,Southeast,treatment,46,0.6438
3871,Digital Native,West,treatment,107,1.0985
3872,Budget Occasional,Northeast,treatment,107,2.0067
3873,Budget Occasional,Northeast,control,26,1.0263
3874,Affluent Frequent,Northeast,treatment,55,1.4577
3875,Mainstream,West,control,23,1.352
3876,Affluent Frequent,Midwest,control,82,0.9298
3877,Digital Native,West,treatment,53,1.9171
3878,Dormant Reactivation,Northeast,control,97,0.6339
3879,Affluent Frequent,Northeast,control,48,0.7653
3880,Mainstream,Midwest,treatment,97,1.849
3881,Budget Occasional,Southwest,control,64,0.7715
3882,Affluent Frequent,West,control,118,0.4066
3883,Budget Occasional,West,treatment,87,0.7305
3884,Dormant Reactivation,West,control,119,0.9759
3885,Affluent Frequent,West,control,32,0.437
3886,Budget Occasional,Southwest,control,32,1.1427
3887,Mainstream,Southwest,control,24,1.1348
3888,Budget Occasional,Northeast,treatment,114,0.6217
3889,Budget Occasional,Northeast,treatment,47,1.4897
3890,Dormant Reactivation,Southwest,control,37,1.399
3891,Affluent Frequent,Northeast,control,100,0.2895
3892,Budget Occasional,West,treatment,26,0.2465
3893,Budget Occasional,Northeast,control,48,0.4583
3894,Digital Native,Southeast,control,58,1.2991
3895,Affluent Frequent,Northeast,treatment,76,1.0868
3896,Dormant Reactivation,Midwest,treatment,100,0.7288
3897,Affluent Frequent,Southeast,treatment,94,0.5475
3898,Mainstream,West,treatment,109,0.5787
3899,Affluent Frequent,Midwest,control,38,0.6
3900,Mainstream,Midwest,treatment,95,1.9562
3901,Affluent Frequent,Southeast,control,7,0.4076
3902,Budget Occasional,Northeast,treatment,110,2.0749
3903,Budget Occasional,West,treatment,22,1.3812
3904,Budget Occasional,Northeast,control,63,0.8172
3905,Budget Occasional,Northeast,treatment,13,1.6394
3906,Budget Occasional,Midwest,treatment,31,0.6215
3907,Mainstream,Southeast,control,27,0.9331
3908,Digital Native,West,control,10,1.8545
3909,Mainstream,Northeast,control,18,1.3328
3910,Digital Native,Southeast,treatment,10,0.8644
3911,Digital Native,Southwest,control,110,0.4795
3912,Mainstream,Southeast,treatment,79,1.4288
3913,Dormant Reactivation,Northeast,treatment,91,0.7957
3914,Affluent Frequent,Northeast,control,83,0.9903
3915,Budget Occasional,Midwest,control,38,1.3808
3916,Budget Occasional,West,control,111,0.8829
3917,Mainstream,Southeast,control,58,1.4583
3918,Mainstream,Midwest,control,66,1.3117
3919,Mainstream,Southeast,control,92,0.6763
3920,Digital Native,Midwest,treatment,116,1.9422
3921,Digital Native,Midwest,control,32,2.1906
3922,Mainstream,Midwest,control,35,0.9819
3923,Mainstream,West,control,6,1.4123
3924,Affluent Frequent,Southwest,treatment,86,0.744
3925,Affluent Frequent,Southeast,control,87,1.2244
3926,Digital Native,Northeast,treatment,53,1.4961
3927,Dormant Reactivation,Southwest,control,35,1.7432
3928,Dormant Reactivation,West,treatment,71,0.998
3929,Digital Native,Southeast,treatment,5,2.1778
3930,Digital Native,West,control,107,1.7156
3931,Dormant Reactivation,Midwest,treatment,89,1.3631
3932,Dormant Reactivation,West,treatment,9,0.3684
3933,Affluent Frequent,Northeast,treatment,17,1.3544
3934,Digital Native,Northeast,treatment,71,0.4417
3935,Affluent Frequent,Southeast,control,10,0.2977
3936,Budget Occasional,West,treatment,33,1.7565
3937,Dormant Reactivation,Midwest,treatment,65,0.9426
3938,Digital Native,West,control,19,1.8281
3939,Budget Occasional,Southeast,control,93,1.2653
3940,Affluent Frequent,Southeast,treatment,57,0.3534
3941,Budget Occasional,Midwest,control,74,1.3027
3942,Budget Occasional,Northeast,control,117,1.5318
3943,Mainstream,Northeast,control,57,1.3263
3944,Budget Occasional,Midwest,control,13,0.5537
3945,Mainstream,West,control,60,0.679
3946,Budget Occasional,Southeast,control,109,1.4511
3947,Mainstream,Midwest,control,108,1.1464
3948,Digital Native,Northeast,control,47,0.8329
3949,Mainstream,Midwest,treatment,74,0.6763
3950,Affluent Frequent,Northeast,control,50,0.5158
3951,Digital Native,Southeast,treatment,67,0.3946
3952,Mainstream,West,treatment,77,1.456
3953,Mainstream,Southeast,control,78,0.473
3954,Budget Occasional,Southeast,treatment,69,1.9031
3955,Mainstream,Southwest,treatment,67,0.6509
3956,Budget Occasional,West,control,89,1.076
3957,Dormant Reactivation,Southwest,control,47,1.6375
3958,Mainstream,Southeast,treatment,3,1.4407
3959,Affluent Frequent,Southeast,treatment,33,0.5878
3960,Budget Occasional,Southeast,control,54,1.8109
3961,Digital Native,Southeast,control,5,0.8713
3962,Digital Native,Southeast,treatment,112,1.1769
3963,Mainstream,West,treatment,112,1.0521
3964,Dormant Reactivation,West,treatment,57,1.2615
3965,Budget Occasional,Northeast,control,11,0.3017
3966,Affluent Frequent,West,treatment,61,1.1132
3967,Dormant Reactivation,Northeast,control,75,0.8433
3968,Affluent Frequent,West,treatment,100,0.2621
3969,Dormant Reactivation,Southeast,treatment,54,0.8546
3970,Budget Occasional,West,treatment,15,1.0629
3971,Affluent Frequent,Southeast,treatment,83,0.963
3972,Mainstream,West,treatment,104,0.9872
3973,Affluent Frequent,Southeast,control,88,0.5655
3974,Mainstream,Midwest,treatment,4,1.5128
3975,Mainstream,Northeast,control,18,1.3866
3976,Mainstream,Southeast,treatment,39,1.2324
3977,Mainstream,Northeast,treatment,88,1.0788
3978,Affluent Frequent,West,treatment,91,0.3962
3979,Mainstream,Southwest,control,6,2.0662
3980,Digital Native,Northeast,control,16,1.4144
3981,Digital Native,Northeast,treatment,43,2.6272
3982,Digital Native,Southeast,control,109,0.5604
3983,Affluent Frequent,Southeast,treatment,46,1.0942
3984,Mainstream,Southeast,control,25,1.6017
3985,Budget Occasional,Southeast,control,67,1.1395
3986,Mainstream,West,treatment,47,1.6315
3987,Budget Occasional,Northeast,control,114,1.2686
3988,Affluent Frequent,West,control,98,0.7859
3989,Affluent Frequent,Northeast,treatment,100,0.8041
3990,Mainstream,Southeast,control,4,0.8707
3991,Budget Occasional,West,treatment,92,0.858
3992,Affluent Frequent,West,treatment,114,0.474
3993,Mainstream,West,control,93,0.8471
3994,Mainstream,Southeast,control,57,0.6645
3995,Affluent Frequent,Midwest,control,8,1.0408
3996,Dormant Reactivation,Southeast,control,118,0.6499
3997,Affluent Frequent,Midwest,treatment,84,0.4225
3998,Dormant Reactivation,Midwest,treatment,36,0.8309
3999,Affluent Frequent,Southeast,control,117,1.1965
4000,Digital Native,Northeast,control,114,0.937
4001,Budget Occasional,West,control,57,0.6547
4002,Budget Occasional,Southwest,treatment,113,0.155
4003,Affluent Frequent,Northeast,treatment,92,0.512
4004,Mainstream,Northeast,control,83,1.7476
4005,Digital Native,Midwest,treatment,37,0.7743
4006,Dormant Reactivation,Midwest,control,52,0.9058
4007,Digital Native,Southeast,treatment,106,1.0852
4008,Dormant Reactivation,Southwest,treatment,105,0.411
4009,Mainstream,Southeast,treatment,22,0.9261
4010,Affluent Frequent,Southeast,treatment,49,0.8717
4011,Budget Occasional,Midwest,control,30,1.2418
4012,Budget Occasional,Southwest,treatment,50,0.9244
4013,Budget Occasional,Northeast,control,114,0.5209
4014,Affluent Frequent,Midwest,treatment,25,1.042
4015,Mainstream,Northeast,control,7,1.6957
4016,Mainstream,Northeast,control,7,0.7424
4017,Digital Native,Midwest,control,107,0.5106
4018,Budget Occasional,Southwest,control,32,0.3928
4019,Digital Native,Northeast,treatment,96,1.9693
4020,Affluent Frequent,Midwest,treatment,102,0.6571
4021,Budget Occasional,Midwest,treatment,62,0.9116
4022,Mainstream,Northeast,treatment,8,0.8173
4023,Budget Occasional,Northeast,treatment,102,0.7089
4024,Affluent Frequent,Northeast,control,19,1.8137
4025,Mainstream,Midwest,treatment,105,0.9196
4026,Budget Occasional,West,control,63,0.3821
4027,Budget Occasional,West,control,112,1.9714
4028,Budget Occasional,Southeast,treatment,106,0.6406
4029,Dormant Reactivation,Midwest,treatment,39,0.5318
4030,Affluent Frequent,Southeast,control,47,0.9526
4031,Dormant Reactivation,Southeast,treatment,80,1.5899
4032,Mainstream,Northeast,treatment,98,1.1426
4033,Mainstream,Northeast,control,117,0.6627
4034,Budget Occasional,West,treatment,67,0.5958
4035,Dormant Reactivation,Midwest,control,109,1.4245
4036,Affluent Frequent,Midwest,control,26,1.0757
4037,Dormant Reactivation,Northeast,treatment,11,0.8078
4038,Affluent Frequent,West,treatment,80,0.5516
4039,Digital Native,West,treatment,95,1.5687
4040,Budget Occasional,Midwest,treatment,108,1.582
4041,Digital Native,West,treatment,63,0.9252
4042,Mainstream,Northeast,treatment,17,0.5313
4043,Budget Occasional,Southwest,control,88,0.7231
4044,Mainstream,West,treatment,15,0.5985
4045,Digital Native,Southeast,treatment,93,0.6496
4046,Affluent Frequent,West,treatment,109,0.9475
4047,Mainstream,Northeast,treatment,14,1.185
4048,Budget Occasional,Southeast,treatment,66,0.2963
4049,Budget Occasional,Midwest,control,29,0.5883
4050,Affluent Frequent,West,control,39,1.3293
4051,Dormant Reactivation,Southeast,treatment,75,0.5371
4052,Budget Occasional,Southeast,treatment,107,0.941
4053,Mainstream,Northeast,treatment,87,0.4765
4054,Budget Occasional,West,control,111,0.42
4055,Affluent Frequent,West,control,55,1.5651
4056,Affluent Frequent,Midwest,treatment,4,0.8486
4057,Budget Occasional,Northeast,treatment,50,0.6048
4058,Mainstream,West,treatment,88,0.758
4059,Affluent Frequent,West,treatment,27,0.6622
4060,Budget Occasional,Southeast,control,93,0.3636
4061,Dormant Reactivation,Southwest,control,102,1.3647
4062,Digital Native,Northeast,treatment,28,0.8157
4063,Affluent Frequent,West,treatment,93,0.7201
4064,Mainstream,Northeast,control,99,0.4827
4065,Budget Occasional,Southeast,treatment,50,0.909
4066,Digital Native,Midwest,control,25,1.1602
4067,Dormant Reactivation,Midwest,control,47,0.437
4068,Dormant Reactivation,Midwest,control,81,0.5504
4069,Mainstream,Southwest,treatment,108,0.9663
4070,Digital Native,Midwest,treatment,21,0.6383
4071,Mainstream,Southeast,treatment,73,0.5419
4072,Mainstream,West,treatment,48,1.3676
4073,Affluent Frequent,Southwest,treatment,18,1.0581
4074,Mainstream,West,control,85,1.0483
4075,Budget Occasional,Midwest,treatment,101,1.7023
4076,Budget Occasional,Midwest,treatment,55,0.6761
4077,Digital Native,Northeast,control,103,0.4787
4078,Digital Native,Northeast,treatment,20,1.0753
4079,Digital Native,Southeast,control,19,1.2423
4080,Digital Native,Northeast,control,111,1.5981
4081,Digital Native,Southwest,treatment,56,1.429
4082,Mainstream,Southeast,treatment,110,0.3482
4083,Affluent Frequent,Southwest,control,65,2.6144
4084,Budget Occasional,Southwest,treatment,38,1.7668
4085,Budget Occasional,Midwest,control,9,1.7172
4086,Mainstream,Southwest,control,20,0.5552
4087,Digital Native,West,control,45,0.5635
4088,Affluent Frequent,Midwest,control,113,0.7997
4089,Mainstream,Northeast,treatment,51,2.3924
4090,Budget Occasional,Southeast,control,73,0.9961
4091,Mainstream,Southwest,control,90,1.6352
4092,Mainstream,Southwest,control,120,2.2786
4093,Affluent Frequent,Midwest,treatment,6,0.9929
4094,Digital Native,Midwest,treatment,13,0.9892
4095,Dormant Reactivation,West,control,10,1.3734
4096,Mainstream,Northeast,treatment,34,0.3899
4097,Digital Native,Southwest,control,26,1.3408
4098,Budget Occasional,Midwest,treatment,10,1.2487
4099,Mainstream,Southeast,treatment,98,0.4819
4100,Affluent Frequent,West,treatment,50,0.4565
4101,Digital Native,Southeast,treatment,87,1.4209
4102,Dormant Reactivation,West,treatment,101,0.43
4103,Digital Native,Midwest,treatment,58,0.4804
4104,Dormant Reactivation,West,control,19,2.316
4105,Mainstream,Midwest,control,24,1.0111
4106,Mainstream,West,control,103,2.5604
4107,Mainstream,Southwest,control,44,0.5343
4108,Mainstream,Northeast,treatment,11,0.8092
4109,Digital Native,West,treatment,113,0.5084
4110,Dormant Reactivation,Northeast,control,61,0.78
4111,Mainstream,West,control,77,1.6354
4112,Digital Native,Northeast,treatment,54,0.5086
4113,Digital Native,Southeast,control,20,1.7539
4114,Budget Occasional,Northeast,control,19,1.1887
4115,Mainstream,Northeast,treatment,20,1.4257
4116,Mainstream,Southeast,treatment,6,2.2089
4117,Mainstream,West,control,76,0.8782
4118,Budget Occasional,Southeast,control,6,1.5606
4119,Digital Native,Southeast,treatment,39,0.4785
4120,Affluent Frequent,Northeast,control,104,0.672
4121,Dormant Reactivation,Southwest,control,53,1.7708
4122,Budget Occasional,Northeast,treatment,13,0.9784
4123,Affluent Frequent,West,control,95,0.8952
4124,Mainstream,Southwest,control,60,0.6321
4125,Digital Native,West,control,47,0.8054
4126,Mainstream,West,treatment,12,2.8713
4127,Affluent Frequent,Northeast,treatment,43,0.8072
4128,Mainstream,Southwest,treatment,9,0.4257
4129,Affluent Frequent,Southeast,control,101,0.8158
4130,Affluent Frequent,Midwest,treatment,38,0.3698
4131,Digital Native,West,control,94,0.9597
4132,Affluent Frequent,Midwest,control,113,0.4357
4133,Digital Native,Southeast,treatment,59,0.9824
4134,Affluent Frequent,Northeast,control,39,0.5131
4135,Affluent Frequent,West,control,32,0.748
4136,Mainstream,Midwest,control,33,0.811
4137,Dormant Reactivation,Midwest,control,84,0.684
4138,Mainstream,Southeast,treatment,84,0.4443
4139,Mainstream,Northeast,treatment,45,0.904
4140,Affluent Frequent,Southwest,control,49,1.5427
4141,Dormant Reactivation,Northeast,control,47,1.1015
4142,Affluent Frequent,Southwest,control,3,0.9008
4143,Affluent Frequent,Midwest,treatment,98,0.7647
4144,Affluent Frequent,West,treatment,92,0.8122
4145,Mainstream,Southwest,control,34,1.2694
4146,Affluent Frequent,Southwest,treatment,88,1.8734
4147,Digital Native,Northeast,control,14,0.2329
4148,Mainstream,West,control,72,0.8679
4149,Affluent Frequent,Midwest,control,114,1.0488
4150,Mainstream,Southwest,treatment,63,0.2022
4151,Mainstream,Southwest,treatment,97,1.9291
4152,Budget Occasional,Northeast,treatment,97,0.9934
4153,Dormant Reactivation,Midwest,control,13,0.4708
4154,Mainstream,West,treatment,116,1.6184
4155,Mainstream,Northeast,treatment,111,0.9764
4156,Affluent Frequent,Midwest,control,95,0.5359
4157,Mainstream,Midwest,control,29,0.4298
4158,Mainstream,Northeast,treatment,117,0.7196
4159,Affluent Frequent,Midwest,control,118,0.6847
4160,Digital Native,Midwest,control,4,1.7649
4161,Mainstream,Midwest,treatment,104,1.1908
4162,Affluent Frequent,West,treatment,89,1.023
4163,Mainstream,West,treatment,32,1.2611
4164,Budget Occasional,Southeast,control,77,0.7699
4165,Affluent Frequent,Midwest,control,62,1.0464
4166,Affluent Frequent,Northeast,control,93,0.7606
4167,Dormant Reactivation,Midwest,treatment,88,1.4942
4168,Budget Occasional,Northeast,treatment,56,0.913
4169,Budget Occasional,West,control,14,0.6311
4170,Dormant Reactivation,Southwest,control,12,0.8072
4171,Dormant Reactivation,Midwest,control,81,1.2764
4172,Affluent Frequent,West,treatment,14,0.237
4173,Digital Native,West,control,113,1.4214
4174,Affluent Frequent,Midwest,control,38,1.4536
4175,Digital Native,Southeast,treatment,19,0.8689
4176,Affluent Frequent,West,treatment,42,0.6904
4177,Budget Occasional,Midwest,treatment,99,1.8491
4178,Budget Occasional,West,treatment,88,0.5348
4179,Mainstream,West,control,68,1.5427
4180,Budget Occasional,Northeast,control,107,1.7614
4181,Budget Occasional,Midwest,treatment,7,0.8028
4182,Budget Occasional,Northeast,treatment,16,0.2656
4183,Mainstream,Southeast,treatment,63,0.827
4184,Mainstream,Southeast,control,88,1.0716
4185,Mainstream,Midwest,treatment,70,0.8025
4186,Budget Occasional,Southeast,control,48,1.3274
4187,Digital Native,Southeast,treatment,38,0.9154
4188,Mainstream,West,treatment,10,0.7763
4189,Budget Occasional,Northeast,treatment,88,1.0504
4190,Affluent Frequent,Southeast,control,31,1.12
4191,Digital Native,Southeast,control,116,0.5838
4192,Budget Occasional,Southeast,control,117,0.905
4193,Affluent Frequent,Southwest,treatment,8,0.9447
4194,Mainstream,Midwest,control,71,0.5801
4195,Mainstream,West,control,110,1.1329
4196,Affluent Frequent,Midwest,control,40,0.5813
4197,Affluent Frequent,West,treatment,79,1.7764
4198,Affluent Frequent,Southeast,treatment,118,0.9494
4199,Dormant Reactivation,Southwest,treatment,63,1.5159
4200,Digital Native,Midwest,control,27,1.5434
4201,Affluent Frequent,Southeast,treatment,7,0.3994
4202,Budget Occasional,West,control,33,1.1667
4203,Digital Native,West,control,92,1.1807
4204,Affluent Frequent,Southeast,control,10,1.1513
4205,Dormant Reactivation,Northeast,treatment,109,1.1203
4206,Mainstream,Northeast,treatment,108,1.4075
4207,Mainstream,West,control,39,0.1698
4208,Affluent Frequent,West,control,50,1.4847
4209,Mainstream,Northeast,control,39,2.2709
4210,Budget Occasional,Midwest,treatment,40,0.5979
4211,Affluent Frequent,Southwest,control,38,1.2757
4212,Mainstream,Midwest,treatment,67,0.3951
4213,Affluent Frequent,Midwest,treatment,32,0.4567
4214,Dormant Reactivation,Midwest,control,97,1.2952
4215,Mainstream,Southeast,treatment,104,0.8596
4216,Mainstream,Southeast,treatment,55,0.4797
4217,Affluent Frequent,West,treatment,42,0.3815
4218,Mainstream,Midwest,treatment,68,0.2365
4219,Mainstream,West,treatment,39,1.2427
4220,Affluent Frequent,Southeast,control,102,1.1991
4221,Dormant Reactivation,Northeast,treatment,50,0.396
4222,Digital Native,Northeast,control,76,1.5878
4223,Budget Occasional,Southeast,control,68,0.6502
4224,Mainstream,West,control,10,0.4676
4225,Affluent Frequent,Midwest,treatment,10,0.9468
4226,Affluent Frequent,Southeast,control,107,0.7184
4227,Dormant Reactivation,West,treatment,96,1.3902
4228,Budget Occasional,West,treatment,116,0.6721
4229,Digital Native,West,control,33,0.478
4230,Dormant Reactivation,Midwest,treatment,48,1.2494
4231,Digital Native,West,control,42,0.4584
4232,Dormant Reactivation,Southeast,treatment,42,1.7419
4233,Affluent Frequent,West,control,51,1.2202
4234,Digital Native,Southwest,treatment,80,0.5796
4235,Budget Occasional,Southeast,treatment,63,0.766
4236,Affluent Frequent,Midwest,control,97,0.1883
4237,Dormant Reactivation,Northeast,treatment,20,0.8982
4238,Dormant Reactivation,Southeast,control,98,0.9436
4239,Affluent Frequent,Midwest,treatment,115,1.1238
4240,Digital Native,Midwest,control,109,0.2597
4241,Digital Native,Northeast,treatment,61,0.5026
4242,Digital Native,West,control,77,0.3093
4243,Budget Occasional,Northeast,control,48,0.8906
4244,Dormant Reactivation,West,treatment,9,0.5198
4245,Dormant Reactivation,West,control,57,1.2299
4246,Affluent Frequent,Northeast,treatment,101,0.8723
4247,Affluent Frequent,Southeast,control,76,1.2095
4248,Digital Native,Northeast,control,64,0.3262
4249,Mainstream,Southeast,treatment,93,0.9704
4250,Mainstream,West,control,97,1.4294
4251,Affluent Frequent,Northeast,control,47,1.0697
4252,Mainstream,Midwest,control,95,0.8741
4253,Mainstream,Northeast,treatment,100,0.6517
4254,Affluent Frequent,West,control,119,1.1234
4255,Affluent Frequent,Northeast,control,120,1.0863
4256,Mainstream,Northeast,control,3,0.8048
4257,Digital Native,West,control,89,1.2445
4258,Dormant Reactivation,Midwest,control,35,1.2054
4259,Affluent Frequent,West,treatment,103,1.3281
4260,Dormant Reactivation,Southwest,treatment,23,1.0563
4261,Mainstream,Midwest,control,77,0.5103
4262,Budget Occasional,Southeast,control,90,0.777
4263,Budget Occasional,Southeast,treatment,26,0.8396
4264,Mainstream,Southeast,control,31,1.4015
4265,Affluent Frequent,Southwest,control,16,1.0517
4266,Budget Occasional,Northeast,treatment,100,0.5753
4267,Digital Native,Southeast,control,58,0.7995
4268,Digital Native,Northeast,treatment,84,1.0671
4269,Budget Occasional,Northeast,control,86,0.5247
4270,Mainstream,Northeast,treatment,75,0.4747
4271,Mainstream,Midwest,treatment,46,1.142
4272,Mainstream,Southeast,treatment,94,2.342
4273,Mainstream,Northeast,treatment,53,1.4046
4274,Mainstream,Southeast,control,46,0.7227
4275,Mainstream,Northeast,control,80,1.1425
4276,Mainstream,Midwest,control,102,2.1404
4277,Digital Native,Northeast,treatment,87,0.9088
4278,Digital Native,Northeast,treatment,29,0.8141
4279,Mainstream,Southeast,control,55,0.6909
4280,Mainstream,Southwest,treatment,78,0.8371
4281,Budget Occasional,Midwest,control,100,0.9916
4282,Affluent Frequent,West,treatment,73,0.5664
4283,Mainstream,Midwest,control,66,0.8878
4284,Affluent Frequent,Southeast,treatment,31,0.9059
4285,Mainstream,Southeast,treatment,63,1.5342
4286,Affluent Frequent,Northeast,treatment,23,0.9924
4287,Budget Occasional,Southwest,control,88,0.7569
4288,Budget Occasional,Southeast,control,29,0.849
4289,Dormant Reactivation,Southeast,treatment,14,0.9056
4290,Digital Native,Southwest,control,115,0.3954
4291,Budget Occasional,Southeast,control,59,0.2097
4292,Dormant Reactivation,Southeast,treatment,26,0.697
4293,Mainstream,West,treatment,7,0.5617
4294,Digital Native,Southwest,control,61,1.5278
4295,Budget Occasional,Southwest,control,10,0.631
4296,Mainstream,Southeast,treatment,38,0.9976
4297,Mainstream,West,control,20,1.5477
4298,Digital Native,Southeast,treatment,39,0.4041
4299,Digital Native,Southeast,control,55,0.413
4300,Budget Occasional,West,treatment,110,1.3751
4301,Mainstream,West,control,109,1.8946
4302,Mainstream,Northeast,treatment,73,1.4006
4303,Mainstream,Northeast,treatment,32,0.6682
4304,Mainstream,Southeast,treatment,39,1.0581
4305,Dormant Reactivation,West,treatment,100,1.0802
4306,Dormant Reactivation,Southwest,treatment,20,0.7088
4307,Dormant Reactivation,Northeast,control,46,0.8885
4308,Dormant Reactivation,Northeast,control,79,1.43
4309,Mainstream,Southeast,treatment,114,2.0192
4310,Budget Occasional,Southwest,treatment,72,0.9216
4311,Dormant Reactivation,Northeast,control,44,0.7432
4312,Mainstream,West,treatment,81,0.8997
4313,Dormant Reactivation,Southeast,treatment,86,1.4523
4314,Budget Occasional,Southeast,control,12,0.9218
4315,Mainstream,Southeast,treatment,23,0.8037
4316,Affluent Frequent,West,control,38,0.4516
4317,Mainstream,Southeast,treatment,96,0.8634
4318,Digital Native,Northeast,treatment,6,0.6499
4319,Budget Occasional,Southeast,control,97,1.0426
4320,Affluent Frequent,Midwest,control,49,0.9031
4321,Budget Occasional,Northeast,control,101,0.6996
4322,Mainstream,Midwest,control,103,0.9342
4323,Mainstream,West,treatment,58,0.8925
4324,Digital Native,Midwest,control,99,1.2622
4325,Mainstream,Southeast,treatment,32,1.4477
4326,Mainstream,West,treatment,67,0.7666
4327,Affluent Frequent,Southeast,treatment,61,0.7885
4328,Mainstream,Southeast,treatment,67,1.5058
4329,Affluent Frequent,West,treatment,48,0.7396
4330,Mainstream,Midwest,treatment,91,1.3216
4331,Budget Occasional,Southeast,treatment,22,1.3002
4332,Digital Native,Midwest,control,111,1.7101
4333,Affluent Frequent,Southwest,treatment,100,0.74
4334,Mainstream,Northeast,control,119,1.7056
4335,Dormant Reactivation,Midwest,control,43,1.1546
4336,Budget Occasional,Southeast,control,46,0.3057
4337,Affluent Frequent,Southwest,treatment,119,0.9198
4338,Dormant Reactivation,Southeast,control,8,1.1322
4339,Mainstream,Southeast,treatment,35,0.8987
4340,Dormant Reactivation,Southeast,treatment,61,0.9849
4341,Mainstream,Southeast,control,73,1.6282
4342,Affluent Frequent,Northeast,treatment,106,0.3996
4343,Dormant Reactivation,Northeast,treatment,60,1.3649
4344,Affluent Frequent,West,treatment,44,0.6504
4345,Mainstream,Southeast,treatment,3,1.2178
4346,Budget Occasional,West,treatment,46,0.5562
4347,Affluent Frequent,Northeast,treatment,50,1.3556
4348,Budget Occasional,Northeast,control,119,1.0581
4349,Mainstream,West,treatment,68,0.7606
4350,Mainstream,Northeast,treatment,100,1.3553
4351,Mainstream,Midwest,treatment,81,1.7329
4352,Affluent Frequent,Southeast,control,33,1.5333
4353,Digital Native,Northeast,treatment,29,0.3079
4354,Budget Occasional,West,treatment,25,1.0718
4355,Mainstream,Midwest,control,65,0.4321
4356,Digital Native,Midwest,treatment,64,0.4937
4357,Mainstream,Midwest,treatment,27,0.5433
4358,Mainstream,Southeast,control,15,1.4048
4359,Digital Native,West,treatment,8,0.8637
4360,Budget Occasional,Southwest,control,89,0.541
4361,Mainstream,Northeast,control,33,1.2381
4362,Budget Occasional,Southwest,treatment,13,1.6901
4363,Budget Occasional,Southwest,treatment,30,0.3943
4364,Digital Native,Northeast,treatment,6,1.447
4365,Affluent Frequent,Southeast,treatment,72,0.4314
4366,Affluent Frequent,Southeast,control,50,0.874
4367,Affluent Frequent,Southwest,treatment,26,0.6761
4368,Digital Native,Midwest,treatment,67,0.5167
4369,Budget Occasional,Midwest,treatment,12,0.7485
4370,Mainstream,Northeast,control,83,0.8294
4371,Mainstream,Southwest,control,52,0.977
4372,Dormant Reactivation,West,treatment,94,2.0156
4373,Budget Occasional,Midwest,treatment,28,1.1815
4374,Mainstream,Midwest,treatment,17,0.7195
4375,Mainstream,Southeast,control,47,1.0594
4376,Affluent Frequent,Southeast,control,28,1.1489
4377,Mainstream,West,treatment,88,0.8876
4378,Digital Native,Southwest,treatment,57,1.1124
4379,Mainstream,Midwest,control,34,0.385
4380,Affluent Frequent,Southeast,treatment,106,0.6628
4381,Affluent Frequent,Southeast,treatment,38,1.8402
4382,Dormant Reactivation,Northeast,treatment,112,0.6255
4383,Budget Occasional,Northeast,treatment,22,0.418
4384,Digital Native,Midwest,treatment,22,1.6536
4385,Mainstream,West,control,87,0.6281
4386,Mainstream,Midwest,treatment,96,0.9778
4387,Budget Occasional,West,treatment,117,0.1774
4388,Budget Occasional,West,treatment,17,0.5653
4389,Mainstream,Midwest,control,72,0.7784
4390,Mainstream,West,treatment,42,0.5731
4391,Mainstream,Southeast,treatment,120,0.3803
4392,Dormant Reactivation,Northeast,control,8,0.8645
4393,Budget Occasional,Northeast,treatment,113,1.3218
4394,Affluent Frequent,Northeast,treatment,114,0.8153
4395,Budget Occasional,Midwest,control,56,1.5079
4396,Mainstream,West,treatment,104,1.7813
4397,Budget Occasional,Southwest,control,29,1.6012
4398,Digital Native,Southeast,treatment,37,1.4346
4399,Dormant Reactivation,Southeast,treatment,95,1.1331
4400,Affluent Frequent,Southwest,treatment,82,1.2633
4401,Dormant Reactivation,Northeast,control,95,1.0346
4402,Mainstream,Northeast,treatment,21,0.4388
4403,Digital Native,Northeast,treatment,70,0.7079
4404,Mainstream,Southwest,treatment,114,0.8441
4405,Dormant Reactivation,Southeast,treatment,23,1.4961
4406,Budget Occasional,Southeast,treatment,26,1.6077
4407,Affluent Frequent,Southeast,control,79,1.2624
4408,Mainstream,Midwest,treatment,7,0.5972
4409,Dormant Reactivation,Midwest,treatment,15,0.9484
4410,Mainstream,Midwest,treatment,103,0.6192
4411,Dormant Reactivation,Midwest,treatment,90,1.4282
4412,Mainstream,Midwest,control,103,0.5827
4413,Mainstream,Northeast,control,9,0.7174
4414,Budget Occasional,West,control,13,0.8904
4415,Digital Native,Southeast,treatment,44,1.0455
4416,Mainstream,West,treatment,66,1.0416
4417,Mainstream,Southeast,treatment,31,0.9338
4418,Budget Occasional,Southeast,control,79,1.1388
4419,Digital Native,Southeast,treatment,119,1.0112
4420,Budget Occasional,Northeast,control,3,0.7444
4421,Mainstream,Northeast,treatment,37,0.2797
4422,Affluent Frequent,Midwest,control,8,1.0439
4423,Mainstream,Midwest,treatment,107,0.8964
4424,Budget Occasional,Southeast,control,34,1.2216
4425,Budget Occasional,West,control,96,0.7419
4426,Dormant Reactivation,Midwest,control,37,0.9074
4427,Mainstream,Southeast,control,6,1.1453
4428,Digital Native,Midwest,control,52,0.3779
4429,Mainstream,Southwest,control,17,0.4789
4430,Budget Occasional,Northeast,control,71,0.8441
4431,Mainstream,West,treatment,37,0.6619
4432,Affluent Frequent,Southeast,treatment,112,2.3786
4433,Digital Native,Southwest,control,116,1.0482
4434,Budget Occasional,Midwest,control,31,0.864
4435,Budget Occasional,Midwest,treatment,27,1.0331
4436,Dormant Reactivation,Northeast,control,47,0.6764
4437,Affluent Frequent,Southeast,control,82,1.6859
4438,Mainstream,Northeast,treatment,31,1.6123
4439,Digital Native,Northeast,treatment,68,0.9118
4440,Budget Occasional,Midwest,control,69,0.3298
4441,Affluent Frequent,Southeast,control,8,1.5201
4442,Digital Native,Midwest,control,70,1.8691
4443,Dormant Reactivation,Southeast,control,40,0.2784
4444,Budget Occasional,Midwest,treatment,43,2.2642
4445,Budget Occasional,West,control,26,1.0647
4446,Budget Occasional,Midwest,treatment,37,0.39
4447,Mainstream,Southwest,treatment,4,0.6859
4448,Digital Native,Southeast,treatment,45,1.4703
4449,Mainstream,Midwest,treatment,95,1.2813
4450,Digital Native,Northeast,treatment,29,0.4589
4451,Dormant Reactivation,Southeast,control,119,0.5426
4452,Mainstream,West,treatment,68,0.8803
4453,Affluent Frequent,Northeast,treatment,48,1.4753
4454,Digital Native,West,treatment,46,0.418
4455,Dormant Reactivation,Northeast,treatment,84,0.5815
4456,Budget Occasional,Southwest,control,85,0.3828
4457,Mainstream,Midwest,treatment,56,1.3482
4458,Mainstream,Midwest,control,97,1.2012
4459,Digital Native,West,treatment,40,1.1642
4460,Mainstream,Southeast,control,71,2.0592
4461,Mainstream,Southeast,treatment,58,0.8693
4462,Digital Native,Northeast,treatment,7,0.9082
4463,Budget Occasional,Northeast,treatment,113,0.8973
4464,Mainstream,Southwest,control,106,2.0644
4465,Digital Native,Northeast,treatment,58,0.9386
4466,Mainstream,Midwest,control,100,1.5351
4467,Mainstream,Southeast,control,56,0.8573
4468,Mainstream,Southwest,control,111,0.7676
4469,Affluent Frequent,Midwest,control,109,0.755
4470,Budget Occasional,Southeast,treatment,40,1.5651
4471,Budget Occasional,West,treatment,116,0.8427
4472,Mainstream,Northeast,control,104,0.6254
4473,Dormant Reactivation,Northeast,treatment,79,1.4141
4474,Budget Occasional,West,treatment,78,2.2255
4475,Dormant Reactivation,West,control,78,0.5058
4476,Mainstream,Southeast,control,57,1.8404
4477,Mainstream,West,treatment,106,0.7442
4478,Mainstream,Southeast,control,82,0.8255
4479,Digital Native,West,control,86,0.8385
4480,Digital Native,Southwest,treatment,87,0.5941
4481,Dormant Reactivation,Southeast,control,22,0.5714
4482,Affluent Frequent,West,treatment,68,0.8149
4483,Dormant Reactivation,Southwest,control,94,1.0435
4484,Mainstream,Southwest,control,64,1.2663
4485,Budget Occasional,Southeast,control,110,0.9496
4486,Budget Occasional,Southwest,treatment,10,0.3982
4487,Budget Occasional,Southwest,control,7,1.2136
4488,Affluent Frequent,Northeast,treatment,80,0.6479
4489,Mainstream,West,control,12,0.8848
4490,Digital Native,Midwest,treatment,73,0.9111
4491,Dormant Reactivation,Northeast,treatment,66,0.3566
4492,Mainstream,West,treatment,61,2.4174
4493,Affluent Frequent,Southeast,treatment,116,0.7539
4494,Budget Occasional,West,control,67,1.301
4495,Budget Occasional,Midwest,treatment,32,1.5242
4496,Digital Native,Southwest,control,106,0.752
4497,Digital Native,West,treatment,102,1.7452
4498,Affluent Frequent,Northeast,control,5,1.683
4499,Mainstream,Northeast,treatment,102,1.4112
4500,Dormant Reactivation,Northeast,control,107,1.202
4501,Digital Native,West,treatment,18,1.4618
4502,Budget Occasional,West,control,23,1.2917
4503,Mainstream,Northeast,treatment,70,0.7841
4504,Budget Occasional,Southeast,control,50,1.2593
4505,Digital Native,Northeast,control,62,0.4178
4506,Affluent Frequent,Southeast,treatment,66,0.8981
4507,Budget Occasional,Midwest,treatment,113,1.0479
4508,Mainstream,Midwest,treatment,74,1.2729
4509,Budget Occasional,Southwest,control,48,0.4531
4510,Digital Native,Southeast,treatment,22,0.3017
4511,Digital Native,Midwest,control,46,1.5739
4512,Affluent Frequent,West,treatment,11,0.4761
4513,Dormant Reactivation,Southwest,control,72,0.3901
4514,Mainstream,West,control,44,1.5554
4515,Budget Occasional,West,treatment,109,0.8605
4516,Affluent Frequent,Midwest,control,117,0.753
4517,Budget Occasional,Southeast,control,67,1.7042
4518,Budget Occasional,Northeast,treatment,56,0.9417
4519,Affluent Frequent,Midwest,treatment,106,1.0591
4520,Affluent Frequent,Northeast,treatment,8,2.226
4521,Dormant Reactivation,Southeast,treatment,105,0.9628
4522,Budget Occasional,Southeast,treatment,89,1.8101
4523,Affluent Frequent,Northeast,control,60,0.5314
4524,Digital Native,Southeast,control,17,0.8951
4525,Mainstream,Southwest,control,120,0.5905
4526,Budget Occasional,West,control,24,0.5377
4527,Mainstream,Midwest,control,65,1.0638
4528,Budget Occasional,Midwest,treatment,27,1.5584
4529,Mainstream,Southwest,control,75,1.347
4530,Mainstream,Southeast,treatment,89,1.4232
4531,Budget Occasional,Southwest,control,80,1.7249
4532,Affluent Frequent,Midwest,treatment,15,0.9749
4533,Affluent Frequent,West,treatment,5,0.7627
4534,Digital Native,West,control,9,0.743
4535,Budget Occasional,West,control,108,1.2791
4536,Affluent Frequent,Midwest,treatment,19,1.6779
4537,Digital Native,West,treatment,10,1.7089
4538,Affluent Frequent,West,treatment,45,1.8571
4539,Mainstream,West,control,27,1.3449
4540,Digital Native,West,control,58,0.7626
4541,Budget Occasional,Northeast,control,83,0.2976
4542,Affluent Frequent,Southeast,control,96,0.9541
4543,Mainstream,Southwest,treatment,8,1.0032
4544,Budget Occasional,Northeast,treatment,47,0.8675
4545,Mainstream,Southwest,control,94,1.336
4546,Budget Occasional,West,treatment,80,1.6483
4547,Affluent Frequent,Midwest,treatment,102,0.963
4548,Mainstream,Southwest,control,105,0.6492
4549,Digital Native,Midwest,treatment,20,0.9319
4550,Mainstream,Southeast,treatment,89,1.4169
4551,Affluent Frequent,Northeast,control,24,0.2597
4552,Budget Occasional,Midwest,control,31,1.0653
4553,Mainstream,Southeast,control,95,0.6686
4554,Digital Native,Midwest,control,97,0.8177
4555,Mainstream,Midwest,control,56,0.7822
4556,Dormant Reactivation,Midwest,control,40,1.0682
4557,Dormant Reactivation,West,treatment,91,0.5619
4558,Budget Occasional,Midwest,control,14,1.5777
4559,Budget Occasional,Northeast,control,7,0.4733
4560,Affluent Frequent,Midwest,control,70,1.1927
4561,Budget Occasional,West,control,53,1.1671
4562,Digital Native,West,treatment,26,0.607
4563,Dormant Reactivation,Southwest,treatment,26,0.3346
4564,Digital Native,Northeast,treatment,53,1.2449
4565,Mainstream,Southeast,treatment,4,0.6866
4566,Affluent Frequent,Southeast,control,6,1.2785
4567,Affluent Frequent,Southeast,treatment,60,0.4654
4568,Budget Occasional,West,treatment,70,0.946
4569,Budget Occasional,West,control,105,0.5818
4570,Mainstream,Southeast,control,9,1.3917
4571,Mainstream,Midwest,control,92,1.5735
4572,Mainstream,Northeast,control,103,0.8429
4573,Affluent Frequent,Northeast,control,98,0.6562
4574,Mainstream,Northeast,control,102,0.553
4575,Budget Occasional,Midwest,control,63,0.9561
4576,Mainstream,Midwest,treatment,118,0.4463
4577,Mainstream,Northeast,control,64,0.8064
4578,Mainstream,Southwest,control,106,0.6966
4579,Mainstream,Southeast,treatment,17,0.6618
4580,Dormant Reactivation,Southeast,control,81,0.3754
4581,Digital Native,Southwest,treatment,27,1.8998
4582,Mainstream,Midwest,treatment,115,0.814
4583,Affluent Frequent,Midwest,treatment,73,1.168
4584,Budget Occasional,Southeast,control,94,1.4065
4585,Digital Native,Northeast,control,55,0.6771
4586,Dormant Reactivation,Midwest,control,65,1.1556
4587,Mainstream,Northeast,control,110,0.927
4588,Mainstream,Southeast,control,95,0.4286
4589,Budget Occasional,Midwest,treatment,43,0.9043
4590,Budget Occasional,Northeast,treatment,55,0.7806
4591,Affluent Frequent,Southwest,treatment,20,1.8704
4592,Budget Occasional,Midwest,treatment,47,1.4837
4593,Budget Occasional,Southeast,treatment,39,0.3339
4594,Dormant Reactivation,Northeast,control,75,0.7944
4595,Mainstream,Southeast,control,88,0.3692
4596,Budget Occasional,Northeast,control,34,0.32
4597,Mainstream,Southeast,treatment,11,0.7439
4598,Affluent Frequent,Northeast,treatment,112,1.03
4599,Affluent Frequent,Southeast,control,79,0.6416
4600,Budget Occasional,Northeast,control,113,0.3434
4601,Budget Occasional,West,treatment,107,1.4478
4602,Affluent Frequent,Southwest,treatment,57,0.2288
4603,Mainstream,West,control,92,1.5311
4604,Budget Occasional,West,treatment,64,1.0708
4605,Mainstream,Southeast,control,46,0.5062
4606,Budget Occasional,Southeast,treatment,91,2.0314
4607,Digital Native,Southeast,treatment,38,2.5703
4608,Digital Native,West,control,89,1.016
4609,Affluent Frequent,Midwest,treatment,65,0.4736
4610,Mainstream,West,treatment,29,0.6883
4611,Mainstream,West,control,6,0.6671
4612,Mainstream,Southeast,control,63,0.9713
4613,Dormant Reactivation,West,treatment,82,0.7516
4614,Budget Occasional,West,control,27,0.8826
4615,Budget Occasional,Northeast,control,117,0.8454
4616,Digital Native,West,treatment,42,2.3535
4617,Digital Native,Southwest,treatment,119,1.2295
4618,Digital Native,Southeast,control,71,1.8642
4619,Digital Native,Southwest,treatment,114,1.9667
4620,Mainstream,Northeast,treatment,68,0.9315
4621,Budget Occasional,Midwest,control,4,1.4935
4622,Budget Occasional,West,treatment,26,2.3273
4623,Mainstream,Southeast,control,110,0.9186
4624,Mainstream,Southeast,treatment,23,1.414
4625,Mainstream,Southeast,treatment,89,1.4618
4626,Dormant Reactivation,West,control,60,1.3213
4627,Mainstream,Midwest,treatment,48,0.8785
4628,Budget Occasional,Northeast,treatment,54,0.7286
4629,Digital Native,Northeast,treatment,113,1.2165
4630,Budget Occasional,Southeast,treatment,31,1.0464
4631,Dormant Reactivation,Midwest,treatment,30,1.0254
4632,Dormant Reactivation,Southeast,control,101,0.6305
4633,Affluent Frequent,Northeast,treatment,53,0.2827
4634,Dormant Reactivation,Southeast,control,107,0.7654
4635,Dormant Reactivation,Southeast,treatment,100,0.6258
4636,Affluent Frequent,West,control,12,1.2337
4637,Mainstream,Northeast,treatment,30,0.7298
4638,Mainstream,Midwest,control,19,2.4476
4639,Mainstream,Southeast,treatment,98,0.7331
4640,Budget Occasional,Southeast,control,52,1.5871
4641,Budget Occasional,Northeast,treatment,69,0.7524
4642,Dormant Reactivation,West,control,24,0.8219
4643,Budget Occasional,Northeast,treatment,12,0.4555
4644,Mainstream,Northeast,treatment,42,0.3489
4645,Affluent Frequent,West,treatment,21,1.5233
4646,Mainstream,Southeast,control,92,1.0607
4647,Mainstream,Midwest,control,21,0.7095
4648,Mainstream,West,treatment,119,0.762
4649,Budget Occasional,Southwest,treatment,103,1.6351
4650,Digital Native,Midwest,control,70,0.8409
4651,Mainstream,Southeast,control,40,1.3259
4652,Affluent Frequent,West,control,10,0.6276
4653,Dormant Reactivation,Southeast,treatment,70,1.746
4654,Budget Occasional,Midwest,control,85,1.3569
4655,Mainstream,Southwest,control,112,0.572
4656,Mainstream,Midwest,treatment,13,0.3233
4657,Dormant Reactivation,Southeast,treatment,43,0.8178
4658,Digital Native,Northeast,treatment,97,0.7846
4659,Digital Native,Southwest,treatment,57,0.3066
4660,Dormant Reactivation,Northeast,control,20,1.3901
4661,Budget Occasional,Midwest,control,80,1.149
4662,Mainstream,Midwest,treatment,65,1.9128
4663,Digital Native,West,control,81,1.6806
4664,Affluent Frequent,Southwest,treatment,4,1.0645
4665,Digital Native,Northeast,treatment,5,0.5309
4666,Budget Occasional,Midwest,treatment,83,0.8086
4667,Mainstream,Midwest,control,75,0.868
4668,Dormant Reactivation,Northeast,control,29,1.844
4669,Digital Native,Northeast,control,9,0.4338
4670,Mainstream,Northeast,control,110,0.9624
4671,Budget Occasional,West,treatment,108,0.7739
4672,Budget Occasional,Midwest,control,19,0.6224
4673,Mainstream,Midwest,treatment,83,1.2415
4674,Digital Native,Northeast,control,67,1.7768
4675,Digital Native,West,treatment,106,1.5185
4676,Affluent Frequent,Northeast,control,12,1.3195
4677,Affluent Frequent,Northeast,control,50,0.7044
4678,Dormant Reactivation,Midwest,control,115,1.2062
4679,Affluent Frequent,Southwest,control,94,0.2129
4680,Digital Native,Southeast,control,111,0.9732
4681,Mainstream,Northeast,treatment,18,1.1663
4682,Mainstream,Southwest,control,98,0.9746
4683,Dormant Reactivation,Midwest,treatment,20,0.62
4684,Mainstream,Southeast,control,61,0.4981
4685,Budget Occasional,Southwest,control,23,0.5501
4686,Mainstream,Southwest,treatment,98,0.4828
4687,Dormant Reactivation,West,treatment,111,1.16
4688,Affluent Frequent,Southeast,treatment,8,1.2876
4689,Mainstream,West,control,27,1.1296
4690,Dormant Reactivation,Southwest,control,86,0.909
4691,Mainstream,Midwest,treatment,115,0.2778
4692,Dormant Reactivation,West,control,118,1.0073
4693,Budget Occasional,Northeast,treatment,32,1.5044
4694,Mainstream,Northeast,treatment,50,1.3665
4695,Mainstream,West,treatment,80,1.6762
4696,Mainstream,Southeast,control,33,0.5313
4697,Budget Occasional,Midwest,treatment,103,1.245
4698,Dormant Reactivation,Southeast,treatment,79,2.0175
4699,Mainstream,West,control,98,1.75
4700,Budget Occasional,Southwest,treatment,94,0.8986
4701,Budget Occasional,Midwest,treatment,54,1.1213
4702,Budget Occasional,Northeast,control,38,0.4652
4703,Affluent Frequent,West,treatment,78,0.5185
4704,Dormant Reactivation,Northeast,treatment,56,0.4631
4705,Mainstream,Midwest,treatment,32,0.7822
4706,Mainstream,Southeast,control,72,0.6338
4707,Digital Native,West,control,117,2.0095
4708,Budget Occasional,Midwest,control,78,0.8917
4709,Digital Native,West,control,115,1.1481
4710,Dormant Reactivation,Northeast,treatment,10,1.3042
4711,Digital Native,West,control,44,0.5464
4712,Budget Occasional,Southeast,treatment,59,0.0994
4713,Dormant Reactivation,Northeast,control,63,1.5605
4714,Digital Native,Midwest,treatment,35,1.4673
4715,Mainstream,Midwest,treatment,104,1.1508
4716,Mainstream,West,treatment,16,0.9206
4717,Mainstream,Southeast,treatment,74,0.8306
4718,Mainstream,Southwest,control,112,1.2211
4719,Mainstream,Southwest,treatment,4,1.0894
4720,Dormant Reactivation,Southwest,treatment,13,0.5006
4721,Mainstream,West,treatment,3,1.0653
4722,Budget Occasional,West,control,116,1.1081
4723,Affluent Frequent,West,treatment,109,0.4002
4724,Digital Native,Southeast,control,71,2.2656
4725,Dormant Reactivation,West,treatment,45,1.1081
4726,Budget Occasional,West,control,113,1.2234
4727,Mainstream,Northeast,treatment,90,0.6685
4728,Mainstream,Southeast,control,103,1.8194
4729,Budget Occasional,Southeast,treatment,16,0.6683
4730,Digital Native,Midwest,treatment,66,1.2628
4731,Digital Native,Midwest,treatment,20,0.4131
4732,Mainstream,Midwest,treatment,106,0.8752
4733,Budget Occasional,Southeast,control,3,0.1858
4734,Budget Occasional,Midwest,treatment,106,1.1153
4735,Mainstream,Midwest,control,45,0.3375
4736,Mainstream,West,control,62,0.3781
4737,Digital Native,Southwest,treatment,95,0.6305
4738,Mainstream,Southeast,control,59,1.3312
4739,Budget Occasional,West,treatment,37,1.8813
4740,Budget Occasional,Northeast,treatment,5,1.1803
4741,Budget Occasional,Northeast,treatment,47,0.3606
4742,Mainstream,Southeast,treatment,51,1.5821
4743,Affluent Frequent,Southeast,control,37,0.6604
4744,Affluent Frequent,Southeast,treatment,91,1.0302
4745,Digital Native,Midwest,control,52,0.3872
4746,Digital Native,Southeast,control,30,1.2137
4747,Digital Native,Northeast,treatment,63,0.9833
4748,Digital Native,Southwest,treatment,43,0.6406
4749,Dormant Reactivation,Midwest,control,48,1.1218
4750,Budget Occasional,Midwest,treatment,87,0.976
4751,Digital Native,Midwest,control,37,1.0472
4752,Mainstream,Southwest,control,48,1.7549
4753,Affluent Frequent,West,treatment,46,0.545
4754,Mainstream,Southeast,treatment,113,1.1768
4755,Affluent Frequent,West,treatment,73,0.459
4756,Budget Occasional,Southeast,treatment,5,0.8693
4757,Mainstream,Midwest,control,9,1.5065
4758,Mainstream,Southeast,treatment,74,0.4248
4759,Mainstream,Northeast,treatment,17,0.7693
4760,Budget Occasional,Northeast,control,45,1.3038
4761,Affluent Frequent,Northeast,treatment,112,1.0456
4762,Digital Native,Northeast,control,25,0.5545
4763,Digital Native,West,control,65,0.7683
4764,Dormant Reactivation,Southeast,treatment,91,1.1574
4765,Mainstream,Northeast,treatment,46,1.2647
4766,Budget Occasional,Northeast,control,93,0.5427
4767,Digital Native,Southeast,control,30,1.758
4768,Affluent Frequent,Midwest,treatment,11,0.4622
4769,Budget Occasional,Southeast,control,5,0.5535
4770,Dormant Reactivation,Southeast,control,54,0.3415
4771,Affluent Frequent,West,treatment,69,1.6436
4772,Budget Occasional,Southeast,treatment,65,1.0522
4773,Mainstream,Southwest,treatment,120,0.6148
4774,Dormant Reactivation,West,control,90,0.7629
4775,Mainstream,Midwest,control,12,1.6668
4776,Mainstream,West,control,15,0.9122
4777,Budget Occasional,West,control,108,0.4014
4778,Dormant Reactivation,Southeast,control,88,1.0759
4779,Budget Occasional,Southwest,control,8,0.5163
4780,Budget Occasional,West,control,42,1.7059
4781,Budget Occasional,Northeast,treatment,50,0.4542
4782,Mainstream,Northeast,control,117,0.528
4783,Mainstream,Southeast,control,30,0.3819
4784,Mainstream,West,treatment,34,0.8878
4785,Digital Native,Southeast,treatment,74,0.6964
4786,Budget Occasional,Midwest,control,60,1.2814
4787,Budget Occasional,West,treatment,28,1.3055
4788,Digital Native,West,treatment,52,0.2958
4789,Digital Native,Northeast,control,79,0.6079
4790,Digital Native,Midwest,treatment,16,1.224
4791,Budget Occasional,Southeast,treatment,109,1.6296
4792,Dormant Reactivation,Northeast,treatment,83,0.712
4793,Dormant Reactivation,Southwest,treatment,12,0.4445
4794,Mainstream,Southeast,control,28,0.706
4795,Mainstream,Northeast,treatment,80,0.3649
4796,Budget Occasional,Northeast,treatment,6,1.2572
4797,Digital Native,Southeast,control,108,0.8777
4798,Digital Native,Southeast,control,79,1.3242
4799,Budget Occasional,Midwest,control,58,0.616
4800,Budget Occasional,Northeast,control,8,1.6914
4801,Budget Occasional,West,control,92,1.2098
4802,Budget Occasional,Northeast,treatment,12,1.1272
4803,Budget Occasional,Southeast,treatment,43,0.3783
4804,Mainstream,Midwest,treatment,45,1.4606
4805,Budget Occasional,West,control,20,0.4411
4806,Mainstream,West,treatment,118,0.9737
4807,Mainstream,Southeast,treatment,98,1.6435
4808,Mainstream,Midwest,treatment,73,1.4229
4809,Affluent Frequent,Northeast,control,50,0.9261
4810,Mainstream,Southwest,treatment,20,0.7341
4811,Digital Native,West,treatment,90,0.746
4812,Mainstream,West,control,76,0.6205
4813,Affluent Frequent,Northeast,treatment,119,0.7592
4814,Digital Native,West,control,101,1.0283
4815,Budget Occasional,Southeast,control,116,1.4429
4816,Dormant Reactivation,Southeast,control,84,0.6914
4817,Dormant Reactivation,West,treatment,115,0.454
4818,Mainstream,Northeast,treatment,38,0.3965
4819,Budget Occasional,Midwest,treatment,25,0.5756
4820,Budget Occasional,Midwest,treatment,78,0.2932
4821,Dormant Reactivation,Southeast,treatment,14,0.59
4822,Mainstream,Midwest,treatment,44,1.3568
4823,Budget Occasional,Midwest,treatment,101,0.7921
4824,Budget Occasional,Northeast,control,76,0.5994
4825,Budget Occasional,Northeast,treatment,9,0.0694
4826,Mainstream,Northeast,control,113,0.685
4827,Digital Native,Northeast,control,28,1.2608
4828,Affluent Frequent,Northeast,treatment,12,1.6796
4829,Mainstream,Midwest,treatment,88,2.2264
4830,Dormant Reactivation,Northeast,treatment,93,0.2128
4831,Digital Native,Southeast,treatment,96,1.1507
4832,Dormant Reactivation,West,control,102,0.5611
4833,Mainstream,Midwest,control,38,0.8986
4834,Affluent Frequent,West,treatment,109,0.5277
4835,Digital Native,Northeast,control,87,0.7885
4836,Budget Occasional,Midwest,control,29,0.4168
4837,Dormant Reactivation,Midwest,treatment,69,0.6528
4838,Budget Occasional,West,treatment,81,1.2881
4839,Dormant Reactivation,West,treatment,118,0.8402
4840,Affluent Frequent,Southwest,treatment,57,0.9417
4841,Budget Occasional,West,treatment,37,1.0385
4842,Mainstream,Northeast,treatment,67,1.2048
4843,Budget Occasional,West,treatment,51,0.85
4844,Digital Native,West,control,104,2.2987
4845,Affluent Frequent,Midwest,control,52,1.0027
4846,Mainstream,Southeast,control,82,1.2786
4847,Digital Native,Southeast,control,42,1.1525
4848,Dormant Reactivation,Northeast,control,97,1.3593
4849,Mainstream,Southwest,treatment,26,0.5895
4850,Budget Occasional,Southeast,control,105,0.4088
4851,Affluent Frequent,Northeast,treatment,39,1.751
4852,Affluent Frequent,Southeast,treatment,107,0.4543
4853,Affluent Frequent,West,control,109,0.7854
4854,Budget Occasional,Northeast,treatment,91,0.5064
4855,Affluent Frequent,Southwest,treatment,79,1.1373
4856,Digital Native,West,control,110,0.9288
4857,Mainstream,Midwest,treatment,31,1.7413
4858,Budget Occasional,Midwest,treatment,18,0.8934
4859,Affluent Frequent,West,control,75,0.6721
4860,Mainstream,Southeast,treatment,8,1.7617
4861,Budget Occasional,Northeast,control,116,1.2917
4862,Mainstream,Southeast,treatment,56,1.0413
4863,Budget Occasional,West,treatment,77,0.9787
4864,Budget Occasional,Southeast,control,93,0.7255
4865,Mainstream,Southeast,control,109,0.9875
4866,Dormant Reactivation,Northeast,control,37,2.3102
4867,Digital Native,Southeast,control,70,0.8645
4868,Mainstream,West,control,72,0.515
4869,Budget Occasional,Midwest,treatment,107,1.032
4870,Mainstream,West,control,104,1.1166
4871,Mainstream,Northeast,control,57,1.8078
4872,Digital Native,Northeast,control,91,0.6513
4873,Budget Occasional,Southeast,control,91,0.7766
4874,Mainstream,Midwest,treatment,20,0.8752
4875,Digital Native,Southeast,control,111,0.6975
4876,Affluent Frequent,Northeast,control,3,1.3009
4877,Affluent Frequent,Midwest,treatment,77,0.4664
4878,Mainstream,Midwest,control,51,0.1854
4879,Digital Native,Southeast,control,65,0.4995
4880,Affluent Frequent,West,treatment,110,1.678
4881,Dormant Reactivation,Southwest,treatment,113,0.835
4882,Dormant Reactivation,West,treatment,108,0.834
4883,Digital Native,Midwest,treatment,95,0.5388
4884,Mainstream,Northeast,treatment,112,2.1412
4885,Budget Occasional,Northeast,treatment,66,0.4501
4886,Budget Occasional,Southwest,control,68,1.0312
4887,Mainstream,West,treatment,109,0.9071
4888,Dormant Reactivation,Northeast,control,82,0.7606
4889,Digital Native,Southeast,control,31,1.6889
4890,Budget Occasional,Northeast,control,108,0.5554
4891,Budget Occasional,Southeast,treatment,112,1.2126
4892,Mainstream,West,control,47,0.6679
4893,Affluent Frequent,Southeast,treatment,109,0.4923
4894,Mainstream,Northeast,control,28,0.7539
4895,Budget Occasional,Southeast,control,23,0.6666
4896,Budget Occasional,West,control,30,0.4354
4897,Mainstream,Southeast,treatment,39,0.4349
4898,Dormant Reactivation,Southeast,control,43,0.8426
4899,Mainstream,Southwest,control,67,0.8925
4900,Mainstream,Southwest,control,106,1.3228
4901,Dormant Reactivation,Southeast,treatment,6,0.9282
4902,Affluent Frequent,Midwest,treatment,20,0.7031
4903,Budget Occasional,Midwest,control,40,0.513
4904,Affluent Frequent,West,control,83,0.3855
4905,Affluent Frequent,Northeast,treatment,57,1.2903
4906,Budget Occasional,Midwest,treatment,89,0.6286
4907,Budget Occasional,West,treatment,18,1.1433
4908,Affluent Frequent,Southwest,treatment,8,0.5596
4909,Budget Occasional,Southwest,treatment,120,0.6169
4910,Dormant Reactivation,Northeast,control,75,0.5229
4911,Digital Native,Midwest,control,56,0.463
4912,Budget Occasional,Southeast,control,88,0.3521
4913,Mainstream,West,treatment,24,1.0769
4914,Budget Occasional,Northeast,treatment,28,1.572
4915,Affluent Frequent,West,control,64,0.7917
4916,Budget Occasional,West,control,13,1.5931
4917,Dormant Reactivation,West,treatment,29,0.3292
4918,Dormant Reactivation,West,control,103,1.6023
4919,Mainstream,Northeast,treatment,120,2.9739
4920,Dormant Reactivation,Midwest,treatment,100,0.8366
4921,Digital Native,West,treatment,50,2.0392
4922,Mainstream,Southeast,treatment,106,0.115
4923,Affluent Frequent,Midwest,control,102,0.8425
4924,Mainstream,Northeast,treatment,31,1.1045
4925,Mainstream,Southwest,treatment,11,1.0611
4926,Mainstream,Northeast,control,65,0.5705
4927,Mainstream,Midwest,control,4,0.5212
4928,Mainstream,West,control,40,0.5875
4929,Mainstream,Northeast,treatment,40,0.9868
4930,Mainstream,Southwest,treatment,44,1.4908
4931,Digital Native,West,control,66,0.4897
4932,Mainstream,Midwest,treatment,38,0.6155
4933,Budget Occasional,Southwest,treatment,58,1.4344
4934,Mainstream,West,treatment,97,2.0609
4935,Digital Native,Southeast,treatment,94,0.8441
4936,Budget Occasional,Southwest,control,43,1.1368
4937,Budget Occasional,Northeast,control,95,1.7327
4938,Mainstream,West,control,78,0.7912
4939,Budget Occasional,Southeast,control,82,0.6194
4940,Budget Occasional,West,control,116,0.605
4941,Budget Occasional,Southwest,treatment,112,1.378
4942,Digital Native,Northeast,control,49,0.2352
4943,Digital Native,West,treatment,42,1.0555
4944,Mainstream,Midwest,treatment,83,1.2522
4945,Digital Native,Southeast,treatment,22,0.4157
4946,Digital Native,Southeast,treatment,120,0.5284
4947,Mainstream,Northeast,treatment,64,0.8064
4948,Budget Occasional,Southeast,control,37,1.495
4949,Budget Occasional,West,treatment,10,0.9525
4950,Budget Occasional,West,treatment,114,1.7133
4951,Digital Native,West,control,66,0.6126
4952,Digital Native,West,treatment,43,0.5315
4953,Affluent Frequent,Midwest,control,22,1.0938
4954,Budget Occasional,Midwest,treatment,108,0.2584
4955,Budget Occasional,Midwest,treatment,44,0.839
4956,Digital Native,Midwest,treatment,65,1.1433
4957,Affluent Frequent,West,treatment,37,1.1247
4958,Affluent Frequent,West,control,111,1.5289
4959,Mainstream,Southeast,control,88,0.6253
4960,Digital Native,Southeast,treatment,98,2.1299
4961,Budget Occasional,Northeast,control,31,1.3633
4962,Affluent Frequent,Southeast,control,113,0.6755
4963,Budget Occasional,Southeast,control,94,0.3701
4964,Mainstream,Southwest,control,63,0.8232
4965,Budget Occasional,Midwest,treatment,40,1.6007
4966,Digital Native,West,treatment,4,1.1776
4967,Affluent Frequent,Southeast,treatment,83,1.1175
4968,Digital Native,Northeast,control,46,0.5302
4969,Dormant Reactivation,Southeast,control,73,0.6952
4970,Dormant Reactivation,Midwest,treatment,24,0.961
4971,Dormant Reactivation,Midwest,treatment,61,0.493
4972,Budget Occasional,West,treatment,46,1.6316
4973,Mainstream,West,treatment,96,1.3632
4974,Digital Native,Southwest,treatment,15,1.2414
4975,Mainstream,Southwest,control,40,0.9839
4976,Affluent Frequent,Midwest,treatment,41,1.4182
4977,Mainstream,West,control,21,1.2939
4978,Budget Occasional,Southeast,control,74,0.4686
4979,Budget Occasional,West,treatment,39,0.8642
4980,Budget Occasional,Southwest,control,73,0.9531
4981,Mainstream,West,control,42,1.5632
4982,Dormant Reactivation,Southeast,treatment,39,0.8586
4983,Dormant Reactivation,West,treatment,39,1.4219
4984,Affluent Frequent,Northeast,treatment,66,1.0907
4985,Dormant Reactivation,Midwest,control,102,1.3372
4986,Digital Native,Northeast,treatment,7,0.8768
4987,Mainstream,Southeast,control,93,0.7446
4988,Affluent Frequent,Southeast,control,95,0.1536
4989,Mainstream,Northeast,control,67,2.0763
4990,Mainstream,Southeast,treatment,62,0.3654
4991,Mainstream,Southeast,control,82,1.2514
4992,Affluent Frequent,Southwest,treatment,4,1.4347
4993,Budget Occasional,Midwest,treatment,89,0.7402
4994,Mainstream,Northeast,control,54,0.5085
4995,Budget Occasional,Midwest,control,55,0.3988
4996,Budget Occasional,Southeast,treatment,10,0.4878
4997,Digital Native,Southwest,control,72,0.2653
4998,Affluent Frequent,Northeast,treatment,81,0.6682
4999,Mainstream,West,control,54,0.8905
5000,Dormant Reactivation,Midwest,control,66,0.9161
5001,Budget Occasional,West,control,119,0.7622
5002,Dormant Reactivation,Southwest,treatment,17,2.3544
5003,Mainstream,West,treatment,42,1.2785
5004,Mainstream,Southwest,control,28,0.535
5005,Budget Occasional,Midwest,control,49,1.5368
5006,Digital Native,Midwest,treatment,37,2.53
5007,Digital Native,Southwest,treatment,13,0.928
5008,Budget Occasional,Midwest,control,44,2.8554
5009,Dormant Reactivation,Midwest,control,112,0.9107
5010,Mainstream,Northeast,treatment,45,0.972
5011,Mainstream,Northeast,treatment,64,2.2731
5012,Budget Occasional,Midwest,treatment,49,0.6693
5013,Dormant Reactivation,Northeast,control,12,0.6731
5014,Dormant Reactivation,Midwest,control,120,0.457
5015,Affluent Frequent,Northeast,control,110,1.0068
5016,Budget Occasional,Southeast,treatment,76,0.7678
5017,Dormant Reactivation,West,control,80,1.8124
5018,Budget Occasional,Midwest,treatment,49,1.6054
5019,Budget Occasional,Northeast,treatment,29,0.6957
5020,Mainstream,West,treatment,74,0.4191
5021,Mainstream,Midwest,control,120,0.7748
5022,Mainstream,Midwest,control,87,1.9448
5023,Budget Occasional,Northeast,treatment,64,1.3481
5024,Budget Occasional,Northeast,control,84,0.5264
5025,Budget Occasional,Southeast,treatment,100,1.008
5026,Mainstream,Southeast,treatment,107,0.707
5027,Dormant Reactivation,West,control,7,0.9852
5028,Budget Occasional,Southwest,treatment,3,1.1319
5029,Budget Occasional,West,control,38,1.0782
5030,Mainstream,Southwest,treatment,63,0.401
5031,Dormant Reactivation,Southeast,control,103,1.278
5032,Budget Occasional,Southeast,control,63,0.7593
5033,Affluent Frequent,Southeast,control,71,0.8479
5034,Dormant Reactivation,Midwest,treatment,53,1.0861
5035,Affluent Frequent,Southwest,treatment,81,1.0192
5036,Dormant Reactivation,West,treatment,49,0.8583
5037,Affluent Frequent,West,treatment,75,0.3741
5038,Mainstream,Southeast,control,64,1.2269
5039,Dormant Reactivation,Southwest,control,94,0.5803
5040,Digital Native,Northeast,control,91,0.6764
5041,Dormant Reactivation,Midwest,control,56,1.4095
5042,Affluent Frequent,Northeast,control,45,1.9751
5043,Digital Native,Southeast,control,77,0.9995
5044,Dormant Reactivation,Southwest,control,108,0.9288
5045,Digital Native,West,treatment,103,1.3523
5046,Affluent Frequent,Midwest,control,21,1.5709
5047,Affluent Frequent,Midwest,treatment,94,2.3058
5048,Digital Native,Northeast,treatment,10,2.2775
5049,Budget Occasional,Southeast,treatment,81,1.2697
5050,Digital Native,Northeast,control,46,0.7261
5051,Mainstream,Northeast,control,81,0.8658
5052,Dormant Reactivation,Southeast,control,63,0.6881
5053,Dormant Reactivation,Northeast,control,31,1.0786
5054,Budget Occasional,Southwest,treatment,85,0.5662
5055,Budget Occasional,West,treatment,40,1.3375
5056,Digital Native,Northeast,control,90,0.4683
5057,Digital Native,Northeast,control,82,1.2703
5058,Affluent Frequent,Southeast,treatment,58,0.3384
5059,Mainstream,Midwest,control,115,0.6261
5060,Digital Native,Southeast,treatment,81,1.0514
5061,Mainstream,Northeast,treatment,39,0.6597
5062,Budget Occasional,Midwest,treatment,89,1.9511
5063,Digital Native,Northeast,treatment,6,0.9652
5064,Dormant Reactivation,Southeast,control,118,0.293
5065,Affluent Frequent,Midwest,control,109,2.5768
5066,Digital Native,Southwest,treatment,52,0.1573
5067,Mainstream,Southeast,treatment,14,0.351
5068,Budget Occasional,West,control,44,1.0701
5069,Budget Occasional,West,treatment,73,0.5752
5070,Budget Occasional,Southeast,treatment,13,0.397
5071,Mainstream,West,treatment,67,1.3248
5072,Budget Occasional,Southeast,treatment,48,0.8233
5073,Digital Native,Northeast,treatment,105,1.8033
5074,Budget Occasional,Northeast,control,12,0.6444
5075,Affluent Frequent,Southeast,control,20,1.4593
5076,Dormant Reactivation,West,control,101,0.5518
5077,Mainstream,West,treatment,93,0.9749
5078,Affluent Frequent,Midwest,control,110,1.2032
5079,Budget Occasional,Midwest,control,14,0.3862
5080,Affluent Frequent,Midwest,control,32,0.5565
5081,Digital Native,Northeast,control,107,0.4522
5082,Affluent Frequent,Southeast,control,67,1.1624
5083,Mainstream,Northeast,control,100,0.739
5084,Digital Native,Southwest,control,92,1.6673
5085,Digital Native,Midwest,treatment,36,0.1081
5086,Mainstream,Midwest,control,100,1.1412
5087,Affluent Frequent,Southeast,control,58,1.5759
5088,Dormant Reactivation,Northeast,control,85,1.2111
5089,Digital Native,Southwest,treatment,81,1.0787
5090,Affluent Frequent,West,control,61,1.1346
5091,Mainstream,Midwest,control,65,0.8769
5092,Mainstream,West,treatment,13,0.5028
5093,Mainstream,Northeast,control,6,0.7886
5094,Mainstream,Midwest,treatment,116,0.527
5095,Dormant Reactivation,Northeast,treatment,72,0.4682
5096,Budget Occasional,Northeast,control,27,0.5877
5097,Affluent Frequent,Midwest,control,75,0.4572
5098,Affluent Frequent,West,treatment,116,1.6421
5099,Digital Native,Northeast,treatment,99,0.8774
5100,Affluent Frequent,West,control,75,1.2371
5101,Budget Occasional,Northeast,control,84,0.7406
5102,Budget Occasional,West,control,103,0.8069
5103,Budget Occasional,Southeast,treatment,95,0.7517
5104,Mainstream,Northeast,treatment,79,0.9208
5105,Affluent Frequent,West,control,3,0.793
5106,Budget Occasional,Midwest,treatment,114,0.6428
5107,Dormant Reactivation,West,treatment,78,1.0328
5108,Mainstream,West,control,43,0.7515
5109,Budget Occasional,Midwest,control,54,0.4361
5110,Mainstream,Northeast,control,16,1.1189
5111,Mainstream,West,treatment,9,0.8926
5112,Dormant Reactivation,Northeast,treatment,81,0.549
5113,Dormant Reactivation,Northeast,control,15,0.6281
5114,Mainstream,Southeast,control,35,1.3174
5115,Mainstream,Midwest,control,114,1.5873
5116,Mainstream,Midwest,control,49,0.5412
5117,Budget Occasional,Southeast,treatment,28,0.1856
5118,Mainstream,Midwest,control,99,1.1903
5119,Digital Native,Midwest,treatment,93,2.0046
5120,Digital Native,West,control,108,0.7899
5121,Digital Native,West,treatment,50,0.5576
5122,Dormant Reactivation,West,control,25,0.3962
5123,Affluent Frequent,Southwest,control,20,0.6957
5124,Mainstream,West,treatment,46,0.6521
5125,Mainstream,Southeast,treatment,72,1.8613
5126,Dormant Reactivation,Southeast,control,27,0.6023
5127,Budget Occasional,Southeast,control,51,1.0027
5128,Dormant Reactivation,West,control,30,1.8366
5129,Digital Native,Southeast,control,110,1.4423
5130,Budget Occasional,Southeast,treatment,118,0.7332
5131,Affluent Frequent,West,control,49,0.4556
5132,Budget Occasional,West,control,84,1.0267
5133,Budget Occasional,Southeast,treatment,78,1.2123
5134,Budget Occasional,West,treatment,120,1.1046
5135,Digital Native,Midwest,control,85,1.0404
5136,Affluent Frequent,Southwest,treatment,54,0.1538
5137,Mainstream,Northeast,treatment,78,0.9062
5138,Digital Native,West,treatment,41,0.4521
5139,Digital Native,West,treatment,44,1.1397
5140,Digital Native,Southeast,control,116,1.3392
5141,Affluent Frequent,Midwest,control,47,0.8717
5142,Budget Occasional,Midwest,treatment,59,1.6034
5143,Mainstream,West,treatment,9,1.6384
5144,Budget Occasional,Northeast,control,5,0.4171
5145,Digital Native,Southeast,control,44,0.8521
5146,Affluent Frequent,Southwest,treatment,47,0.911
5147,Digital Native,Midwest,control,11,0.9671
5148,Mainstream,Southwest,treatment,92,1.2833
5149,Digital Native,Southeast,control,75,1.0465
5150,Dormant Reactivation,Southeast,treatment,6,0.8911
5151,Mainstream,Southwest,control,109,0.6014
5152,Affluent Frequent,Southeast,treatment,11,0.5504
5153,Budget Occasional,Northeast,treatment,101,0.2906
5154,Affluent Frequent,Southwest,control,63,0.3705
5155,Digital Native,Northeast,control,40,0.711
5156,Budget Occasional,Midwest,treatment,41,0.3825
5157,Mainstream,Southeast,treatment,72,0.9192
5158,Dormant Reactivation,Southwest,treatment,43,1.4106
5159,Affluent Frequent,West,control,39,1.0581
5160,Digital Native,Southwest,control,58,0.3897
5161,Mainstream,West,treatment,14,0.3957
5162,Mainstream,Midwest,control,3,1.164
5163,Dormant Reactivation,Southeast,treatment,76,0.7822
5164,Dormant Reactivation,Midwest,treatment,102,1.7617
5165,Mainstream,Northeast,control,90,2.2877
5166,Budget Occasional,Southeast,treatment,98,0.2595
5167,Affluent Frequent,Southeast,treatment,119,0.4307
5168,Affluent Frequent,Southeast,treatment,94,0.7798
5169,Budget Occasional,Midwest,treatment,13,0.5333
5170,Mainstream,Southeast,control,8,2.0443
5171,Digital Native,Northeast,control,112,1.4539
5172,Dormant Reactivation,Midwest,treatment,117,1.5103
5173,Mainstream,West,control,65,1.7457
5174,Affluent Frequent,Midwest,control,25,0.6327
5175,Mainstream,Northeast,control,25,1.3458
5176,Mainstream,Northeast,treatment,59,1.4023
5177,Mainstream,Midwest,control,13,0.7289
5178,Budget Occasional,Southeast,treatment,51,0.6551
5179,Budget Occasional,Southeast,treatment,77,0.5245
5180,Digital Native,West,control,113,1.1373
5181,Digital Native,Southeast,control,8,1.2139
5182,Mainstream,Southeast,treatment,79,0.8345
5183,Digital Native,Southeast,treatment,61,0.9982
5184,Budget Occasional,Midwest,control,113,1.1295
5185,Dormant Reactivation,West,control,24,0.7669
5186,Mainstream,Midwest,control,28,0.7513
5187,Mainstream,Southeast,control,58,1.3671
5188,Mainstream,West,treatment,16,0.6107
5189,Mainstream,Northeast,control,26,1.0349
5190,Budget Occasional,Southeast,treatment,63,0.5816
5191,Digital Native,Northeast,control,57,0.888
5192,Mainstream,Midwest,control,35,1.784
5193,Digital Native,West,control,20,1.0546
5194,Dormant Reactivation,Southwest,treatment,86,0.9404
5195,Affluent Frequent,Southeast,treatment,4,2.2212
5196,Dormant Reactivation,Southeast,control,43,1.0409
5197,Affluent Frequent,Northeast,control,3,0.9613
5198,Budget Occasional,Southeast,control,72,0.6257
5199,Budget Occasional,Southwest,treatment,37,0.9027
5200,Mainstream,Northeast,treatment,48,0.6904
5201,Budget Occasional,Midwest,control,9,0.1846
5202,Digital Native,Northeast,treatment,16,1.2368
5203,Affluent Frequent,Midwest,control,104,3.2872
5204,Mainstream,Midwest,treatment,69,0.6676
5205,Mainstream,Northeast,control,113,1.3165
5206,Digital Native,Southeast,treatment,18,0.2155
5207,Mainstream,West,treatment,9,0.7818
5208,Budget Occasional,West,treatment,4,1.1386
5209,Budget Occasional,West,treatment,115,0.9279
5210,Mainstream,Southeast,control,32,1.4057
5211,Mainstream,Midwest,control,72,0.8794
5212,Budget Occasional,Southwest,treatment,20,1.1523
5213,Digital Native,West,treatment,87,0.6108
5214,Mainstream,Midwest,control,30,0.3372
5215,Budget Occasional,Northeast,treatment,10,1.0358
5216,Budget Occasional,Northeast,control,16,1.0388
5217,Mainstream,Southeast,treatment,55,1.4131
5218,Affluent Frequent,Southwest,treatment,110,1.2193
5219,Budget Occasional,West,control,5,1.7391
5220,Mainstream,Southwest,treatment,74,1.4684
5221,Budget Occasional,Northeast,treatment,118,1.9195
5222,Digital Native,Midwest,treatment,23,0.8603
5223,Mainstream,West,control,119,0.7773
5224,Affluent Frequent,West,treatment,15,0.5565
5225,Budget Occasional,Midwest,treatment,86,0.6352
5226,Dormant Reactivation,West,treatment,98,1.2677
5227,Dormant Reactivation,Southeast,treatment,58,0.9196
5228,Affluent Frequent,Southwest,control,69,0.8181
5229,Mainstream,Southeast,control,109,0.6722
5230,Digital Native,Midwest,treatment,33,1.612
5231,Budget Occasional,West,control,42,0.2572
5232,Mainstream,Northeast,control,99,0.9422
5233,Budget Occasional,West,control,46,1.1844
5234,Mainstream,Southwest,control,40,1.3629
5235,Mainstream,Northeast,treatment,59,0.3458
5236,Budget Occasional,Southeast,treatment,96,0.562
5237,Dormant Reactivation,West,control,4,0.9634
5238,Affluent Frequent,Northeast,control,87,0.3973
5239,Affluent Frequent,Northeast,treatment,105,1.304
5240,Budget Occasional,West,treatment,120,1.9005
5241,Digital Native,Southeast,control,33,0.6045
5242,Dormant Reactivation,Southeast,control,44,0.3556
5243,Affluent Frequent,Midwest,control,16,1.6544
5244,Affluent Frequent,Southeast,treatment,24,1.4882
5245,Dormant Reactivation,Southwest,treatment,4,0.9397
5246,Affluent Frequent,Midwest,treatment,104,0.2743
5247,Mainstream,Midwest,control,59,1.1159
5248,Budget Occasional,Midwest,control,41,0.9848
5249,Mainstream,Southwest,control,87,0.7893
5250,Budget Occasional,Northeast,control,8,0.6349
5251,Digital Native,West,treatment,94,1.1186
5252,Dormant Reactivation,West,control,117,1.3746
5253,Mainstream,Southwest,treatment,62,1.5543
5254,Digital Native,Southeast,treatment,97,1.9277
5255,Mainstream,Southeast,control,32,0.8084
5256,Mainstream,Southwest,treatment,114,1.1313
5257,Dormant Reactivation,Northeast,control,117,0.2156
5258,Digital Native,West,treatment,33,0.8683
5259,Budget Occasional,Southeast,treatment,115,0.248
5260,Mainstream,Southwest,control,12,0.384
5261,Budget Occasional,Northeast,control,58,2.833
5262,Affluent Frequent,Southeast,treatment,61,0.827
5263,Digital Native,West,control,97,1.0251
5264,Dormant Reactivation,Midwest,control,99,1.0124
5265,Affluent Frequent,Northeast,control,90,1.0077
5266,Mainstream,Midwest,treatment,8,0.5047
5267,Dormant Reactivation,Southwest,control,74,1.5204
5268,Budget Occasional,West,treatment,108,0.7936
5269,Affluent Frequent,Northeast,control,18,0.9589
5270,Digital Native,Northeast,treatment,112,0.4792
5271,Digital Native,Midwest,control,100,1.9474
5272,Affluent Frequent,Southeast,treatment,43,0.6745
5273,Digital Native,Southeast,treatment,57,0.6068
5274,Affluent Frequent,Southeast,control,103,0.3426
5275,Mainstream,Southeast,treatment,63,0.5427
5276,Budget Occasional,Southeast,treatment,96,1.6242
5277,Mainstream,Midwest,treatment,81,0.9179
5278,Mainstream,Southeast,control,88,0.3683
5279,Mainstream,Southeast,control,29,0.6633
5280,Budget Occasional,West,treatment,110,1.1972
5281,Digital Native,Northeast,control,41,0.1519
5282,Budget Occasional,Midwest,control,56,0.4832
5283,Mainstream,West,treatment,41,0.5959
5284,Affluent Frequent,Northeast,control,29,1.5527
5285,Budget Occasional,Northeast,control,18,0.5424
5286,Digital Native,Southwest,control,55,1.1032
5287,Dormant Reactivation,Northeast,treatment,97,0.7019
5288,Budget Occasional,Southwest,treatment,74,0.4289
5289,Mainstream,Southeast,treatment,114,1.4413
5290,Budget Occasional,Southeast,control,47,0.9881
5291,Mainstream,West,control,77,1.2896
5292,Budget Occasional,Northeast,treatment,100,1.7404
5293,Mainstream,Northeast,treatment,105,0.8451
5294,Budget Occasional,Midwest,treatment,18,0.5361
5295,Budget Occasional,Northeast,treatment,72,1.3538
5296,Budget Occasional,Northeast,treatment,35,0.6589
5297,Dormant Reactivation,West,treatment,35,0.9096
5298,Affluent Frequent,West,control,42,2.4027
5299,Budget Occasional,Southeast,treatment,69,0.6494
5300,Dormant Reactivation,Northeast,treatment,20,0.4585
5301,Affluent Frequent,West,treatment,40,0.995
5302,Digital Native,Midwest,treatment,93,0.2919
5303,Dormant Reactivation,Southwest,control,47,1.0807
5304,Mainstream,Northeast,control,93,1.2257
5305,Budget Occasional,Northeast,control,47,1.6338
5306,Affluent Frequent,Southwest,treatment,118,0.6527
5307,Mainstream,Northeast,control,103,1.2148
5308,Dormant Reactivation,West,treatment,66,0.7871
5309,Budget Occasional,Southwest,control,80,0.9042
5310,Mainstream,West,control,106,0.7051
5311,Affluent Frequent,Midwest,control,54,0.3335
5312,Dormant Reactivation,Southeast,treatment,60,0.8223
5313,Budget Occasional,Southeast,control,33,0.7544
5314,Mainstream,Southeast,control,112,0.9255
5315,Dormant Reactivation,Southwest,control,80,0.8363
5316,Digital Native,Midwest,control,35,0.6894
5317,Budget Occasional,Midwest,control,16,1.113
5318,Affluent Frequent,Northeast,treatment,119,1.4083
5319,Digital Native,Southeast,treatment,67,0.7236
5320,Budget Occasional,Southeast,control,117,0.6867
5321,Mainstream,West,treatment,84,0.3826
5322,Dormant Reactivation,Northeast,control,75,0.4059
5323,Digital Native,Southeast,treatment,26,1.8379
5324,Affluent Frequent,Midwest,control,82,0.563
5325,Dormant Reactivation,Northeast,treatment,53,0.7871
5326,Budget Occasional,Northeast,treatment,107,1.3856
5327,Dormant Reactivation,Southwest,treatment,108,1.5176
5328,Dormant Reactivation,Midwest,treatment,81,0.5385
5329,Mainstream,Midwest,treatment,54,1.1151
5330,Affluent Frequent,West,control,48,0.8685
5331,Dormant Reactivation,West,control,115,0.8448
5332,Mainstream,Midwest,treatment,24,0.3644
5333,Mainstream,West,treatment,19,3.0456
5334,Budget Occasional,Southeast,control,40,0.7051
5335,Digital Native,West,treatment,21,1.7086
5336,Budget Occasional,Midwest,treatment,107,1.6062
5337,Mainstream,Southeast,control,26,0.7587
5338,Dormant Reactivation,Northeast,control,90,0.5491
5339,Mainstream,Southeast,control,19,0.6441
5340,Mainstream,Midwest,treatment,106,1.4906
5341,Budget Occasional,Southwest,treatment,18,1.6048
5342,Affluent Frequent,Midwest,control,44,0.4296
5343,Mainstream,West,treatment,44,0.8351
5344,Mainstream,Southeast,treatment,75,1.349
5345,Mainstream,Midwest,control,7,0.8842
5346,Affluent Frequent,Southeast,control,59,0.7974
5347,Mainstream,West,treatment,101,0.3225
5348,Affluent Frequent,Southeast,treatment,30,1.1413
5349,Mainstream,West,control,106,0.6227
5350,Digital Native,Southeast,treatment,24,1.2997
5351,Affluent Frequent,Northeast,control,113,1.013
5352,Digital Native,Northeast,control,59,1.28
5353,Budget Occasional,Midwest,treatment,86,0.9536
5354,Budget Occasional,West,control,119,1.5408
5355,Affluent Frequent,Southwest,treatment,114,1.1499
5356,Budget Occasional,Midwest,control,7,0.7569
5357,Mainstream,Northeast,treatment,108,0.9009
5358,Affluent Frequent,Northeast,control,108,0.9388
5359,Digital Native,Southeast,treatment,51,1.2248
5360,Mainstream,West,control,81,0.6271
5361,Dormant Reactivation,Midwest,control,97,0.6481
5362,Affluent Frequent,Southeast,control,35,1.7728
5363,Mainstream,Northeast,control,4,2.1052
5364,Mainstream,Northeast,treatment,48,1.0779
5365,Mainstream,Northeast,treatment,80,0.4932
5366,Digital Native,Southeast,control,7,0.7518
5367,Dormant Reactivation,Northeast,control,67,1.0175
5368,Budget Occasional,West,control,6,1.6636
5369,Affluent Frequent,Southeast,control,13,0.9506
5370,Mainstream,Southeast,treatment,103,2.0931
5371,Mainstream,West,treatment,43,0.524
5372,Mainstream,Midwest,treatment,58,1.3455
5373,Digital Native,Midwest,control,73,1.1993
5374,Digital Native,West,control,107,0.6736
5375,Digital Native,West,treatment,115,0.2451
5376,Affluent Frequent,Northeast,treatment,68,0.4976
5377,Mainstream,West,control,81,0.5693
5378,Digital Native,Northeast,treatment,106,0.7063
5379,Mainstream,West,control,101,0.6339
5380,Mainstream,Southeast,control,36,0.6332
5381,Digital Native,West,control,18,0.4327
5382,Dormant Reactivation,Southeast,treatment,78,1.0119
5383,Mainstream,Southwest,control,11,1.4193
5384,Affluent Frequent,Northeast,control,65,0.308
5385,Digital Native,Southwest,control,30,1.2365
5386,Digital Native,Northeast,treatment,118,0.5554
5387,Dormant Reactivation,West,control,6,1.0009
5388,Dormant Reactivation,West,treatment,69,1.0422
5389,Digital Native,Northeast,treatment,30,1.7633
5390,Affluent Frequent,Southeast,control,64,0.1965
5391,Affluent Frequent,Northeast,treatment,43,1.7586
5392,Mainstream,Midwest,control,10,0.5555
5393,Budget Occasional,Southwest,control,53,1.5733
5394,Affluent Frequent,Southeast,treatment,54,1.6115
5395,Budget Occasional,Midwest,control,12,1.3175
5396,Mainstream,Midwest,control,42,0.3492
5397,Mainstream,West,treatment,17,0.7343
5398,Budget Occasional,Southeast,control,62,0.6218
5399,Digital Native,Southeast,control,15,0.9403
5400,Mainstream,Northeast,control,117,1.4738
5401,Digital Native,Northeast,control,48,1.4664
5402,Budget Occasional,Southeast,treatment,52,1.3309
5403,Mainstream,West,control,70,1.2806
5404,Budget Occasional,Southwest,control,35,3.1607
5405,Digital Native,Midwest,control,64,0.7097
5406,Mainstream,West,control,79,1.2446
5407,Mainstream,Southeast,treatment,29,0.6103
5408,Affluent Frequent,Southwest,treatment,34,1.5787
5409,Mainstream,Southeast,control,59,1.1538
5410,Affluent Frequent,Midwest,treatment,22,1.3796
5411,Budget Occasional,Midwest,treatment,96,0.7663
5412,Budget Occasional,Midwest,control,74,0.9091
5413,Mainstream,Southeast,treatment,47,1.7935
5414,Mainstream,Northeast,treatment,83,0.2888
5415,Dormant Reactivation,Southeast,treatment,100,1.2917
5416,Budget Occasional,West,control,14,0.9194
5417,Mainstream,Midwest,control,113,1.6873
5418,Digital Native,Southwest,control,93,1.6299
5419,Digital Native,Southeast,treatment,48,1.2676
5420,Affluent Frequent,Midwest,control,104,0.4422
5421,Affluent Frequent,Midwest,control,62,1.4499
5422,Affluent Frequent,Midwest,control,105,0.446
5423,Digital Native,Northeast,treatment,17,0.4378
5424,Dormant Reactivation,Northeast,treatment,45,1.3452
5425,Mainstream,Midwest,treatment,34,0.5571
5426,Dormant Reactivation,Northeast,treatment,53,0.877
5427,Affluent Frequent,Northeast,control,104,1.5344
5428,Mainstream,Northeast,control,37,0.7597
5429,Budget Occasional,Midwest,treatment,115,1.0026
5430,Mainstream,Southwest,control,58,0.4882
5431,Mainstream,Southeast,treatment,67,0.8172
5432,Budget Occasional,Southwest,control,6,0.8678
5433,Mainstream,Southwest,treatment,116,0.9193
5434,Dormant Reactivation,Midwest,treatment,62,0.7466
5435,Budget Occasional,Midwest,control,102,0.7778
5436,Dormant Reactivation,West,treatment,6,0.702
5437,Affluent Frequent,Southeast,control,55,0.4029
5438,Dormant Reactivation,Southwest,treatment,96,0.7835
5439,Dormant Reactivation,West,treatment,23,0.532
5440,Digital Native,Southeast,control,119,0.6274
5441,Digital Native,Southwest,treatment,63,0.4568
5442,Affluent Frequent,Southwest,control,107,1.2945
5443,Mainstream,Midwest,treatment,69,1.3026
5444,Affluent Frequent,Midwest,treatment,81,0.9829
5445,Budget Occasional,Midwest,treatment,97,1.6927
5446,Affluent Frequent,Southeast,control,79,0.1539
5447,Budget Occasional,West,treatment,8,0.8924
5448,Digital Native,Midwest,control,92,0.509
5449,Dormant Reactivation,Southeast,treatment,56,1.5162
5450,Mainstream,Southeast,treatment,33,1.9932
5451,Affluent Frequent,Southwest,treatment,78,1.3972
5452,Digital Native,Northeast,control,6,2.345
5453,Dormant Reactivation,Southeast,control,107,0.4603
5454,Digital Native,Midwest,treatment,71,1.0133
5455,Affluent Frequent,Northeast,control,102,0.5881
5456,Affluent Frequent,Southeast,control,13,0.7897
5457,Mainstream,West,treatment,88,0.8467
5458,Budget Occasional,West,control,54,0.8192
5459,Mainstream,Southeast,control,12,1.074
5460,Affluent Frequent,Southwest,treatment,57,0.6834
5461,Digital Native,Midwest,treatment,111,0.738
5462,Budget Occasional,West,control,114,0.3869
5463,Affluent Frequent,Midwest,treatment,38,0.7615
5464,Digital Native,West,control,103,1.917
5465,Digital Native,Northeast,control,43,2.0361
5466,Mainstream,Southwest,control,68,0.911
5467,Mainstream,Southeast,treatment,95,1.0285
5468,Budget Occasional,Northeast,treatment,20,0.7569
5469,Mainstream,Midwest,control,105,0.5355
5470,Budget Occasional,Northeast,control,74,1.8713
5471,Budget Occasional,Northeast,control,81,0.2252
5472,Mainstream,West,control,84,1.0837
5473,Budget Occasional,West,treatment,17,0.3052
5474,Affluent Frequent,Southwest,control,44,2.5968
5475,Digital Native,Southeast,control,43,0.3463
5476,Mainstream,Southwest,control,85,0.568
5477,Affluent Frequent,Southwest,control,109,0.6012
5478,Budget Occasional,Northeast,treatment,33,0.5923
5479,Digital Native,Midwest,treatment,100,1.5251
5480,Affluent Frequent,Southeast,control,49,0.3075
5481,Dormant Reactivation,Southwest,control,70,1.3736
5482,Digital Native,Northeast,treatment,64,0.5125
5483,Budget Occasional,Midwest,control,17,0.9709
5484,Mainstream,Midwest,control,94,1.3466
5485,Affluent Frequent,West,control,60,1.3043
5486,Digital Native,Northeast,control,11,1.0286
5487,Mainstream,West,treatment,114,0.7821
5488,Affluent Frequent,West,control,53,0.94
5489,Mainstream,Midwest,treatment,92,0.9674
5490,Mainstream,Northeast,treatment,25,0.4653
5491,Budget Occasional,West,control,61,0.5
5492,Mainstream,West,treatment,108,1.4669
5493,Dormant Reactivation,Southeast,control,84,0.9306
5494,Digital Native,Southeast,treatment,57,0.7548
5495,Mainstream,West,control,111,0.626
5496,Mainstream,Northeast,control,25,0.7455
5497,Mainstream,Northeast,treatment,30,0.4425
5498,Budget Occasional,Southeast,treatment,48,1.2366
5499,Mainstream,Midwest,treatment,89,0.8081
5500,Digital Native,Southeast,treatment,27,0.6329
5501,Dormant Reactivation,Southeast,control,51,0.8653
5502,Affluent Frequent,Midwest,treatment,50,1.3071
5503,Digital Native,Southeast,control,29,0.9348
5504,Affluent Frequent,West,control,33,0.8059
5505,Digital Native,Midwest,control,24,0.2696
5506,Budget Occasional,West,control,17,0.7797
5507,Digital Native,West,control,59,2.0961
5508,Budget Occasional,West,control,81,0.7555
5509,Dormant Reactivation,Southeast,control,44,1.9938
5510,Affluent Frequent,Northeast,control,13,0.6647
5511,Digital Native,Southeast,control,83,1.6304
5512,Digital Native,West,treatment,86,0.6699
5513,Affluent Frequent,Southwest,treatment,88,1.157
5514,Affluent Frequent,Southeast,control,26,1.1542
5515,Budget Occasional,Northeast,control,84,0.5464
5516,Mainstream,Northeast,control,29,0.2894
5517,Mainstream,West,treatment,64,0.9778
5518,Affluent Frequent,West,treatment,32,0.4334
5519,Budget Occasional,Southwest,treatment,14,0.7096
5520,Mainstream,West,treatment,52,0.2302
5521,Mainstream,Midwest,treatment,78,2.0708
5522,Digital Native,Southeast,treatment,92,0.979
5523,Budget Occasional,Midwest,treatment,43,0.8824
5524,Budget Occasional,Southwest,control,63,0.7268
5525,Digital Native,Southeast,control,88,0.4574
5526,Budget Occasional,Midwest,treatment,85,0.1959
5527,Dormant Reactivation,Northeast,control,16,1.0889
5528,Mainstream,Southeast,control,8,0.6414
5529,Affluent Frequent,Southwest,treatment,59,0.4482
5530,Dormant Reactivation,Northeast,treatment,37,0.6465
5531,Mainstream,Southeast,control,12,0.7084
5532,Affluent Frequent,Midwest,treatment,86,0.5088
5533,Mainstream,Northeast,treatment,91,1.1239
5534,Budget Occasional,Southeast,treatment,101,0.3495
5535,Affluent Frequent,Southeast,treatment,84,0.3688
5536,Budget Occasional,Northeast,control,48,0.6639
5537,Affluent Frequent,Northeast,treatment,55,1.1021
5538,Digital Native,Midwest,treatment,100,1.6837
5539,Budget Occasional,West,treatment,83,0.8636
5540,Mainstream,West,control,57,0.7126
5541,Budget Occasional,Southeast,control,12,0.3554
5542,Budget Occasional,Midwest,treatment,117,0.5383
5543,Dormant Reactivation,West,treatment,52,1.4091
5544,Budget Occasional,Midwest,treatment,64,0.6579
5545,Affluent Frequent,Northeast,treatment,115,0.4745
5546,Mainstream,West,control,41,0.9364
5547,Budget Occasional,Southeast,control,81,0.6484
5548,Mainstream,Midwest,treatment,31,0.4153
5549,Dormant Reactivation,Southeast,treatment,106,1.7795
5550,Dormant Reactivation,Northeast,treatment,90,0.6381
5551,Mainstream,Southwest,control,100,0.4854
5552,Mainstream,Southwest,treatment,33,1.7516
5553,Mainstream,Midwest,control,74,1.751
5554,Affluent Frequent,West,treatment,47,2.3851
5555,Budget Occasional,Southwest,treatment,34,1.5406
5556,Digital Native,Southeast,control,61,1.2337
5557,Affluent Frequent,Southeast,treatment,26,1.3102
5558,Digital Native,Southeast,treatment,41,0.7244
5559,Mainstream,Southeast,treatment,55,0.617
5560,Digital Native,Southeast,treatment,101,1.9669
5561,Mainstream,Southeast,control,112,0.7049
5562,Mainstream,Southwest,treatment,88,1.3673
5563,Dormant Reactivation,Midwest,treatment,32,1.0946
5564,Digital Native,Midwest,control,52,0.7721
5565,Mainstream,Southeast,treatment,77,0.9597
5566,Digital Native,Southwest,treatment,88,0.4865
5567,Affluent Frequent,West,control,120,1.3335
5568,Digital Native,Southwest,control,19,0.5985
5569,Mainstream,Southeast,control,62,1.1465
5570,Mainstream,Northeast,treatment,50,0.7607
5571,Affluent Frequent,West,control,74,1.8832
5572,Mainstream,Southwest,treatment,109,0.2097
5573,Digital Native,Northeast,control,63,0.708
5574,Dormant Reactivation,Northeast,treatment,24,1.1459
5575,Mainstream,Midwest,treatment,25,1.0483
5576,Dormant Reactivation,Midwest,treatment,18,0.5198
5577,Dormant Reactivation,West,control,108,0.4889
5578,Affluent Frequent,West,treatment,68,0.7837
5579,Dormant Reactivation,Southwest,treatment,42,0.8692
5580,Affluent Frequent,Midwest,control,86,1.0273
5581,Dormant Reactivation,Southwest,control,83,1.3588
5582,Mainstream,Southeast,control,32,1.0508
5583,Digital Native,Midwest,treatment,116,0.7924
5584,Mainstream,Southeast,treatment,88,0.1504
5585,Budget Occasional,Northeast,treatment,90,0.8461
5586,Digital Native,Midwest,control,24,0.1329
5587,Digital Native,Southwest,control,54,0.9908
5588,Digital Native,Southeast,control,4,0.85
5589,Affluent Frequent,Southwest,control,102,1.0426
5590,Budget Occasional,Northeast,control,57,0.6979
5591,Affluent Frequent,Southeast,treatment,45,3.1014
5592,Mainstream,West,treatment,79,0.7516
5593,Budget Occasional,West,treatment,101,1.036
5594,Digital Native,Southeast,treatment,75,1.3959
5595,Mainstream,Southeast,control,114,0.7112
5596,Digital Native,Midwest,control,24,1.5349
5597,Dormant Reactivation,Northeast,treatment,80,0.1793
5598,Mainstream,Northeast,treatment,6,0.9493
5599,Budget Occasional,West,treatment,101,1.1062
5600,Dormant Reactivation,Northeast,control,65,1.1456
5601,Dormant Reactivation,Southeast,treatment,73,1.5042
5602,Mainstream,Southeast,treatment,56,0.8109
5603,Mainstream,Southeast,treatment,79,0.9092
5604,Digital Native,Southwest,control,23,0.5042
5605,Budget Occasional,Southeast,control,87,1.2179
5606,Digital Native,Southeast,treatment,67,0.4448
5607,Digital Native,Southeast,treatment,35,0.6151
5608,Budget Occasional,Southwest,treatment,88,0.3597
5609,Mainstream,Southwest,treatment,49,0.577
5610,Digital Native,Midwest,treatment,56,1.3447
5611,Budget Occasional,Northeast,control,48,0.911
5612,Dormant Reactivation,Southeast,treatment,86,0.4097
5613,Budget Occasional,Midwest,treatment,30,2.2068
5614,Affluent Frequent,West,treatment,13,0.4422
5615,Digital Native,Southeast,treatment,48,0.789
5616,Budget Occasional,West,treatment,28,1.2838
5617,Mainstream,Northeast,control,73,0.7192
5618,Budget Occasional,West,treatment,99,0.3407
5619,Mainstream,Northeast,treatment,63,2.2829
5620,Budget Occasional,West,treatment,65,1.2034
5621,Affluent Frequent,Southeast,treatment,115,0.4911
5622,Mainstream,Southeast,control,74,0.3579
5623,Budget Occasional,Northeast,treatment,37,1.222
5624,Budget Occasional,Northeast,control,63,1.2509
5625,Affluent Frequent,Southeast,treatment,19,1.2545
5626,Digital Native,Northeast,control,76,1.4166
5627,Dormant Reactivation,Midwest,treatment,105,0.4179
5628,Budget Occasional,Southeast,treatment,43,0.8304
5629,Dormant Reactivation,Southeast,control,46,0.4238
5630,Mainstream,Northeast,treatment,48,1.7117
5631,Mainstream,Midwest,control,60,1.13
5632,Affluent Frequent,Midwest,control,63,1.0468
5633,Budget Occasional,Northeast,treatment,56,0.9212
5634,Affluent Frequent,Northeast,treatment,29,0.9212
5635,Affluent Frequent,Southeast,treatment,92,0.682
5636,Mainstream,Northeast,control,52,1.6409
5637,Budget Occasional,Midwest,control,47,1.6396
5638,Budget Occasional,Southeast,control,28,2.4338
5639,Affluent Frequent,Southeast,control,9,0.3489
5640,Affluent Frequent,Southwest,treatment,78,0.6118
5641,Mainstream,Southeast,treatment,67,2.003
5642,Affluent Frequent,Midwest,control,32,1.4846
5643,Budget Occasional,Midwest,control,39,1.1796
5644,Mainstream,Northeast,treatment,64,1.4617
5645,Mainstream,West,control,106,0.7416
5646,Dormant Reactivation,Northeast,control,58,0.5177
5647,Mainstream,West,treatment,46,1.1105
5648,Mainstream,Southeast,treatment,32,1.7805
5649,Mainstream,Southwest,control,97,2.1761
5650,Mainstream,Midwest,treatment,99,0.8864
5651,Digital Native,Northeast,treatment,55,0.7493
5652,Budget Occasional,West,control,46,0.432
5653,Mainstream,Southeast,treatment,4,1.3357
5654,Budget Occasional,West,control,23,0.8835
5655,Affluent Frequent,Southeast,treatment,82,1.2463
5656,Mainstream,Southeast,control,113,0.9442
5657,Affluent Frequent,West,treatment,90,0.6098
5658,Mainstream,Midwest,control,57,1.1254
5659,Budget Occasional,Northeast,control,6,1.1765
5660,Budget Occasional,Midwest,treatment,118,0.6618
5661,Budget Occasional,Northeast,control,53,0.9447
5662,Mainstream,Northeast,treatment,109,1.3849
5663,Mainstream,Southwest,control,81,1.4827
5664,Affluent Frequent,Northeast,control,40,1.2581
5665,Budget Occasional,Midwest,control,77,0.6301
5666,Budget Occasional,Northeast,treatment,118,1.3117
5667,Mainstream,Northeast,control,20,0.3663
5668,Mainstream,West,control,89,1.8096
5669,Affluent Frequent,Southwest,control,120,1.045
5670,Mainstream,Midwest,treatment,73,0.8299
5671,Mainstream,Midwest,control,93,1.3012
5672,Affluent Frequent,West,treatment,78,1.1525
5673,Budget Occasional,West,treatment,40,0.4531
5674,Mainstream,Southeast,treatment,112,1.5572
5675,Budget Occasional,Southeast,treatment,75,0.9035
5676,Digital Native,West,control,21,1.1781
5677,Mainstream,Midwest,treatment,109,0.6771
5678,Mainstream,Southeast,control,75,0.5686
5679,Budget Occasional,Southwest,control,38,0.7053
5680,Mainstream,Northeast,control,27,1.0683
5681,Digital Native,Southeast,control,105,1.1877
5682,Affluent Frequent,West,control,5,0.4469
5683,Digital Native,West,treatment,36,0.9556
5684,Budget Occasional,Midwest,treatment,33,1.281
5685,Mainstream,West,control,26,1.1343
5686,Mainstream,Northeast,control,53,0.7329
5687,Digital Native,West,control,28,0.7965
5688,Digital Native,Northeast,treatment,88,0.9529
5689,Budget Occasional,West,treatment,82,2.3033
5690,Budget Occasional,Northeast,treatment,71,2.4957
5691,Mainstream,West,treatment,66,1.5567
5692,Dormant Reactivation,Northeast,treatment,103,1.047
5693,Digital Native,Northeast,treatment,67,0.4202
5694,Digital Native,Southwest,control,63,1.0102
5695,Budget Occasional,Northeast,treatment,111,1.6526
5696,Affluent Frequent,West,control,96,0.4839
5697,Mainstream,Northeast,treatment,22,0.8916
5698,Digital Native,West,control,48,1.5023
5699,Affluent Frequent,Northeast,control,120,1.1736
5700,Mainstream,West,control,96,0.9348
5701,Mainstream,West,control,116,1.6663
5702,Budget Occasional,Northeast,control,11,1.4046
5703,Budget Occasional,Southwest,treatment,76,1.3561
5704,Mainstream,West,treatment,100,1.0704
5705,Budget Occasional,Southwest,control,59,1.1908
5706,Budget Occasional,West,treatment,38,1.4894
5707,Affluent Frequent,Northeast,control,43,0.7401
5708,Dormant Reactivation,Southwest,treatment,44,0.4762
5709,Affluent Frequent,Midwest,treatment,41,1.2067
5710,Mainstream,West,control,51,0.7486
5711,Dormant Reactivation,West,control,101,1.1575
5712,Mainstream,Southeast,treatment,99,0.5259
5713,Digital Native,Northeast,treatment,103,0.203
5714,Mainstream,West,control,101,0.9071
5715,Digital Native,West,control,115,0.2903
5716,Affluent Frequent,Midwest,treatment,108,0.8425
5717,Budget Occasional,West,control,120,0.5701
5718,Mainstream,Southwest,treatment,78,1.2544
5719,Digital Native,Southeast,control,8,1.5505
5720,Mainstream,West,control,3,1.6834
5721,Digital Native,Midwest,treatment,84,0.7424
5722,Dormant Reactivation,Southwest,control,103,1.5286
5723,Budget Occasional,Southwest,control,61,0.4366
5724,Mainstream,Southeast,treatment,55,1.4354
5725,Dormant Reactivation,Northeast,control,34,0.7715
5726,Digital Native,Midwest,control,41,0.7012
5727,Budget Occasional,Midwest,treatment,40,0.8004
5728,Digital Native,West,treatment,120,1.2754
5729,Mainstream,Southeast,control,39,0.8685
5730,Affluent Frequent,West,treatment,36,0.9732
5731,Budget Occasional,Midwest,treatment,84,0.7462
5732,Budget Occasional,Southwest,treatment,99,1.1224
5733,Budget Occasional,Southwest,control,47,1.179
5734,Mainstream,West,treatment,92,0.5227
5735,Budget Occasional,Midwest,treatment,85,1.3586
5736,Dormant Reactivation,Northeast,control,18,1.8006
5737,Budget Occasional,Northeast,treatment,113,1.1592
5738,Digital Native,Northeast,control,58,1.4995
5739,Affluent Frequent,Northeast,treatment,34,1.1573
5740,Mainstream,West,control,61,0.9066
5741,Affluent Frequent,Southeast,control,110,1.1243
5742,Mainstream,Northeast,treatment,47,0.2981
5743,Mainstream,Northeast,control,52,0.3028
5744,Budget Occasional,Southwest,treatment,3,1.3662
5745,Dormant Reactivation,Midwest,control,23,1.0754
5746,Digital Native,Southeast,treatment,107,2.4353
5747,Mainstream,Midwest,control,69,0.8341
5748,Budget Occasional,Southeast,treatment,50,0.3696
5749,Budget Occasional,Northeast,treatment,57,0.3725
5750,Mainstream,Southwest,control,68,1.3627
5751,Mainstream,Northeast,treatment,112,1.6219
5752,Mainstream,West,treatment,97,1.2655
5753,Budget Occasional,Southeast,control,69,0.6581
5754,Mainstream,Northeast,control,19,0.5322
5755,Mainstream,Southeast,control,86,1.6931
5756,Dormant Reactivation,West,treatment,85,1.02
5757,Affluent Frequent,Northeast,treatment,81,1.5876
5758,Dormant Reactivation,Northeast,control,49,1.2289
5759,Digital Native,West,treatment,45,1.5382
5760,Budget Occasional,Midwest,control,50,0.4185
5761,Affluent Frequent,Northeast,control,21,0.6545
5762,Affluent Frequent,West,control,30,1.4369
5763,Affluent Frequent,Southwest,control,39,1.491
5764,Dormant Reactivation,Midwest,control,114,0.757
5765,Mainstream,Northeast,treatment,92,1.458
5766,Affluent Frequent,Midwest,treatment,42,0.8483
5767,Dormant Reactivation,Southwest,control,67,1.234
5768,Digital Native,Southwest,control,103,2.185
5769,Mainstream,Southeast,treatment,39,0.6728
5770,Affluent Frequent,Southeast,control,34,1.1081
5771,Mainstream,Southeast,treatment,86,0.8571
5772,Affluent Frequent,Southwest,treatment,81,0.5537
5773,Budget Occasional,West,treatment,9,0.9369
5774,Digital Native,West,control,3,0.3766
5775,Affluent Frequent,Midwest,treatment,33,1.9508
5776,Digital Native,Southwest,treatment,75,1.6169
5777,Mainstream,West,control,74,0.857
5778,Mainstream,West,control,72,0.3525
5779,Affluent Frequent,Northeast,treatment,68,2.3155
5780,Digital Native,West,control,10,1.2455
5781,Mainstream,Southeast,treatment,96,0.4381
5782,Affluent Frequent,West,treatment,73,1.4811
5783,Affluent Frequent,Southeast,control,74,1.4775
5784,Affluent Frequent,Southwest,treatment,86,0.9828
5785,Budget Occasional,Southeast,treatment,24,0.6929
5786,Mainstream,West,treatment,75,0.3476
5787,Digital Native,Southeast,control,115,0.989
5788,Budget Occasional,Southeast,control,11,1.9561
5789,Budget Occasional,Southeast,treatment,107,3.1725
5790,Budget Occasional,Southeast,control,62,0.619
5791,Mainstream,Midwest,control,75,0.5729
5792,Budget Occasional,Southeast,treatment,62,0.8354
5793,Budget Occasional,Southeast,treatment,64,0.7626
5794,Dormant Reactivation,West,control,78,1.1395
5795,Mainstream,West,treatment,68,1.6909
5796,Budget Occasional,Southeast,control,44,1.496
5797,Mainstream,Midwest,treatment,84,0.4624
5798,Budget Occasional,Midwest,control,4,0.6768
5799,Affluent Frequent,Southwest,control,59,0.4734
5800,Dormant Reactivation,Northeast,treatment,55,0.7671
5801,Mainstream,Northeast,treatment,82,2.8473
5802,Dormant Reactivation,Midwest,treatment,62,1.2545
5803,Budget Occasional,Northeast,treatment,21,0.7808
5804,Mainstream,Northeast,control,79,2.0412
5805,Dormant Reactivation,Southwest,control,39,0.7666
5806,Budget Occasional,West,treatment,120,1.4299
5807,Affluent Frequent,Southeast,control,55,0.662
5808,Budget Occasional,Midwest,treatment,83,0.8091
5809,Mainstream,Southeast,treatment,13,0.6943
5810,Mainstream,West,treatment,94,0.5848
5811,Budget Occasional,Southeast,control,32,0.7495
5812,Budget Occasional,West,control,78,1.1134
5813,Mainstream,Northeast,treatment,37,1.2686
5814,Budget Occasional,West,control,12,0.684
5815,Budget Occasional,Northeast,control,96,1.2286
5816,Mainstream,Southeast,control,69,0.6009
5817,Budget Occasional,West,control,109,0.8192
5818,Mainstream,Northeast,treatment,27,1.1633
5819,Dormant Reactivation,Midwest,control,112,1.1773
5820,Affluent Frequent,Southwest,treatment,14,1.9874
5821,Digital Native,West,control,31,1.4074
5822,Budget Occasional,Northeast,treatment,41,1.3999
5823,Budget Occasional,Southwest,control,74,1.3249
5824,Budget Occasional,Southeast,treatment,46,1.1214
5825,Mainstream,Northeast,control,72,0.4434
5826,Mainstream,Southeast,control,55,0.3001
5827,Mainstream,West,control,35,1.0608
5828,Affluent Frequent,Midwest,control,45,1.1289
5829,Affluent Frequent,West,control,86,1.0065
5830,Mainstream,Northeast,treatment,65,0.8024
5831,Affluent Frequent,Southeast,treatment,83,0.6624
5832,Mainstream,Midwest,treatment,98,0.9195
5833,Budget Occasional,Northeast,treatment,31,1.0286
5834,Digital Native,West,control,45,1.0151
5835,Budget Occasional,Southwest,treatment,72,1.5063
5836,Affluent Frequent,Northeast,treatment,39,2.9101
5837,Dormant Reactivation,Southeast,control,84,0.9461
5838,Digital Native,Midwest,control,49,0.9769
5839,Budget Occasional,Southeast,treatment,117,1.1095
5840,Affluent Frequent,Northeast,treatment,7,1.101
5841,Mainstream,West,treatment,65,0.8901
5842,Budget Occasional,Southeast,control,113,1.2224
5843,Digital Native,Northeast,control,10,0.7768
5844,Dormant Reactivation,Northeast,treatment,94,0.537
5845,Digital Native,Southwest,control,98,1.0922
5846,Mainstream,Southwest,treatment,101,0.3254
5847,Digital Native,Southeast,treatment,24,0.2897
5848,Budget Occasional,Northeast,treatment,34,1.0597
5849,Digital Native,West,control,25,1.4168
5850,Mainstream,Midwest,control,44,0.5369
5851,Affluent Frequent,Southeast,treatment,44,0.9707
5852,Budget Occasional,West,treatment,86,1.6657
5853,Digital Native,West,control,42,0.7281
5854,Affluent Frequent,Southwest,control,44,0.5962
5855,Affluent Frequent,West,control,32,1.0479
5856,Mainstream,West,control,96,0.6315
5857,Affluent Frequent,Midwest,treatment,17,1.647
5858,Mainstream,Northeast,treatment,100,0.8819
5859,Digital Native,Southwest,treatment,111,0.4262
5860,Budget Occasional,West,control,7,0.4213
5861,Affluent Frequent,Northeast,control,98,1.0434
5862,Affluent Frequent,Southeast,treatment,52,0.2052
5863,Dormant Reactivation,Southwest,treatment,112,0.7726
5864,Mainstream,West,control,17,0.8361
5865,Mainstream,Southwest,treatment,58,0.7782
5866,Affluent Frequent,Southeast,control,17,0.2286
5867,Mainstream,Southwest,treatment,81,0.7963
5868,Mainstream,Midwest,control,63,0.69
5869,Mainstream,West,control,93,0.7569
5870,Digital Native,Southeast,treatment,10,0.696
5871,Mainstream,Southwest,control,66,1.5677
5872,Budget Occasional,Midwest,control,58,1.6082
5873,Affluent Frequent,Midwest,control,50,1.3504
5874,Dormant Reactivation,West,treatment,3,1.0673
5875,Digital Native,Midwest,control,100,0.1661
5876,Mainstream,Midwest,treatment,112,0.3755
5877,Dormant Reactivation,Southeast,control,110,0.6394
5878,Budget Occasional,Northeast,treatment,59,0.7369
5879,Digital Native,Midwest,control,61,0.7289
5880,Budget Occasional,Southwest,control,94,0.9982
5881,Budget Occasional,Northeast,control,69,0.3714
5882,Budget Occasional,Southeast,control,34,0.322
5883,Dormant Reactivation,Southeast,treatment,109,1.1907
5884,Affluent Frequent,Southeast,control,54,1.4644
5885,Budget Occasional,Northeast,treatment,49,0.8437
5886,Budget Occasional,West,control,34,1.6265
5887,Dormant Reactivation,Northeast,control,39,1.0514
5888,Affluent Frequent,Midwest,treatment,13,0.4897
5889,Budget Occasional,Northeast,control,54,0.3158
5890,Digital Native,Southeast,treatment,110,1.1259
5891,Mainstream,Midwest,treatment,76,2.0659
5892,Budget Occasional,Northeast,control,67,1.3334
5893,Digital Native,Midwest,control,64,1.0795
5894,Mainstream,Southeast,control,5,0.9584
5895,Dormant Reactivation,Northeast,treatment,54,1.0247
5896,Affluent Frequent,Southeast,treatment,96,2.4402
5897,Mainstream,Northeast,treatment,40,1.0865
5898,Mainstream,Midwest,control,88,0.1354
5899,Mainstream,Southeast,treatment,28,1.0005
5900,Digital Native,Southeast,control,107,0.8589
5901,Mainstream,Midwest,control,59,0.8772
5902,Mainstream,Northeast,control,38,0.8871
5903,Mainstream,Southwest,treatment,105,0.6321
5904,Affluent Frequent,Midwest,treatment,89,1.3577
5905,Mainstream,Northeast,treatment,33,0.8325
5906,Mainstream,Southwest,control,69,0.6535
5907,Mainstream,Midwest,treatment,24,1.0751
5908,Mainstream,Southwest,control,102,0.6974
5909,Mainstream,Northeast,treatment,39,0.9437
5910,Mainstream,Northeast,treatment,106,0.9634
5911,Budget Occasional,West,treatment,102,0.4008
5912,Budget Occasional,Northeast,treatment,55,2.3391
5913,Dormant Reactivation,Midwest,treatment,84,0.8202
5914,Mainstream,Midwest,treatment,21,0.8699
5915,Affluent Frequent,Midwest,control,21,0.7497
5916,Digital Native,Northeast,treatment,93,0.9268
5917,Mainstream,West,treatment,74,0.8045
5918,Affluent Frequent,Northeast,treatment,57,0.5926
5919,Affluent Frequent,Southeast,control,57,0.8199
5920,Mainstream,Southeast,control,70,0.5445
5921,Affluent Frequent,West,treatment,80,0.9228
5922,Affluent Frequent,Northeast,control,88,2.1134
5923,Budget Occasional,Southeast,control,105,0.9525
5924,Dormant Reactivation,West,treatment,98,0.6528
5925,Affluent Frequent,Midwest,treatment,49,0.8246
5926,Budget Occasional,West,treatment,64,0.9745
5927,Affluent Frequent,Southwest,control,115,1.2653
5928,Digital Native,Midwest,treatment,51,1.8148
5929,Budget Occasional,Midwest,control,74,1.497
5930,Budget Occasional,Northeast,treatment,112,1.4154
5931,Budget Occasional,Midwest,control,117,0.8142
5932,Mainstream,Midwest,control,4,0.4207
5933,Mainstream,Southwest,control,69,0.3428
5934,Affluent Frequent,West,treatment,26,0.58
5935,Budget Occasional,Southeast,control,79,0.6987
5936,Mainstream,Midwest,control,72,1.6386
5937,Budget Occasional,Northeast,treatment,114,1.5507
5938,Affluent Frequent,Midwest,treatment,92,0.5559
5939,Mainstream,Southwest,control,56,1.49
5940,Mainstream,Midwest,control,56,0.2154
5941,Budget Occasional,Northeast,control,86,1.1881
5942,Mainstream,West,treatment,8,1.4686
5943,Budget Occasional,Southeast,treatment,25,1.1164
5944,Budget Occasional,Southwest,treatment,92,0.4502
5945,Dormant Reactivation,Midwest,treatment,5,0.8704
5946,Budget Occasional,Southeast,control,79,0.9847
5947,Digital Native,West,control,93,1.0569
5948,Mainstream,Southwest,treatment,6,0.5765
5949,Budget Occasional,Midwest,treatment,61,0.9571
5950,Mainstream,Southeast,treatment,12,1.026
5951,Mainstream,West,control,117,0.784
5952,Digital Native,Northeast,treatment,103,0.5686
5953,Affluent Frequent,West,control,61,0.6373
5954,Mainstream,Midwest,control,13,0.965
5955,Affluent Frequent,Northeast,control,65,1.9117
5956,Mainstream,Midwest,treatment,108,0.3016
5957,Mainstream,Northeast,treatment,50,0.51
5958,Budget Occasional,Midwest,treatment,34,0.3772
5959,Dormant Reactivation,Midwest,treatment,5,1.2036
5960,Budget Occasional,West,treatment,119,0.7337
5961,Affluent Frequent,Southeast,control,76,0.6883
5962,Mainstream,West,treatment,46,2.5535
5963,Dormant Reactivation,Southeast,control,91,0.8745
5964,Mainstream,Midwest,treatment,65,0.7945
5965,Affluent Frequent,West,control,83,0.9053
5966,Budget Occasional,Southwest,treatment,78,0.8072
5967,Affluent Frequent,West,control,78,0.3553
5968,Budget Occasional,Northeast,treatment,72,1.1662
5969,Affluent Frequent,Northeast,treatment,27,1.0637
5970,Digital Native,Southeast,control,37,1.0191
5971,Budget Occasional,West,treatment,50,1.3772
5972,Mainstream,Southeast,control,20,1.004
5973,Mainstream,Northeast,treatment,108,1.5797
5974,Dormant Reactivation,Midwest,treatment,3,0.7736
5975,Budget Occasional,Northeast,control,61,0.5939
5976,Mainstream,Northeast,treatment,11,1.3515
5977,Mainstream,Northeast,treatment,87,2.0672
5978,Mainstream,Southwest,treatment,61,1.3022
5979,Mainstream,West,control,21,2.1354
5980,Dormant Reactivation,West,treatment,28,0.5735
5981,Digital Native,Southwest,control,82,1.6047
5982,Budget Occasional,Midwest,control,70,0.8719
5983,Budget Occasional,West,treatment,44,1.4306
5984,Digital Native,Northeast,treatment,43,1.2598
5985,Affluent Frequent,West,treatment,8,0.6466
5986,Affluent Frequent,West,control,54,2.0652
5987,Mainstream,Midwest,control,61,0.8427
5988,Mainstream,Midwest,treatment,42,1.281
5989,Budget Occasional,Southeast,control,33,1.2293
5990,Budget Occasional,Southwest,treatment,81,1.723
5991,Digital Native,West,control,105,1.2827
5992,Mainstream,Southwest,control,89,0.5005
5993,Budget Occasional,West,treatment,70,1.3659
5994,Mainstream,Southeast,control,9,1.6085
5995,Budget Occasional,West,treatment,82,0.6355
5996,Budget Occasional,Northeast,treatment,102,1.5625
5997,Mainstream,Midwest,control,8,1.1353
5998,Budget Occasional,West,control,103,0.7764
5999,Budget Occasional,Midwest,control,91,0.9381
6000,Mainstream,West,treatment,86,0.7818
6001,Budget Occasional,Northeast,treatment,48,2.1449
6002,Budget Occasional,West,treatment,115,1.1126
6003,Mainstream,Northeast,control,112,1.0407
6004,Mainstream,Northeast,treatment,64,1.3391
6005,Digital Native,Southwest,treatment,25,1.1437
6006,Mainstream,West,treatment,74,1.8326
6007,Digital Native,Midwest,control,49,0.4284
6008,Mainstream,West,treatment,92,1.4724
6009,Dormant Reactivation,Midwest,control,60,0.9259
6010,Budget Occasional,Northeast,treatment,69,0.9283
6011,Mainstream,West,control,41,0.855
6012,Budget Occasional,West,control,10,0.3688
6013,Affluent Frequent,Southwest,control,25,0.7809
6014,Mainstream,Southeast,control,28,1.7173
6015,Digital Native,Midwest,treatment,51,0.8311
6016,Digital Native,West,control,118,0.9084
6017,Affluent Frequent,Northeast,treatment,18,0.6966
6018,Affluent Frequent,Southeast,control,68,0.6018
6019,Affluent Frequent,Northeast,treatment,67,0.8552
6020,Dormant Reactivation,Southeast,treatment,33,1.5331
6021,Affluent Frequent,Southeast,treatment,85,0.4921
6022,Digital Native,West,treatment,97,0.3339
6023,Mainstream,Southeast,treatment,57,2.1693
6024,Mainstream,Southeast,control,119,0.4137
6025,Budget Occasional,Southeast,treatment,5,1.4422
6026,Affluent Frequent,Northeast,control,70,1.0981
6027,Mainstream,West,control,6,1.0613
6028,Affluent Frequent,Northeast,treatment,103,1.2409
6029,Budget Occasional,West,control,109,2.6257
6030,Affluent Frequent,Midwest,control,5,0.3655
6031,Mainstream,Midwest,control,73,0.9118
6032,Affluent Frequent,Northeast,control,31,1.1668
6033,Affluent Frequent,Northeast,control,19,1.0476
6034,Mainstream,Southeast,control,92,0.6948
6035,Affluent Frequent,Southeast,control,109,1.4301
6036,Affluent Frequent,Midwest,control,8,0.6314
6037,Dormant Reactivation,Southeast,control,116,0.7387
6038,Affluent Frequent,West,treatment,8,0.9677
6039,Mainstream,Southeast,control,109,0.7847
6040,Mainstream,Southwest,control,119,1.147
6041,Affluent Frequent,Southeast,treatment,108,1.1454
6042,Mainstream,Midwest,control,117,0.5981
6043,Budget Occasional,Northeast,control,66,0.5896
6044,Mainstream,West,control,80,0.3231
6045,Affluent Frequent,Southwest,control,78,0.6343
6046,Digital Native,Southeast,control,89,0.0769
6047,Mainstream,Northeast,control,59,1.0181
6048,Budget Occasional,Midwest,treatment,24,1.2488
6049,Affluent Frequent,Midwest,control,92,0.7906
6050,Affluent Frequent,Northeast,control,11,0.3577
6051,Digital Native,West,treatment,107,1.4531
6052,Mainstream,Northeast,control,34,0.8734
6053,Mainstream,West,control,75,1.2991
6054,Mainstream,Southwest,treatment,66,1.7029
6055,Mainstream,Midwest,control,13,1.3845
6056,Dormant Reactivation,West,treatment,108,0.3399
6057,Digital Native,West,treatment,56,0.8673
6058,Mainstream,West,control,89,0.6607
6059,Mainstream,West,treatment,36,0.6951
6060,Dormant Reactivation,Northeast,treatment,34,0.4805
6061,Mainstream,Northeast,control,92,1.6804
6062,Mainstream,Southwest,treatment,7,0.3382
6063,Affluent Frequent,Southeast,treatment,70,0.7887
6064,Mainstream,West,treatment,103,0.6103
6065,Dormant Reactivation,Northeast,control,64,0.928
6066,Budget Occasional,West,treatment,56,1.1463
6067,Mainstream,West,treatment,79,0.5616
6068,Mainstream,Southwest,control,65,1.287
6069,Affluent Frequent,West,treatment,59,0.9181
6070,Affluent Frequent,Southwest,control,108,0.9427
6071,Mainstream,West,treatment,86,0.6449
6072,Affluent Frequent,West,treatment,22,0.6316
6073,Affluent Frequent,Southeast,treatment,62,1.1824
6074,Mainstream,Midwest,control,115,0.6354
6075,Budget Occasional,Midwest,control,12,1.1496
6076,Dormant Reactivation,Northeast,control,30,0.8303
6077,Digital Native,West,control,100,0.8284
6078,Mainstream,Midwest,control,18,1.6585
6079,Dormant Reactivation,Southeast,control,62,1.3378
6080,Mainstream,Midwest,treatment,103,1.2515
6081,Mainstream,West,treatment,62,0.7616
6082,Dormant Reactivation,Southwest,treatment,56,0.59
6083,Mainstream,Southeast,treatment,63,1.3215
6084,Budget Occasional,Southwest,treatment,78,0.8531
6085,Dormant Reactivation,Southeast,control,9,1.2193
6086,Budget Occasional,Midwest,treatment,46,1.5442
6087,Budget Occasional,Midwest,control,7,0.7633
6088,Digital Native,Northeast,control,63,1.0649
6089,Dormant Reactivation,Southwest,control,32,1.7188
6090,Affluent Frequent,Southwest,treatment,104,0.3825
6091,Mainstream,Southeast,treatment,100,1.3904
6092,Digital Native,West,treatment,105,1.0881
6093,Mainstream,Midwest,control,19,0.7454
6094,Dormant Reactivation,Midwest,control,94,0.7102
6095,Affluent Frequent,Southeast,control,10,0.281
6096,Digital Native,Midwest,control,29,0.7806
6097,Budget Occasional,Southeast,treatment,83,0.6627
6098,Budget Occasional,Northeast,treatment,29,0.5137
6099,Budget Occasional,West,control,69,0.8313
6100,Affluent Frequent,Southwest,control,35,0.6749
6101,Mainstream,Midwest,control,109,0.56
6102,Digital Native,Northeast,control,85,0.8884
6103,Mainstream,Northeast,control,5,1.2895
6104,Mainstream,West,control,46,0.8512
6105,Mainstream,Southwest,control,111,0.1075
6106,Budget Occasional,Southwest,control,31,1.4874
6107,Mainstream,Northeast,control,57,0.9902
6108,Affluent Frequent,Northeast,control,108,0.4758
6109,Dormant Reactivation,Southwest,control,45,1.321
6110,Affluent Frequent,Southeast,treatment,115,1.2984
6111,Mainstream,Southeast,treatment,93,1.7599
6112,Mainstream,Southwest,control,78,0.945
6113,Affluent Frequent,Midwest,treatment,10,0.6824
6114,Mainstream,Southeast,control,38,0.8451
6115,Budget Occasional,West,control,37,0.3907
6116,Dormant Reactivation,Northeast,control,80,0.8915
6117,Budget Occasional,Southeast,treatment,74,1.4415
6118,Affluent Frequent,West,treatment,79,0.5604
6119,Dormant Reactivation,West,treatment,16,0.6931
6120,Dormant Reactivation,Northeast,control,35,1.3326
6121,Affluent Frequent,West,treatment,97,0.5658
6122,Affluent Frequent,West,control,89,0.6491
6123,Affluent Frequent,West,control,119,0.7016
6124,Mainstream,West,treatment,53,0.5119
6125,Mainstream,Northeast,treatment,14,1.0875
6126,Mainstream,West,treatment,110,1.0712
6127,Mainstream,Northeast,treatment,78,1.2177
6128,Affluent Frequent,Southwest,treatment,59,0.7095
6129,Budget Occasional,Southwest,treatment,22,0.7668
6130,Mainstream,West,control,28,1.1034
6131,Budget Occasional,West,control,106,0.2642
6132,Mainstream,Southeast,control,76,1.1584
6133,Mainstream,Southeast,control,26,1.2149
6134,Mainstream,Southwest,treatment,76,0.8875
6135,Budget Occasional,West,control,120,0.5751
6136,Affluent Frequent,Northeast,control,10,1.1195
6137,Budget Occasional,West,control,3,0.5628
6138,Dormant Reactivation,Southwest,treatment,90,1.5714
6139,Mainstream,Midwest,control,86,1.0164
6140,Budget Occasional,Southwest,control,3,0.2437
6141,Affluent Frequent,Northeast,control,16,0.5584
6142,Mainstream,Northeast,control,91,1.2168
6143,Dormant Reactivation,Southwest,control,86,0.9767
6144,Budget Occasional,Southwest,treatment,49,1.0287
6145,Mainstream,Midwest,control,115,1.7886
6146,Budget Occasional,West,treatment,69,0.9387
6147,Dormant Reactivation,Southeast,control,104,0.664
6148,Budget Occasional,Southwest,control,46,1.5743
6149,Mainstream,West,treatment,96,0.4143
6150,Mainstream,West,treatment,81,1.5721
6151,Affluent Frequent,Southeast,treatment,89,0.3775
6152,Budget Occasional,Southwest,control,93,0.3523
6153,Budget Occasional,West,treatment,55,1.4099
6154,Dormant Reactivation,Southwest,control,7,1.1752
6155,Budget Occasional,Southeast,treatment,30,0.7777
6156,Dormant Reactivation,West,control,20,0.9626
6157,Affluent Frequent,Southwest,control,18,0.4405
6158,Digital Native,Southeast,control,113,0.844
6159,Affluent Frequent,Southeast,control,28,1.0013
6160,Affluent Frequent,Midwest,treatment,98,1.8281
6161,Affluent Frequent,Southeast,control,87,1.1208
6162,Affluent Frequent,Southeast,control,119,1.4923
6163,Budget Occasional,Midwest,control,101,2.0762
6164,Affluent Frequent,West,control,35,0.4917
6165,Dormant Reactivation,Southeast,treatment,17,0.3575
6166,Mainstream,Northeast,treatment,24,1.1165
6167,Budget Occasional,Midwest,control,21,2.0232
6168,Digital Native,West,control,41,1.259
6169,Digital Native,Southeast,control,55,1.1292
6170,Dormant Reactivation,West,control,74,1.6001
6171,Dormant Reactivation,Midwest,control,15,1.2656
6172,Mainstream,Northeast,control,15,0.8836
6173,Budget Occasional,Southeast,treatment,23,0.4486
6174,Affluent Frequent,Southeast,control,15,0.5483
6175,Dormant Reactivation,Northeast,control,38,0.8935
6176,Dormant Reactivation,Midwest,treatment,115,1.8622
6177,Dormant Reactivation,Northeast,treatment,82,1.247
6178,Mainstream,Southeast,treatment,25,0.4124
6179,Budget Occasional,Northeast,control,71,0.9704
6180,Digital Native,West,treatment,114,1.0947
6181,Mainstream,Southeast,control,99,0.7894
6182,Digital Native,Southeast,treatment,42,1.4472
6183,Dormant Reactivation,Southeast,treatment,36,0.2513
6184,Budget Occasional,Southeast,control,37,0.9076
6185,Digital Native,Southwest,treatment,53,0.6639
6186,Mainstream,Southeast,control,34,0.9034
6187,Budget Occasional,Midwest,treatment,3,2.6491
6188,Dormant Reactivation,West,treatment,79,1.498
6189,Affluent Frequent,Midwest,control,3,0.6822
6190,Budget Occasional,Southeast,control,111,1.0765
6191,Digital Native,West,treatment,63,0.8504
6192,Dormant Reactivation,Northeast,treatment,37,0.9384
6193,Mainstream,West,control,69,0.5676
6194,Digital Native,Northeast,control,19,0.5866
6195,Budget Occasional,Southeast,treatment,83,1.0817
6196,Affluent Frequent,Southeast,treatment,16,1.209
6197,Mainstream,West,treatment,58,1.6604
6198,Mainstream,Southeast,control,109,0.4882
6199,Budget Occasional,West,control,76,1.3843
6200,Mainstream,Southwest,control,47,0.2394
6201,Mainstream,Northeast,treatment,100,1.7408
6202,Affluent Frequent,Midwest,control,54,0.3744
6203,Budget Occasional,Midwest,control,89,1.6382
6204,Mainstream,Midwest,control,74,0.648
6205,Budget Occasional,Northeast,control,22,1.9726
6206,Affluent Frequent,Northeast,treatment,4,0.8368
6207,Digital Native,Southwest,control,50,0.7125
6208,Mainstream,Southeast,control,98,1.3746
6209,Mainstream,West,treatment,49,2.749
6210,Mainstream,Midwest,control,80,0.638
6211,Mainstream,West,treatment,86,0.722
6212,Mainstream,West,treatment,70,1.4462
6213,Mainstream,Southwest,control,88,0.8045
6214,Digital Native,Southwest,treatment,94,0.4474
6215,Digital Native,Southeast,treatment,24,2.0278
6216,Budget Occasional,West,control,94,1.0205
6217,Mainstream,Northeast,treatment,60,0.8073
6218,Budget Occasional,Southeast,treatment,10,1.5416
6219,Budget Occasional,Northeast,treatment,5,0.8204
6220,Digital Native,Midwest,control,97,0.801
6221,Digital Native,West,control,79,0.5332
6222,Budget Occasional,Southeast,control,43,0.5165
6223,Digital Native,West,treatment,73,0.8344
6224,Mainstream,Southwest,control,10,1.1885
6225,Budget Occasional,Northeast,treatment,77,0.6488
6226,Dormant Reactivation,Midwest,control,62,0.4208
6227,Affluent Frequent,Southeast,treatment,34,1.3973
6228,Budget Occasional,Northeast,treatment,4,1.3643
6229,Budget Occasional,Northeast,treatment,19,2.3413
6230,Mainstream,Southwest,treatment,12,0.4696
6231,Affluent Frequent,West,control,35,1.491
6232,Budget Occasional,West,control,87,1.2209
6233,Mainstream,Southwest,treatment,47,0.9232
6234,Digital Native,Midwest,control,67,0.6336
6235,Digital Native,Southeast,treatment,77,0.6966
6236,Budget Occasional,Northeast,control,33,1.6092
6237,Digital Native,Southwest,treatment,33,0.2871
6238,Dormant Reactivation,Midwest,treatment,3,1.0137
6239,Dormant Reactivation,Southeast,treatment,4,0.3822
6240,Budget Occasional,Southeast,control,7,2.3998
6241,Mainstream,Northeast,treatment,105,0.7291
6242,Affluent Frequent,Southeast,control,120,0.7868
6243,Mainstream,Northeast,treatment,22,1.0653
6244,Affluent Frequent,Midwest,treatment,26,0.6804
6245,Affluent Frequent,Southeast,control,105,0.406
6246,Digital Native,Northeast,treatment,110,0.9178
6247,Digital Native,Midwest,treatment,92,1.0086
6248,Mainstream,Midwest,treatment,11,0.8865
6249,Mainstream,Northeast,treatment,73,0.3591
6250,Mainstream,Southwest,treatment,98,1.1438
6251,Digital Native,West,treatment,92,0.3549
6252,Mainstream,Northeast,treatment,32,0.7112
6253,Budget Occasional,West,control,45,0.4526
6254,Affluent Frequent,Northeast,treatment,89,1.4608
6255,Mainstream,West,treatment,86,1.3
6256,Mainstream,Midwest,control,53,1.5383
6257,Affluent Frequent,West,treatment,111,1.2694
6258,Affluent Frequent,Midwest,control,87,0.7275
6259,Budget Occasional,Northeast,control,70,0.5631
6260,Budget Occasional,Southeast,treatment,39,0.5446
6261,Digital Native,Southeast,treatment,80,0.1765
6262,Digital Native,Southeast,treatment,69,0.5706
6263,Affluent Frequent,West,control,93,1.6663
6264,Dormant Reactivation,Midwest,treatment,53,0.6646
6265,Budget Occasional,Southeast,control,66,1.0144
6266,Budget Occasional,West,treatment,109,1.228
6267,Dormant Reactivation,West,treatment,84,1.4481
6268,Mainstream,Northeast,treatment,59,1.6366
6269,Budget Occasional,West,control,86,1.3532
6270,Digital Native,Northeast,treatment,72,1.3746
6271,Dormant Reactivation,Midwest,treatment,69,1.3694
6272,Affluent Frequent,Southeast,treatment,108,1.0585
6273,Affluent Frequent,Northeast,control,89,1.5465
6274,Digital Native,Southeast,control,99,1.258
6275,Affluent Frequent,West,control,57,1.0704
6276,Budget Occasional,Midwest,control,24,0.2957
6277,Affluent Frequent,Northeast,treatment,62,0.5024
6278,Budget Occasional,Northeast,control,17,1.0887
6279,Digital Native,West,control,15,0.3079
6280,Mainstream,Southeast,control,29,1.5554
6281,Affluent Frequent,West,control,54,0.6381
6282,Mainstream,Midwest,control,74,0.9239
6283,Digital Native,West,control,79,1.3426
6284,Mainstream,West,control,108,0.5867
6285,Affluent Frequent,Southeast,control,83,1.4033
6286,Digital Native,Southwest,control,26,0.7773
6287,Budget Occasional,Southeast,control,27,0.7807
6288,Digital Native,West,control,17,2.0908
6289,Budget Occasional,Northeast,treatment,72,0.8589
6290,Budget Occasional,Southeast,control,117,2.4954
6291,Mainstream,Northeast,treatment,100,0.7657
6292,Mainstream,West,treatment,27,1.2333
6293,Mainstream,West,treatment,100,1.0336
6294,Budget Occasional,West,treatment,7,0.5954
6295,Budget Occasional,Midwest,control,92,0.2296
6296,Dormant Reactivation,Southeast,control,103,0.7314
6297,Budget Occasional,Northeast,treatment,40,0.7911
6298,Digital Native,Northeast,control,15,0.6464
6299,Digital Native,West,control,84,0.9426
6300,Mainstream,Southwest,control,9,1.6905
6301,Digital Native,West,control,9,0.2571
6302,Affluent Frequent,West,treatment,91,0.5101
6303,Mainstream,Southwest,control,28,0.3357
6304,Budget Occasional,Southeast,control,18,0.521
6305,Budget Occasional,West,control,56,0.6355
6306,Mainstream,Northeast,control,6,0.7681
6307,Affluent Frequent,Southeast,treatment,34,2.3644
6308,Mainstream,Southeast,control,107,0.9727
6309,Mainstream,Southeast,control,46,0.2725
6310,Mainstream,Midwest,treatment,80,0.3996
6311,Budget Occasional,Northeast,treatment,119,0.8659
6312,Affluent Frequent,Southeast,treatment,115,0.55
6313,Affluent Frequent,Northeast,treatment,94,0.8223
6314,Budget Occasional,Midwest,treatment,77,1.2872
6315,Affluent Frequent,West,treatment,81,0.7735
6316,Affluent Frequent,Northeast,treatment,26,1.1103
6317,Budget Occasional,Southeast,treatment,88,0.7959
6318,Budget Occasional,West,control,86,0.838
6319,Budget Occasional,Southeast,control,54,1.1951
6320,Budget Occasional,Southeast,control,3,1.6436
6321,Affluent Frequent,Midwest,control,108,0.7216
6322,Mainstream,West,control,66,0.9926
6323,Digital Native,Southwest,treatment,70,0.3925
6324,Affluent Frequent,Southwest,control,118,1.0468
6325,Digital Native,Northeast,control,44,1.9216
6326,Affluent Frequent,West,control,4,1.3198
6327,Digital Native,Northeast,control,107,0.804
6328,Budget Occasional,Southeast,control,97,1.0366
6329,Affluent Frequent,Northeast,control,87,0.1825
6330,Budget Occasional,Southwest,treatment,71,1.7897
6331,Budget Occasional,West,treatment,71,0.9484
6332,Budget Occasional,Midwest,control,39,0.1643
6333,Budget Occasional,West,treatment,51,0.5242
6334,Dormant Reactivation,Midwest,control,77,1.364
6335,Budget Occasional,Southeast,control,22,1.1905
6336,Mainstream,Northeast,control,32,0.764
6337,Mainstream,Midwest,control,118,0.6539
6338,Mainstream,Southeast,treatment,17,0.7375
6339,Dormant Reactivation,Southeast,control,92,0.6776
6340,Affluent Frequent,Southeast,control,11,0.674
6341,Digital Native,Southwest,treatment,55,1.1201
6342,Budget Occasional,Midwest,treatment,120,0.658
6343,Digital Native,Southwest,treatment,106,0.6866
6344,Dormant Reactivation,Southeast,control,16,1.4633
6345,Digital Native,Midwest,treatment,64,1.2214
6346,Budget Occasional,Northeast,control,63,0.8175
6347,Mainstream,Northeast,control,50,1.4496
6348,Budget Occasional,Southwest,treatment,50,0.5418
6349,Budget Occasional,Northeast,control,8,0.5372
6350,Affluent Frequent,Northeast,control,33,1.7983
6351,Digital Native,Southwest,treatment,41,1.1124
6352,Budget Occasional,Northeast,control,49,0.4274
6353,Mainstream,Southeast,treatment,83,0.7255
6354,Budget Occasional,Southeast,treatment,5,1.2761
6355,Digital Native,Midwest,treatment,79,0.8267
6356,Budget Occasional,Southeast,treatment,98,1.1145
6357,Dormant Reactivation,Midwest,treatment,7,1.3705
6358,Affluent Frequent,Midwest,control,88,0.6743
6359,Dormant Reactivation,Southwest,treatment,90,1.1253
6360,Budget Occasional,West,control,96,0.8463
6361,Mainstream,Southeast,control,23,0.5509
6362,Dormant Reactivation,Southeast,control,83,0.9908
6363,Affluent Frequent,Southeast,treatment,26,1.7037
6364,Budget Occasional,Southeast,control,115,0.9183
6365,Budget Occasional,Northeast,control,93,0.5767
6366,Affluent Frequent,Midwest,treatment,68,0.416
6367,Affluent Frequent,West,treatment,61,0.4292
6368,Dormant Reactivation,West,treatment,59,1.1845
6369,Mainstream,Midwest,treatment,102,1.2581
6370,Budget Occasional,Southeast,control,105,1.3029
6371,Mainstream,West,control,71,1.0027
6372,Dormant Reactivation,West,treatment,15,0.4215
6373,Mainstream,Midwest,treatment,20,2.2252
6374,Dormant Reactivation,West,control,4,0.3328
6375,Dormant Reactivation,Midwest,treatment,95,0.6549
6376,Digital Native,Northeast,treatment,34,0.9928
6377,Dormant Reactivation,Southeast,treatment,52,0.516
6378,Budget Occasional,Northeast,treatment,29,0.9604
6379,Budget Occasional,Southeast,treatment,112,0.9145
6380,Budget Occasional,West,control,46,1.034
6381,Budget Occasional,Southwest,treatment,44,0.7934
6382,Budget Occasional,West,treatment,104,1.6988
6383,Budget Occasional,Midwest,treatment,53,1.2387
6384,Mainstream,Southwest,control,114,0.596
6385,Affluent Frequent,Southeast,treatment,92,1.606
6386,Affluent Frequent,Southeast,treatment,74,0.5459
6387,Dormant Reactivation,Northeast,control,117,1.7346
6388,Mainstream,Northeast,control,77,1.2587
6389,Digital Native,West,treatment,40,0.3871
6390,Mainstream,West,control,49,1.2104
6391,Budget Occasional,Southeast,control,28,0.4323
6392,Mainstream,West,control,8,0.8953
6393,Dormant Reactivation,Southeast,treatment,5,0.3928
6394,Mainstream,Northeast,control,29,0.8419
6395,Affluent Frequent,Northeast,treatment,5,0.9359
6396,Digital Native,Northeast,treatment,58,0.723
6397,Mainstream,Southwest,treatment,114,0.7238
6398,Budget Occasional,Southeast,control,92,1.4495
6399,Affluent Frequent,Southeast,control,74,0.9353
6400,Digital Native,Northeast,control,96,1.0529
6401,Budget Occasional,Northeast,control,22,0.9774
6402,Affluent Frequent,Midwest,control,53,1.231
6403,Budget Occasional,Southwest,treatment,104,0.7922
6404,Mainstream,West,treatment,114,0.5419
6405,Mainstream,Southwest,control,38,0.2616
6406,Digital Native,Northeast,control,86,2.1338
6407,Digital Native,Southeast,control,115,0.7954
6408,Budget Occasional,West,control,62,0.6798
6409,Digital Native,Northeast,control,32,0.5219
6410,Budget Occasional,Southwest,control,100,0.9572
6411,Mainstream,Northeast,treatment,39,1.9825
6412,Affluent Frequent,Northeast,control,111,0.8564
6413,Mainstream,Southwest,treatment,55,0.6942
6414,Budget Occasional,Midwest,control,40,1.2548
6415,Mainstream,Southeast,control,118,0.7632
6416,Budget Occasional,Northeast,treatment,24,0.8211
6417,Mainstream,Southwest,treatment,52,0.5284
6418,Digital Native,Southeast,treatment,64,1.1299
6419,Mainstream,West,control,26,1.393
6420,Digital Native,Northeast,control,104,1.2978
6421,Mainstream,Northeast,treatment,29,1.2801
6422,Budget Occasional,Southeast,control,103,0.9505
6423,Affluent Frequent,Midwest,treatment,45,2.4322
6424,Dormant Reactivation,West,control,80,2.6114
6425,Budget Occasional,Northeast,control,6,0.5231
6426,Mainstream,Southeast,treatment,45,0.3742
6427,Dormant Reactivation,Northeast,control,20,0.8576
6428,Budget Occasional,West,control,24,0.5451
6429,Mainstream,West,control,120,0.57
6430,Mainstream,Midwest,control,29,0.8856
6431,Dormant Reactivation,Southwest,control,61,1.3989
6432,Digital Native,West,treatment,116,0.4553
6433,Budget Occasional,Southwest,treatment,44,0.8682
6434,Mainstream,Southwest,control,10,0.8374
6435,Mainstream,Southwest,treatment,26,1.4168
6436,Digital Native,Midwest,treatment,34,0.9181
6437,Mainstream,Southeast,control,51,1.0834
6438,Affluent Frequent,Northeast,treatment,63,0.99
6439,Budget Occasional,Midwest,treatment,31,1.6571
6440,Dormant Reactivation,West,treatment,12,0.6877
6441,Digital Native,Southeast,treatment,31,0.9479
6442,Digital Native,Midwest,treatment,28,0.5411
6443,Mainstream,West,treatment,118,0.3311
6444,Budget Occasional,Southeast,treatment,46,1.4816
6445,Mainstream,Midwest,control,26,1.2232
6446,Budget Occasional,West,treatment,58,0.9372
6447,Dormant Reactivation,West,control,109,0.7292
6448,Affluent Frequent,Southwest,treatment,41,0.8608
6449,Mainstream,Northeast,control,81,1.4862
6450,Digital Native,West,treatment,104,0.9375
6451,Mainstream,West,treatment,113,1.0355
6452,Budget Occasional,Northeast,control,84,0.9005
6453,Affluent Frequent,Southeast,treatment,54,0.8905
6454,Budget Occasional,Northeast,control,70,0.4873
6455,Affluent Frequent,Southeast,treatment,32,0.8366
6456,Mainstream,Midwest,treatment,51,0.4871
6457,Mainstream,Midwest,control,92,0.7156
6458,Affluent Frequent,Southeast,control,116,0.5051
6459,Affluent Frequent,Southeast,treatment,60,1.8493
6460,Mainstream,Northeast,treatment,70,1.3669
6461,Digital Native,West,treatment,82,1.0039
6462,Affluent Frequent,Northeast,treatment,100,1.0653
6463,Mainstream,West,treatment,66,1.3253
6464,Digital Native,Southwest,treatment,59,0.2672
6465,Budget Occasional,West,control,19,1.9318
6466,Digital Native,Northeast,treatment,50,0.6544
6467,Affluent Frequent,West,control,28,0.4201
6468,Budget Occasional,Southeast,treatment,57,1.3105
6469,Dormant Reactivation,Southwest,control,84,0.6337
6470,Affluent Frequent,Northeast,treatment,95,1.6631
6471,Budget Occasional,Southeast,control,10,1.0244
6472,Budget Occasional,Northeast,control,24,1.0771
6473,Budget Occasional,Southwest,treatment,50,0.5853
6474,Mainstream,Northeast,treatment,66,0.6927
6475,Affluent Frequent,Southwest,treatment,103,1.5506
6476,Mainstream,Northeast,control,38,0.3981
6477,Budget Occasional,Northeast,control,73,0.7934
6478,Dormant Reactivation,Southeast,control,29,0.473
6479,Budget Occasional,West,control,39,1.7944
6480,Affluent Frequent,Southeast,control,109,0.7081
6481,Mainstream,Northeast,treatment,20,0.8348
6482,Dormant Reactivation,Midwest,treatment,49,0.733
6483,Digital Native,Southwest,treatment,76,1.3737
6484,Mainstream,Midwest,treatment,10,1.5176
6485,Digital Native,West,control,23,1.0727
6486,Budget Occasional,Southwest,treatment,118,0.8437
6487,Mainstream,Southeast,treatment,68,0.5374
6488,Budget Occasional,West,control,39,0.1314
6489,Digital Native,Midwest,control,104,0.5486
6490,Dormant Reactivation,Southwest,treatment,10,1.0661
6491,Digital Native,Northeast,control,56,1.0356
6492,Digital Native,West,treatment,73,0.9231
6493,Mainstream,Midwest,control,50,0.5397
6494,Dormant Reactivation,West,control,22,0.5634
6495,Mainstream,Southeast,treatment,112,0.6096
6496,Dormant Reactivation,Northeast,treatment,85,1.1872
6497,Affluent Frequent,Midwest,control,72,0.7741
6498,Affluent Frequent,Midwest,control,102,0.8416
6499,Budget Occasional,Southeast,control,116,0.5274
6500,Budget Occasional,Southeast,control,58,0.1449
6501,Dormant Reactivation,Southwest,control,64,0.7956
6502,Mainstream,West,treatment,28,2.0499
6503,Affluent Frequent,Southwest,treatment,35,1.3992
6504,Digital Native,Northeast,treatment,28,1.4193
6505,Affluent Frequent,Northeast,treatment,38,0.5853
6506,Dormant Reactivation,Southeast,treatment,58,0.711
6507,Digital Native,Southeast,treatment,37,0.484
6508,Digital Native,West,treatment,10,0.7347
6509,Dormant Reactivation,West,control,57,1.0613
6510,Mainstream,Northeast,treatment,49,0.8039
6511,Affluent Frequent,Southwest,treatment,109,0.6799
6512,Budget Occasional,Northeast,control,101,0.7327
6513,Mainstream,Northeast,treatment,13,0.529
6514,Mainstream,Northeast,treatment,16,0.8526
6515,Digital Native,Southwest,control,61,0.3022
6516,Mainstream,Midwest,control,24,0.2724
6517,Mainstream,Northeast,treatment,55,1.39
6518,Mainstream,Northeast,treatment,103,0.2955
6519,Affluent Frequent,Southeast,treatment,67,0.4475
6520,Digital Native,Northeast,control,97,0.8358
6521,Dormant Reactivation,Midwest,treatment,3,0.5216
6522,Mainstream,West,treatment,6,1.3725
6523,Budget Occasional,Southeast,treatment,89,1.4458
6524,Affluent Frequent,Northeast,treatment,113,1.0263
6525,Budget Occasional,Southwest,control,60,1.411
6526,Affluent Frequent,West,control,115,0.7595
6527,Digital Native,Southeast,control,22,1.1636
6528,Budget Occasional,Southwest,control,58,0.5273
6529,Digital Native,Southeast,treatment,34,0.4336
6530,Budget Occasional,West,control,49,0.7568
6531,Mainstream,Southwest,control,26,1.4287
6532,Mainstream,Northeast,control,105,0.3929
6533,Affluent Frequent,Northeast,control,38,0.6162
6534,Affluent Frequent,Northeast,treatment,11,1.0986
6535,Mainstream,Southwest,control,42,1.2986
6536,Mainstream,West,treatment,11,1.4786
6537,Mainstream,West,treatment,26,1.5256
6538,Budget Occasional,Southeast,treatment,23,1.0159
6539,Budget Occasional,Northeast,treatment,105,0.8772
6540,Mainstream,Northeast,control,18,1.3561
6541,Budget Occasional,Southwest,control,78,0.5991
6542,Digital Native,Northeast,control,83,1.0932
6543,Digital Native,Southeast,control,31,0.4978
6544,Budget Occasional,West,treatment,85,0.7049
6545,Mainstream,Southeast,control,63,0.8088
6546,Mainstream,West,control,25,0.5331
6547,Mainstream,Southeast,control,97,0.7664
6548,Budget Occasional,Northeast,control,55,1.7779
6549,Dormant Reactivation,West,control,107,0.9324
6550,Affluent Frequent,Midwest,treatment,106,1.5823
6551,Mainstream,West,control,57,1.0731
6552,Dormant Reactivation,Southwest,control,28,0.6594
6553,Affluent Frequent,Northeast,treatment,80,0.8157
6554,Budget Occasional,West,treatment,60,2.033
6555,Affluent Frequent,Midwest,treatment,76,1.2659
6556,Affluent Frequent,Northeast,control,84,1.3255
6557,Affluent Frequent,Southeast,treatment,42,0.3768
6558,Digital Native,Southwest,control,56,0.7949
6559,Budget Occasional,Midwest,control,32,0.4612
6560,Mainstream,Northeast,control,82,0.5539
6561,Budget Occasional,Southeast,treatment,3,1.5744
6562,Budget Occasional,Northeast,control,6,0.5963
6563,Dormant Reactivation,Southeast,control,116,0.2108
6564,Affluent Frequent,Southeast,treatment,6,0.7422
6565,Affluent Frequent,Southwest,treatment,29,0.6859
6566,Mainstream,West,treatment,18,1.719
6567,Budget Occasional,Southwest,control,106,1.7821
6568,Mainstream,Southeast,treatment,64,1.1657
6569,Mainstream,Southeast,treatment,37,0.7447
6570,Mainstream,Northeast,control,46,2.0273
6571,Budget Occasional,Northeast,treatment,31,1.5419
6572,Budget Occasional,West,control,44,1.2284
6573,Digital Native,West,control,90,0.611
6574,Budget Occasional,Midwest,control,54,1.5433
6575,Budget Occasional,Southwest,treatment,85,0.4178
6576,Budget Occasional,Southeast,control,64,0.7945
6577,Affluent Frequent,Midwest,control,88,0.635
6578,Digital Native,West,control,101,1.2005
6579,Affluent Frequent,Southeast,treatment,60,1.0577
6580,Dormant Reactivation,Southeast,control,79,0.8244
6581,Budget Occasional,Southeast,treatment,77,0.52
6582,Digital Native,Northeast,control,77,0.896
6583,Budget Occasional,Northeast,treatment,120,0.8311
6584,Affluent Frequent,Midwest,treatment,42,1.6233
6585,Mainstream,West,treatment,22,0.5572
6586,Dormant Reactivation,Northeast,treatment,20,0.6898
6587,Budget Occasional,Southeast,control,54,0.5629
6588,Affluent Frequent,Midwest,control,14,0.8242
6589,Digital Native,West,treatment,23,1.207
6590,Mainstream,Southeast,control,101,0.7235
6591,Mainstream,Southeast,treatment,85,1.4798
6592,Budget Occasional,Southwest,treatment,20,0.926
6593,Mainstream,Northeast,treatment,107,0.803
6594,Mainstream,West,control,100,0.8517
6595,Budget Occasional,Northeast,control,7,0.8529
6596,Mainstream,Southeast,control,80,1.3742
6597,Mainstream,Midwest,control,58,1.2435
6598,Budget Occasional,Southeast,control,120,0.7843
6599,Digital Native,Midwest,treatment,107,1.2575
6600,Mainstream,Midwest,treatment,54,0.1439
6601,Budget Occasional,Southwest,treatment,104,0.3398
6602,Budget Occasional,Northeast,control,88,0.9967
6603,Mainstream,Midwest,control,75,0.6458
6604,Dormant Reactivation,Northeast,control,8,1.1451
6605,Digital Native,Southeast,treatment,27,0.618
6606,Digital Native,Northeast,control,62,1.0973
6607,Budget Occasional,Midwest,treatment,118,0.6534
6608,Mainstream,Midwest,treatment,32,0.543
6609,Budget Occasional,Southeast,treatment,70,1.0449
6610,Mainstream,West,control,73,1.1013
6611,Digital Native,Southeast,treatment,101,1.3153
6612,Dormant Reactivation,Northeast,treatment,61,0.2373
6613,Mainstream,Northeast,control,53,0.7578
6614,Affluent Frequent,West,control,72,0.6948
6615,Digital Native,Southwest,treatment,76,1.3847
6616,Mainstream,Northeast,treatment,90,0.903
6617,Affluent Frequent,Northeast,treatment,65,1.1187
6618,Dormant Reactivation,Southeast,treatment,12,0.3939
6619,Affluent Frequent,West,treatment,53,0.5505
6620,Digital Native,Southeast,control,51,1.2553
6621,Budget Occasional,West,control,38,0.7913
6622,Dormant Reactivation,Midwest,control,73,0.6716
6623,Mainstream,West,control,72,1.4161
6624,Dormant Reactivation,Southwest,treatment,40,1.4015
6625,Mainstream,Southwest,treatment,53,0.8917
6626,Budget Occasional,West,control,103,1.0806
6627,Budget Occasional,Northeast,treatment,117,0.6537
6628,Affluent Frequent,West,control,27,1.0421
6629,Mainstream,Northeast,control,69,1.9476
6630,Mainstream,Northeast,control,97,0.3863
6631,Affluent Frequent,West,treatment,109,1.4836
6632,Dormant Reactivation,West,treatment,22,0.7075
6633,Affluent Frequent,Southeast,control,117,1.4191
6634,Mainstream,Southeast,treatment,37,0.8342
6635,Dormant Reactivation,West,control,91,1.2923
6636,Mainstream,West,control,10,1.5081
6637,Digital Native,Midwest,control,3,0.66
6638,Budget Occasional,Northeast,control,41,1.0621
6639,Budget Occasional,West,control,95,0.5668
6640,Digital Native,Northeast,control,60,0.8112
6641,Mainstream,Midwest,treatment,71,0.5045
6642,Budget Occasional,Southeast,control,51,0.7199
6643,Mainstream,Southeast,treatment,96,0.7126
6644,Budget Occasional,Southeast,control,118,0.9934
6645,Affluent Frequent,Southeast,control,47,2.0242
6646,Dormant Reactivation,Southeast,treatment,78,1.4625
6647,Digital Native,West,control,57,1.0968
6648,Digital Native,Southeast,control,33,0.9879
6649,Digital Native,West,control,82,1.2981
6650,Digital Native,West,control,12,0.8272
6651,Affluent Frequent,Southeast,control,96,2.8113
6652,Mainstream,Midwest,treatment,10,0.6251
6653,Digital Native,Midwest,treatment,18,1.3302
6654,Dormant Reactivation,Midwest,treatment,82,1.1615
6655,Dormant Reactivation,Southwest,control,18,1.2047
6656,Dormant Reactivation,Southeast,treatment,98,0.597
6657,Affluent Frequent,Northeast,control,119,0.3678
6658,Mainstream,West,control,77,0.7349
6659,Budget Occasional,Southeast,control,34,1.1815
6660,Mainstream,West,treatment,32,0.6365
6661,Digital Native,Northeast,treatment,43,0.5988
6662,Dormant Reactivation,West,treatment,68,0.6852
6663,Affluent Frequent,West,control,36,0.3267
6664,Budget Occasional,Southeast,treatment,52,0.394
6665,Budget Occasional,Midwest,treatment,15,1.4585
6666,Dormant Reactivation,Southeast,control,84,0.616
6667,Budget Occasional,West,treatment,43,0.8425
6668,Dormant Reactivation,Southeast,treatment,20,0.7478
6669,Affluent Frequent,Midwest,control,28,1.0481
6670,Digital Native,Midwest,treatment,4,1.5915
6671,Mainstream,Southwest,control,54,0.2532
6672,Digital Native,Southeast,control,72,0.6906
6673,Dormant Reactivation,West,control,81,0.8787
6674,Digital Native,West,treatment,98,1.2522
6675,Budget Occasional,Northeast,treatment,22,1.7781
6676,Mainstream,West,control,110,0.6291
6677,Budget Occasional,West,treatment,114,1.7689
6678,Affluent Frequent,Southeast,treatment,86,0.7437
6679,Dormant Reactivation,Southwest,treatment,100,0.7595
6680,Digital Native,West,control,105,1.7161
6681,Dormant Reactivation,Southeast,control,36,0.995
6682,Mainstream,Northeast,treatment,90,0.2823
6683,Digital Native,West,treatment,49,1.5333
6684,Mainstream,Southwest,control,31,2.0652
6685,Budget Occasional,West,control,21,0.8929
6686,Dormant Reactivation,Southwest,treatment,71,0.7599
6687,Digital Native,Southeast,treatment,111,0.8778
6688,Affluent Frequent,West,treatment,29,0.4318
6689,Mainstream,Southwest,control,100,0.8079
6690,Budget Occasional,Southeast,treatment,45,1.751
6691,Affluent Frequent,Northeast,treatment,61,1.3497
6692,Digital Native,West,treatment,97,0.4885
6693,Digital Native,Southwest,treatment,4,0.4598
6694,Digital Native,West,treatment,5,0.1136
6695,Mainstream,Southwest,treatment,81,1.1764
6696,Digital Native,Northeast,treatment,77,0.7469
6697,Budget Occasional,West,treatment,18,0.4947
6698,Dormant Reactivation,Southeast,control,60,0.2485
6699,Mainstream,Northeast,treatment,113,1.0843
6700,Affluent Frequent,Midwest,control,86,1.1148
6701,Affluent Frequent,Midwest,control,32,0.7237
6702,Affluent Frequent,Southeast,control,89,0.6515
6703,Budget Occasional,Southeast,treatment,120,0.7107
6704,Affluent Frequent,Northeast,treatment,58,1.0985
6705,Mainstream,Northeast,control,60,0.7281
6706,Mainstream,Midwest,treatment,97,1.1665
6707,Affluent Frequent,Midwest,control,82,0.9436
6708,Dormant Reactivation,Midwest,control,6,0.9574
6709,Budget Occasional,Northeast,treatment,33,0.6943
6710,Dormant Reactivation,Northeast,treatment,78,0.9637
6711,Mainstream,West,control,32,1.3117
6712,Affluent Frequent,Midwest,control,71,1.4488
6713,Mainstream,Northeast,treatment,56,0.5186
6714,Digital Native,Southeast,treatment,86,0.4385
6715,Budget Occasional,Midwest,control,40,1.2439
6716,Budget Occasional,Southwest,control,90,1.5406
6717,Budget Occasional,Midwest,control,61,0.4389
6718,Budget Occasional,Midwest,treatment,49,0.5467
6719,Dormant Reactivation,Midwest,treatment,67,1.0012
6720,Dormant Reactivation,Midwest,treatment,48,0.9487
6721,Mainstream,Southeast,treatment,12,0.8178
6722,Budget Occasional,Midwest,control,109,2.2091
6723,Digital Native,West,control,85,1.0902
6724,Affluent Frequent,Northeast,control,28,1.3002
6725,Mainstream,Northeast,treatment,92,2.3659
6726,Mainstream,Southwest,control,12,0.3657
6727,Budget Occasional,Midwest,treatment,116,1.3379
6728,Digital Native,Midwest,control,83,1.9513
6729,Mainstream,Southeast,control,113,1.2527
6730,Dormant Reactivation,West,control,20,1.1259
6731,Dormant Reactivation,Midwest,control,64,1.0521
6732,Dormant Reactivation,Southeast,control,101,2.2504
6733,Budget Occasional,Northeast,control,90,1.1834
6734,Digital Native,Southeast,control,39,1.1222
6735,Mainstream,Southwest,treatment,102,0.8022
6736,Affluent Frequent,Southeast,treatment,23,1.2415
6737,Mainstream,West,control,117,0.6489
6738,Digital Native,Southeast,control,84,2.3794
6739,Digital Native,Southwest,treatment,32,1.0936
6740,Mainstream,Southeast,control,120,1.1298
6741,Mainstream,Southeast,control,48,1.4145
6742,Mainstream,Midwest,control,112,0.6457
6743,Affluent Frequent,Southeast,control,12,1.6928
6744,Budget Occasional,West,control,103,0.6378
6745,Mainstream,Southeast,treatment,45,2.2817
6746,Dormant Reactivation,Northeast,control,92,1.7075
6747,Budget Occasional,Southeast,treatment,43,1.6729
6748,Budget Occasional,Northeast,control,89,1.2771
6749,Budget Occasional,Northeast,control,108,1.0667
6750,Digital Native,West,treatment,29,0.6815
6751,Dormant Reactivation,Midwest,treatment,74,0.6617
6752,Budget Occasional,Southeast,treatment,35,0.7103
6753,Dormant Reactivation,Southeast,control,55,1.3109
6754,Dormant Reactivation,West,treatment,62,0.5059
6755,Affluent Frequent,Southwest,treatment,83,0.8243
6756,Digital Native,Southeast,control,120,1.1841
6757,Budget Occasional,Northeast,control,71,0.8668
6758,Mainstream,Midwest,control,61,0.585
6759,Budget Occasional,Southeast,treatment,56,0.6727
6760,Digital Native,Midwest,treatment,72,0.946
6761,Mainstream,West,control,102,0.4701
6762,Dormant Reactivation,Southeast,treatment,72,0.5082
6763,Budget Occasional,West,treatment,41,0.6366
6764,Budget Occasional,Northeast,control,71,1.5505
6765,Mainstream,Midwest,control,43,0.4171
6766,Dormant Reactivation,Midwest,control,71,0.5528
6767,Mainstream,Midwest,treatment,3,0.705
6768,Affluent Frequent,Midwest,treatment,58,0.8741
6769,Mainstream,Southeast,control,77,1.2953
6770,Affluent Frequent,Northeast,treatment,90,0.4546
6771,Mainstream,Southwest,control,60,0.5757
6772,Affluent Frequent,Northeast,control,114,0.5067
6773,Affluent Frequent,Midwest,treatment,113,1.6747
6774,Dormant Reactivation,West,treatment,18,0.6828
6775,Dormant Reactivation,West,treatment,87,0.8047
6776,Budget Occasional,Midwest,control,118,0.9417
6777,Mainstream,Northeast,control,88,1.2244
6778,Mainstream,Northeast,treatment,41,0.4072
6779,Mainstream,Midwest,control,48,1.8563
6780,Digital Native,Northeast,control,19,1.3883
6781,Mainstream,Southeast,treatment,92,1.6774
6782,Mainstream,Northeast,treatment,36,0.6731
6783,Budget Occasional,West,treatment,101,1.2397
6784,Budget Occasional,Midwest,control,4,0.3083
6785,Digital Native,Southwest,treatment,104,1.537
6786,Budget Occasional,West,treatment,114,0.2965
6787,Digital Native,Northeast,control,83,1.4312
6788,Mainstream,West,treatment,32,1.1827
6789,Mainstream,Southeast,control,44,0.2692
6790,Digital Native,West,control,77,0.8747
6791,Mainstream,Northeast,control,35,0.3482
6792,Affluent Frequent,Southeast,treatment,101,1.3987
6793,Digital Native,West,control,118,0.9988
6794,Mainstream,Northeast,treatment,43,1.4512
6795,Mainstream,Southeast,treatment,66,0.2949
6796,Dormant Reactivation,West,control,23,1.9748
6797,Digital Native,Northeast,control,36,0.4186
6798,Budget Occasional,Midwest,control,105,1.139
6799,Digital Native,Southeast,treatment,68,1.6552
6800,Mainstream,Southeast,control,33,0.5118
6801,Mainstream,Northeast,treatment,16,0.6491
6802,Mainstream,Northeast,control,26,2.387
6803,Mainstream,Southwest,treatment,96,0.6114
6804,Affluent Frequent,Northeast,control,41,1.5923
6805,Digital Native,Southeast,treatment,36,0.8568
6806,Mainstream,Southwest,control,30,0.7298
6807,Mainstream,Midwest,treatment,60,0.9542
6808,Affluent Frequent,Southwest,control,18,1.3594
6809,Mainstream,Northeast,treatment,10,1.5359
6810,Affluent Frequent,West,control,59,1.5191
6811,Mainstream,Southeast,treatment,10,0.9065
6812,Mainstream,Midwest,treatment,110,4.918
6813,Affluent Frequent,Southwest,control,58,0.8264
6814,Digital Native,Southwest,treatment,40,0.9925
6815,Budget Occasional,Southeast,treatment,19,1.4917
6816,Dormant Reactivation,Northeast,treatment,36,0.6337
6817,Budget Occasional,Northeast,treatment,9,0.6463
6818,Digital Native,Southeast,treatment,111,2.0337
6819,Mainstream,Northeast,treatment,73,0.9068
6820,Mainstream,West,treatment,14,0.6559
6821,Affluent Frequent,Southeast,control,71,0.9527
6822,Digital Native,Northeast,treatment,90,0.309
6823,Mainstream,Southeast,treatment,69,0.4226
6824,Budget Occasional,West,treatment,102,0.7606
6825,Affluent Frequent,West,treatment,7,0.2205
6826,Mainstream,West,treatment,3,0.7236
6827,Budget Occasional,Southeast,treatment,90,0.9151
6828,Dormant Reactivation,West,control,53,1.0241
6829,Dormant Reactivation,Midwest,treatment,31,0.1798
6830,Mainstream,West,control,48,0.9264
6831,Budget Occasional,Northeast,control,21,0.4442
6832,Digital Native,West,control,87,0.6938
6833,Mainstream,West,treatment,64,0.5111
6834,Dormant Reactivation,Southeast,control,33,0.6023
6835,Mainstream,Southwest,treatment,84,0.5655
6836,Budget Occasional,Northeast,control,79,0.8187
6837,Budget Occasional,West,treatment,99,0.6198
6838,Budget Occasional,Northeast,control,66,0.7287
6839,Digital Native,Northeast,treatment,37,0.7289
6840,Budget Occasional,Northeast,control,58,0.3999
6841,Dormant Reactivation,Northeast,treatment,20,1.3691
6842,Budget Occasional,Northeast,control,43,1.2793
6843,Budget Occasional,West,treatment,11,1.662
6844,Budget Occasional,Southeast,control,54,0.744
6845,Mainstream,Midwest,treatment,116,0.4274
6846,Digital Native,Midwest,control,17,1.1292
6847,Mainstream,West,treatment,46,1.1141
6848,Mainstream,Northeast,treatment,87,2.2732
6849,Digital Native,Midwest,treatment,10,0.8356
6850,Dormant Reactivation,West,control,25,1.3433
6851,Affluent Frequent,Northeast,treatment,39,1.1845
6852,Budget Occasional,Southeast,control,86,0.7979
6853,Mainstream,Northeast,control,89,0.8107
6854,Budget Occasional,Midwest,control,104,0.83
6855,Mainstream,Southwest,treatment,118,0.4797
6856,Mainstream,Midwest,control,88,1.0885
6857,Mainstream,Northeast,control,87,1.2284
6858,Digital Native,West,control,64,0.6218
6859,Digital Native,Southeast,treatment,108,0.97
6860,Budget Occasional,Northeast,treatment,47,0.6963
6861,Mainstream,Midwest,control,24,1.1897
6862,Mainstream,Southwest,control,32,1.1796
6863,Digital Native,Northeast,treatment,79,0.6126
6864,Mainstream,Southeast,treatment,113,1.1293
6865,Digital Native,Southeast,control,17,0.8553
6866,Dormant Reactivation,Southeast,treatment,22,0.5418
6867,Mainstream,West,control,12,1.1292
6868,Mainstream,Northeast,treatment,15,0.661
6869,Digital Native,Northeast,treatment,10,2.1899
6870,Dormant Reactivation,Midwest,control,91,1.764
6871,Budget Occasional,Southeast,control,104,1.7466
6872,Mainstream,West,control,79,0.9124
6873,Mainstream,Southeast,control,50,1.2533
6874,Mainstream,Midwest,treatment,66,0.9358
6875,Digital Native,Southeast,control,81,0.5899
6876,Mainstream,Midwest,control,44,0.6396
6877,Digital Native,Northeast,control,112,0.8657
6878,Affluent Frequent,Southeast,treatment,81,2.3996
6879,Mainstream,West,treatment,103,0.9046
6880,Mainstream,Midwest,control,25,0.8666
6881,Budget Occasional,Southwest,control,8,0.4408
6882,Budget Occasional,Midwest,treatment,8,0.4197
6883,Budget Occasional,Northeast,control,55,1.0143
6884,Budget Occasional,Southwest,treatment,25,0.302
6885,Mainstream,Northeast,control,44,0.488
6886,Digital Native,Northeast,control,10,0.8255
6887,Budget Occasional,Southeast,treatment,82,0.8216
6888,Budget Occasional,West,treatment,93,0.6962
6889,Digital Native,Northeast,treatment,40,0.5423
6890,Mainstream,Midwest,treatment,22,0.456
6891,Mainstream,Northeast,control,30,1.2008
6892,Dormant Reactivation,Midwest,control,98,0.825
6893,Mainstream,Midwest,control,61,0.682
6894,Mainstream,West,control,89,1.7054
6895,Dormant Reactivation,Southeast,treatment,98,0.9662
6896,Digital Native,West,treatment,49,0.9957
6897,Digital Native,West,treatment,108,1.1272
6898,Mainstream,Midwest,control,45,0.3798
6899,Mainstream,Northeast,treatment,89,0.7969
6900,Budget Occasional,Midwest,treatment,16,0.6434
6901,Affluent Frequent,Midwest,control,23,1.994
6902,Affluent Frequent,Southwest,treatment,14,1.0565
6903,Mainstream,Northeast,treatment,33,0.677
6904,Budget Occasional,Southeast,control,22,1.0031
6905,Mainstream,Southeast,treatment,66,1.0585
6906,Mainstream,Northeast,treatment,39,1.1488
6907,Budget Occasional,Southeast,control,84,0.7242
6908,Affluent Frequent,Northeast,control,75,2.4811
6909,Budget Occasional,Northeast,treatment,20,1.1807
6910,Digital Native,Northeast,treatment,69,1.2502
6911,Digital Native,Northeast,control,101,0.4344
6912,Digital Native,West,treatment,108,1.1586
6913,Mainstream,West,control,102,0.6738
6914,Affluent Frequent,Southeast,treatment,80,0.1383
6915,Digital Native,Southeast,treatment,50,1.2849
6916,Mainstream,Southwest,control,48,0.9179
6917,Dormant Reactivation,Southeast,control,22,1.1662
6918,Budget Occasional,West,control,52,0.4845
6919,Mainstream,Southeast,treatment,118,2.0386
6920,Digital Native,Southeast,control,103,0.8663
6921,Digital Native,Southeast,treatment,87,2.8736
6922,Mainstream,Midwest,treatment,100,0.4718
6923,Digital Native,Midwest,control,26,0.656
6924,Mainstream,Southwest,treatment,47,1.3823
6925,Affluent Frequent,Southwest,treatment,46,0.6765
6926,Budget Occasional,Southwest,treatment,67,0.9797
6927,Dormant Reactivation,Northeast,control,72,1.0471
6928,Mainstream,West,treatment,28,0.2954
6929,Mainstream,Midwest,treatment,35,0.7273
6930,Dormant Reactivation,Southwest,treatment,46,0.8605
6931,Budget Occasional,Northeast,control,113,0.6735
6932,Mainstream,Midwest,treatment,79,1.1844
6933,Affluent Frequent,Southwest,control,22,0.6759
6934,Budget Occasional,West,treatment,22,0.7889
6935,Mainstream,West,treatment,7,1.1445
6936,Budget Occasional,Southeast,control,76,0.8677
6937,Dormant Reactivation,Midwest,control,88,1.9539
6938,Mainstream,Northeast,control,90,0.6218
6939,Budget Occasional,Northeast,treatment,44,0.886
6940,Affluent Frequent,Southeast,treatment,28,0.3694
6941,Mainstream,Northeast,treatment,45,1.2091
6942,Affluent Frequent,Southwest,control,113,2.0529
6943,Dormant Reactivation,Midwest,treatment,20,2.119
6944,Mainstream,Southeast,treatment,40,0.3306
6945,Mainstream,Northeast,control,86,1.2059
6946,Affluent Frequent,Southeast,control,28,1.2787
6947,Mainstream,Southwest,control,94,1.0625
6948,Budget Occasional,Southeast,treatment,4,0.9221
6949,Dormant Reactivation,Midwest,control,70,1.3079
6950,Digital Native,Southeast,treatment,55,1.4862
6951,Budget Occasional,Southeast,control,70,1.4628
6952,Budget Occasional,Southwest,treatment,18,1.6838
6953,Budget Occasional,Midwest,control,89,0.7999
6954,Budget Occasional,Southeast,treatment,91,0.7396
6955,Budget Occasional,Northeast,treatment,84,1.5277
6956,Mainstream,Southeast,treatment,29,1.1074
6957,Digital Native,Southeast,control,52,0.9138
6958,Dormant Reactivation,Midwest,control,91,1.4283
6959,Dormant Reactivation,West,treatment,54,2.0693
6960,Affluent Frequent,Southwest,control,89,0.9637
6961,Affluent Frequent,Southeast,treatment,38,1.3577
6962,Affluent Frequent,Northeast,treatment,85,0.7477
6963,Mainstream,Northeast,control,47,1.1855
6964,Dormant Reactivation,West,control,21,0.8931
6965,Budget Occasional,Northeast,control,50,0.7185
6966,Affluent Frequent,West,treatment,20,0.7309
6967,Mainstream,Midwest,treatment,78,0.5406
6968,Budget Occasional,Southwest,control,49,0.488
6969,Mainstream,Northeast,control,100,0.6045
6970,Budget Occasional,Southeast,treatment,83,0.8826
6971,Budget Occasional,Southwest,treatment,6,1.1804
6972,Mainstream,Southeast,treatment,112,1.0372
6973,Mainstream,Northeast,treatment,90,0.8105
6974,Budget Occasional,Southeast,treatment,53,1.0919
6975,Mainstream,Southeast,treatment,79,0.8865
6976,Dormant Reactivation,West,control,61,0.8125
6977,Mainstream,West,control,7,0.6218
6978,Affluent Frequent,West,control,45,2.6596
6979,Dormant Reactivation,Southwest,control,95,0.6269
6980,Mainstream,Southwest,control,16,0.8611
6981,Affluent Frequent,Northeast,control,74,2.5275
6982,Budget Occasional,Northeast,treatment,61,1.084
6983,Mainstream,Northeast,control,33,1.7679
6984,Affluent Frequent,Southwest,treatment,116,0.7863
6985,Dormant Reactivation,Southwest,control,6,0.921
6986,Budget Occasional,Northeast,treatment,77,1.0678
6987,Budget Occasional,West,control,107,0.9668
6988,Digital Native,Southeast,control,105,0.5762
6989,Mainstream,Southwest,control,112,1.723
6990,Digital Native,Southeast,treatment,61,1.7787
6991,Dormant Reactivation,West,treatment,6,0.9328
6992,Mainstream,West,control,65,2.2683
6993,Dormant Reactivation,Southwest,control,118,0.5558
6994,Budget Occasional,Midwest,treatment,89,0.624
6995,Affluent Frequent,West,control,107,1.0213
6996,Digital Native,Southeast,control,104,1.0383
6997,Dormant Reactivation,Southeast,treatment,89,2.3737
6998,Dormant Reactivation,West,control,89,1.33
6999,Budget Occasional,Southeast,control,60,1.1033
7000,Mainstream,Southeast,treatment,106,0.9218
7001,Mainstream,Southeast,treatment,106,0.9339
7002,Digital Native,Northeast,treatment,33,0.1254
7003,Digital Native,Midwest,control,75,0.9983
7004,Digital Native,West,control,116,0.8049
7005,Affluent Frequent,Midwest,treatment,80,1.7841
7006,Digital Native,Southwest,treatment,3,0.5248
7007,Mainstream,Southwest,treatment,101,0.489
7008,Mainstream,Northeast,treatment,101,1.3839
7009,Digital Native,West,control,25,1.121
7010,Digital Native,Southeast,treatment,94,0.8101
7011,Mainstream,Northeast,control,32,1.292
7012,Affluent Frequent,Southeast,treatment,84,1.6588
7013,Affluent Frequent,Midwest,control,36,0.8127
7014,Affluent Frequent,Northeast,control,34,1.3311
7015,Digital Native,Southwest,treatment,80,1.7557
7016,Digital Native,Southeast,treatment,63,0.7526
7017,Affluent Frequent,Southeast,control,4,0.4399
7018,Mainstream,Northeast,control,91,0.7846
7019,Affluent Frequent,West,control,92,1.4191
7020,Affluent Frequent,Southeast,control,42,0.8619
7021,Dormant Reactivation,Southeast,treatment,3,0.583
7022,Budget Occasional,West,treatment,36,0.5972
7023,Digital Native,Southeast,treatment,101,1.2516
7024,Mainstream,Southwest,control,100,1.3517
7025,Affluent Frequent,Midwest,control,13,2.4143
7026,Affluent Frequent,Southwest,control,110,1.44
7027,Dormant Reactivation,Southwest,treatment,91,0.7266
7028,Digital Native,Southwest,treatment,61,1.9943
7029,Mainstream,Midwest,control,119,0.9798
7030,Affluent Frequent,Northeast,control,36,1.0586
7031,Affluent Frequent,Northeast,control,47,0.4292
7032,Digital Native,Midwest,control,53,0.1638
7033,Affluent Frequent,Southeast,treatment,6,1.2862
7034,Mainstream,West,treatment,99,0.7601
7035,Affluent Frequent,West,control,21,0.4407
7036,Dormant Reactivation,Southeast,control,65,1.1915
7037,Mainstream,Midwest,control,107,1.1084
7038,Mainstream,Southeast,treatment,31,2.0559
7039,Budget Occasional,Midwest,treatment,77,0.4807
7040,Affluent Frequent,Southwest,control,25,0.5074
7041,Dormant Reactivation,Southeast,control,93,1.1994
7042,Dormant Reactivation,Southeast,control,10,0.3713
7043,Mainstream,Southeast,treatment,34,0.549
7044,Digital Native,West,treatment,68,1.5135
7045,Budget Occasional,Southeast,control,76,1.2519
7046,Affluent Frequent,Southwest,control,14,0.5566
7047,Affluent Frequent,Southeast,treatment,22,1.188
7048,Mainstream,West,treatment,8,0.9591
7049,Affluent Frequent,West,treatment,76,0.8127
7050,Budget Occasional,Midwest,control,86,0.1603
7051,Mainstream,Southeast,control,109,1.5869
7052,Digital Native,Southeast,treatment,39,0.5606
7053,Affluent Frequent,Northeast,treatment,101,1.0968
7054,Mainstream,Northeast,control,101,0.7032
7055,Dormant Reactivation,West,control,27,1.4193
7056,Mainstream,Northeast,control,98,0.7025
7057,Mainstream,West,control,115,0.9131
7058,Affluent Frequent,Northeast,treatment,45,1.5853
7059,Affluent Frequent,West,treatment,95,1.163
7060,Budget Occasional,West,control,60,0.8418
7061,Affluent Frequent,Southwest,treatment,72,0.35
7062,Affluent Frequent,Southeast,treatment,94,0.7077
7063,Digital Native,West,treatment,113,1.7273
7064,Digital Native,Midwest,control,41,0.9975
7065,Budget Occasional,Southeast,control,14,1.8451
7066,Digital Native,Northeast,treatment,119,1.0108
7067,Budget Occasional,Southwest,control,83,1.2361
7068,Affluent Frequent,Northeast,treatment,115,0.8628
7069,Mainstream,Northeast,treatment,94,0.5137
7070,Digital Native,Southeast,control,108,1.0568
7071,Affluent Frequent,Northeast,treatment,81,0.7033
7072,Budget Occasional,West,control,78,0.9643
7073,Mainstream,West,control,77,1.0971
7074,Budget Occasional,Southeast,treatment,80,0.6434
7075,Budget Occasional,Southeast,treatment,46,0.8322
7076,Budget Occasional,Southeast,treatment,14,0.908
7077,Affluent Frequent,Southwest,treatment,60,1.5976
7078,Digital Native,Southeast,control,21,0.4114
7079,Dormant Reactivation,West,control,41,0.4372
7080,Digital Native,Southwest,treatment,41,3.347
7081,Budget Occasional,Northeast,treatment,52,0.3691
7082,Affluent Frequent,Southeast,control,52,0.9757
7083,Mainstream,Southeast,control,3,0.5862
7084,Mainstream,Midwest,treatment,52,1.1666
7085,Dormant Reactivation,Southeast,control,93,2.025
7086,Digital Native,West,control,109,1.4631
7087,Mainstream,Southeast,control,98,0.5265
7088,Budget Occasional,Northeast,treatment,117,2.1007
7089,Budget Occasional,West,control,63,0.9057
7090,Budget Occasional,Northeast,treatment,38,0.7745
7091,Dormant Reactivation,Southwest,treatment,115,0.6566
7092,Dormant Reactivation,Southeast,treatment,81,1.4092
7093,Mainstream,Southwest,control,53,1.015
7094,Budget Occasional,West,treatment,109,0.623
7095,Digital Native,Southeast,treatment,116,0.6733
7096,Dormant Reactivation,Southeast,control,54,1.1284
7097,Digital Native,Northeast,treatment,84,0.6092
7098,Dormant Reactivation,Southwest,treatment,89,0.6219
7099,Affluent Frequent,Southeast,treatment,103,1.9301
7100,Mainstream,Midwest,control,35,0.5037
7101,Dormant Reactivation,Northeast,treatment,73,0.7171
7102,Mainstream,West,treatment,81,0.9265
7103,Digital Native,Southeast,treatment,8,1.1926
7104,Budget Occasional,Midwest,control,43,1.5484
7105,Mainstream,Southwest,treatment,6,1.6987
7106,Affluent Frequent,Southeast,treatment,77,0.8964
7107,Mainstream,Southeast,control,65,1.7467
7108,Digital Native,Northeast,control,92,1.3679
7109,Affluent Frequent,Midwest,control,28,1.389
7110,Mainstream,Southeast,control,89,0.2369
7111,Budget Occasional,Northeast,treatment,81,0.4346
7112,Affluent Frequent,Southeast,treatment,9,1.5125
7113,Mainstream,Northeast,treatment,34,1.01
7114,Mainstream,West,control,96,1.3324
7115,Budget Occasional,West,control,106,0.9713
7116,Mainstream,Midwest,treatment,18,0.4327
7117,Digital Native,Midwest,treatment,49,0.8007
7118,Digital Native,Southeast,control,92,0.8149
7119,Digital Native,Northeast,control,85,1.2634
7120,Budget Occasional,West,treatment,77,0.2765
7121,Budget Occasional,Southeast,control,68,0.8533
7122,Affluent Frequent,Midwest,control,18,1.4121
7123,Digital Native,Southwest,control,102,0.6705
7124,Dormant Reactivation,Southeast,treatment,93,0.9244
7125,Mainstream,Southeast,treatment,39,0.5515
7126,Affluent Frequent,Midwest,treatment,4,0.3448
7127,Digital Native,Northeast,control,93,2.2396
7128,Affluent Frequent,Southwest,control,43,0.914
7129,Digital Native,West,control,9,0.8468
7130,Digital Native,Southeast,treatment,79,1.1242
7131,Affluent Frequent,Southeast,treatment,5,0.6467
7132,Mainstream,West,treatment,40,0.7851
7133,Dormant Reactivation,Southwest,treatment,97,0.4139
7134,Digital Native,Southeast,control,119,0.7652
7135,Budget Occasional,West,treatment,13,0.7781
7136,Digital Native,Midwest,control,91,1.5691
7137,Mainstream,Midwest,control,65,1.6629
7138,Digital Native,West,control,37,0.6035
7139,Mainstream,Southeast,control,4,1.218
7140,Dormant Reactivation,Southeast,control,56,0.9633
7141,Budget Occasional,West,treatment,32,1.0823
7142,Digital Native,Midwest,control,20,0.4933
7143,Budget Occasional,Southeast,treatment,76,0.5252
7144,Affluent Frequent,Southeast,treatment,39,2.3055
7145,Budget Occasional,Northeast,control,42,1.1817
7146,Digital Native,Midwest,control,87,0.9514
7147,Mainstream,Southeast,treatment,65,1.656
7148,Affluent Frequent,Midwest,treatment,5,1.3135
7149,Dormant Reactivation,Southwest,treatment,74,0.6886
7150,Mainstream,Southeast,treatment,19,0.4756
7151,Affluent Frequent,Midwest,treatment,40,2.5692
7152,Budget Occasional,Northeast,treatment,85,1.0347
7153,Mainstream,Midwest,treatment,23,1.9776
7154,Mainstream,Southwest,treatment,63,1.5404
7155,Budget Occasional,West,control,112,0.9082
7156,Budget Occasional,Southeast,control,26,0.8382
7157,Affluent Frequent,Midwest,control,15,0.8565
7158,Mainstream,Midwest,control,62,1.3267
7159,Digital Native,Northeast,control,45,1.1843
7160,Digital Native,Southeast,treatment,23,1.001
7161,Affluent Frequent,West,treatment,31,1.1997
7162,Mainstream,West,treatment,86,0.7502
7163,Digital Native,Northeast,control,89,0.7009
7164,Affluent Frequent,Midwest,control,11,1.2064
7165,Mainstream,Southwest,control,16,2.3925
7166,Budget Occasional,Southeast,control,99,1.2016
7167,Budget Occasional,Southeast,treatment,97,1.135
7168,Affluent Frequent,West,control,16,1.246
7169,Digital Native,West,treatment,4,0.3655
7170,Budget Occasional,Midwest,treatment,37,0.6124
7171,Mainstream,Northeast,control,97,1.6379
7172,Budget Occasional,Southeast,control,57,1.1679
7173,Budget Occasional,Southeast,control,78,0.6339
7174,Mainstream,Northeast,treatment,43,0.7203
7175,Dormant Reactivation,Southwest,treatment,36,1.2307
7176,Affluent Frequent,Northeast,control,97,0.6913
7177,Budget Occasional,Northeast,treatment,4,1.4443
7178,Mainstream,Southwest,control,36,0.4208
7179,Budget Occasional,Southeast,treatment,84,0.521
7180,Mainstream,Midwest,treatment,97,2.235
7181,Affluent Frequent,Northeast,control,11,0.6008
7182,Affluent Frequent,Southeast,control,50,0.9889
7183,Dormant Reactivation,Midwest,control,24,1.1884
7184,Affluent Frequent,Southeast,treatment,56,0.5898
7185,Dormant Reactivation,Midwest,control,39,0.7523
7186,Budget Occasional,West,control,90,0.4753
7187,Dormant Reactivation,Midwest,treatment,4,0.3672
7188,Mainstream,Southeast,treatment,9,0.4985
7189,Mainstream,Northeast,control,48,0.8017
7190,Mainstream,Southeast,control,103,1.2712
7191,Digital Native,Midwest,control,60,0.4818
7192,Mainstream,Southwest,treatment,60,0.9317
7193,Mainstream,West,control,28,1.3207
7194,Budget Occasional,Southeast,control,24,1.2318
7195,Digital Native,West,treatment,91,1.1797
7196,Mainstream,Northeast,control,44,1.5221
7197,Affluent Frequent,West,treatment,120,0.401
7198,Budget Occasional,Southwest,control,80,0.9204
7199,Dormant Reactivation,Southeast,control,84,0.5772
7200,Dormant Reactivation,Southwest,treatment,14,1.1815
7201,Mainstream,Southeast,treatment,36,0.6362
7202,Mainstream,Northeast,control,108,0.679
7203,Budget Occasional,Southeast,control,40,0.669
7204,Budget Occasional,Southeast,treatment,8,1.2248
7205,Digital Native,Southeast,control,75,1.3858
7206,Mainstream,Southeast,treatment,76,0.9072
7207,Dormant Reactivation,Southeast,control,53,0.9716
7208,Budget Occasional,Midwest,treatment,119,1.3083
7209,Budget Occasional,Northeast,treatment,53,0.8867
7210,Mainstream,West,control,117,0.7561
7211,Dormant Reactivation,Southeast,treatment,120,1.1921
7212,Affluent Frequent,Southwest,control,59,1.0598
7213,Mainstream,Southeast,treatment,47,0.4015
7214,Digital Native,Southwest,treatment,83,1.0485
7215,Mainstream,Southeast,control,51,1.9125
7216,Budget Occasional,Southeast,treatment,42,0.2574
7217,Affluent Frequent,Southwest,control,20,0.6042
7218,Budget Occasional,Southwest,treatment,16,1.359
7219,Affluent Frequent,Southeast,control,24,0.8797
7220,Digital Native,Southwest,treatment,33,1.2929
7221,Affluent Frequent,West,control,35,1.9763
7222,Budget Occasional,Southeast,treatment,58,0.3206
7223,Mainstream,Midwest,control,108,0.4949
7224,Digital Native,Southwest,control,69,0.7155
7225,Affluent Frequent,Northeast,treatment,53,1.5519
7226,Dormant Reactivation,West,treatment,84,1.0765
7227,Mainstream,West,control,109,0.6587
7228,Digital Native,Southeast,control,118,0.7063
7229,Dormant Reactivation,Southwest,control,88,0.9187
7230,Dormant Reactivation,Southeast,control,87,0.3327
7231,Budget Occasional,West,control,80,0.5669
7232,Budget Occasional,Southeast,control,40,0.692
7233,Affluent Frequent,Midwest,control,99,0.3704
7234,Budget Occasional,Midwest,treatment,23,0.9108
7235,Mainstream,Southeast,control,103,0.3423
7236,Digital Native,Southeast,treatment,97,1.0359
7237,Digital Native,Northeast,treatment,68,1.2297
7238,Dormant Reactivation,Southeast,control,68,0.8458
7239,Budget Occasional,Southeast,treatment,25,1.3341
7240,Dormant Reactivation,Northeast,control,105,0.782
7241,Mainstream,Midwest,treatment,30,1.9757
7242,Mainstream,Northeast,treatment,24,0.6674
7243,Dormant Reactivation,Northeast,treatment,69,2.235
7244,Budget Occasional,Northeast,treatment,96,1.7614
7245,Mainstream,Northeast,treatment,40,0.3754
7246,Dormant Reactivation,West,treatment,13,0.2876
7247,Budget Occasional,Northeast,treatment,94,1.3991
7248,Mainstream,West,control,58,1.1192
7249,Dormant Reactivation,Southwest,treatment,113,1.1539
7250,Affluent Frequent,Northeast,treatment,54,0.6782
7251,Affluent Frequent,Midwest,control,96,0.6704
7252,Budget Occasional,West,treatment,21,1.485
7253,Digital Native,West,control,53,0.3703
7254,Budget Occasional,West,treatment,78,1.1352
7255,Dormant Reactivation,West,treatment,19,1.4739
7256,Dormant Reactivation,Northeast,control,10,2.3109
7257,Mainstream,Northeast,control,93,1.3195
7258,Budget Occasional,Midwest,treatment,92,0.8153
7259,Mainstream,Northeast,treatment,22,1.5628
7260,Affluent Frequent,Midwest,control,99,0.875
7261,Digital Native,Southeast,control,120,1.5964
7262,Dormant Reactivation,Midwest,treatment,38,0.6696
7263,Mainstream,Southeast,control,55,0.7949
7264,Dormant Reactivation,West,treatment,95,0.5594
7265,Mainstream,Midwest,control,92,0.835
7266,Mainstream,Northeast,control,11,1.9236
7267,Affluent Frequent,Northeast,treatment,73,0.6824
7268,Budget Occasional,Midwest,control,57,1.2758
7269,Dormant Reactivation,Midwest,treatment,25,1.449
7270,Budget Occasional,Southeast,treatment,55,0.861
7271,Affluent Frequent,Southwest,treatment,73,1.3704
7272,Budget Occasional,Northeast,treatment,16,0.2279
7273,Digital Native,Northeast,control,102,0.2144
7274,Affluent Frequent,West,treatment,59,0.2282
7275,Budget Occasional,West,control,43,0.8046
7276,Dormant Reactivation,West,treatment,94,0.8998
7277,Mainstream,Southwest,treatment,25,2.4587
7278,Budget Occasional,Southwest,treatment,63,1.599
7279,Dormant Reactivation,West,control,110,0.4181
7280,Budget Occasional,Midwest,control,113,0.9751
7281,Dormant Reactivation,Southeast,control,65,0.9794
7282,Affluent Frequent,Northeast,treatment,91,1.2287
7283,Dormant Reactivation,West,control,22,0.5215
7284,Digital Native,West,treatment,41,0.5209
7285,Mainstream,Northeast,treatment,4,2.747
7286,Affluent Frequent,Northeast,treatment,107,0.7675
7287,Affluent Frequent,Midwest,treatment,66,0.9388
7288,Budget Occasional,Southeast,treatment,24,1.4576
7289,Affluent Frequent,West,treatment,93,0.7892
7290,Mainstream,Midwest,treatment,113,0.4549
7291,Budget Occasional,Northeast,treatment,66,0.7129
7292,Budget Occasional,Midwest,control,9,1.8666
7293,Affluent Frequent,West,control,73,0.7937
7294,Mainstream,Northeast,treatment,17,1.114
7295,Dormant Reactivation,Northeast,control,91,0.9625
7296,Mainstream,Northeast,treatment,31,1.4422
7297,Mainstream,Midwest,control,57,0.6476
7298,Budget Occasional,Midwest,treatment,105,1.4444
7299,Mainstream,Midwest,control,66,2.1868
7300,Mainstream,Southeast,treatment,115,1.4707
7301,Mainstream,Southwest,control,74,2.65
7302,Budget Occasional,Midwest,control,73,0.2438
7303,Dormant Reactivation,Southeast,treatment,113,0.5767
7304,Affluent Frequent,Northeast,treatment,64,1.3324
7305,Affluent Frequent,Northeast,control,101,0.4468
7306,Budget Occasional,West,control,89,1.1284
7307,Digital Native,Southeast,treatment,83,1.2025
7308,Digital Native,West,treatment,3,0.7753
7309,Digital Native,Southeast,control,33,1.6012
7310,Mainstream,Southeast,control,86,1.0727
7311,Affluent Frequent,Midwest,control,30,0.9906
7312,Budget Occasional,Northeast,treatment,93,1.095
7313,Dormant Reactivation,Midwest,treatment,48,0.6197
7314,Dormant Reactivation,Midwest,control,112,2.4373
7315,Mainstream,Southeast,control,93,1.8451
7316,Digital Native,Northeast,control,58,0.4446
7317,Digital Native,Southeast,control,36,1.183
7318,Digital Native,Southeast,treatment,33,0.935
7319,Dormant Reactivation,West,treatment,46,1.1186
7320,Digital Native,West,treatment,50,0.9192
7321,Digital Native,West,treatment,96,1.5766
7322,Mainstream,Midwest,treatment,78,0.6364
7323,Dormant Reactivation,Southeast,control,59,0.9709
7324,Affluent Frequent,West,control,75,1.0241
7325,Affluent Frequent,West,treatment,37,1.1938
7326,Budget Occasional,Midwest,control,109,1.0897
7327,Mainstream,Northeast,treatment,118,1.4572
7328,Mainstream,West,control,8,0.8686
7329,Budget Occasional,Midwest,control,115,0.3168
7330,Mainstream,Midwest,control,76,1.0998
7331,Mainstream,Northeast,control,119,1.2319
7332,Budget Occasional,West,control,54,0.5572
7333,Budget Occasional,West,control,65,1.1647
7334,Digital Native,Southeast,treatment,57,0.7879
7335,Mainstream,Southwest,control,49,0.4699
7336,Mainstream,West,control,91,0.6631
7337,Budget Occasional,Southeast,treatment,92,0.9956
7338,Dormant Reactivation,Midwest,control,44,1.0447
7339,Digital Native,Northeast,treatment,60,1.0461
7340,Dormant Reactivation,Southwest,control,85,1.909
7341,Digital Native,Southeast,control,16,1.4532
7342,Affluent Frequent,Midwest,treatment,85,1.7618
7343,Digital Native,Northeast,treatment,62,0.3785
7344,Budget Occasional,Northeast,control,103,1.1919
7345,Dormant Reactivation,West,control,59,1.261
7346,Mainstream,Southeast,control,9,1.6994
7347,Mainstream,Southeast,treatment,33,0.8561
7348,Budget Occasional,Southeast,control,65,1.4222
7349,Affluent Frequent,Northeast,treatment,69,0.1806
7350,Digital Native,Southwest,treatment,82,0.44
7351,Budget Occasional,Northeast,treatment,98,1.6454
7352,Budget Occasional,Southeast,control,19,1.9359
7353,Dormant Reactivation,Northeast,control,55,1.177
7354,Budget Occasional,West,treatment,44,2.2379
7355,Mainstream,Southwest,control,53,1.7547
7356,Mainstream,West,treatment,18,1.1499
7357,Budget Occasional,Midwest,control,67,0.7837
7358,Budget Occasional,West,control,81,0.7786
7359,Affluent Frequent,Southwest,treatment,18,1.2647
7360,Budget Occasional,Southeast,treatment,87,0.8629
7361,Affluent Frequent,Southeast,control,91,0.9067
7362,Affluent Frequent,Southwest,treatment,117,0.7946
7363,Affluent Frequent,Northeast,treatment,58,1.0897
7364,Mainstream,Midwest,treatment,10,0.6549
7365,Budget Occasional,Midwest,treatment,31,1.1007
7366,Budget Occasional,Southeast,treatment,53,1.0098
7367,Mainstream,Northeast,control,101,2.0167
7368,Budget Occasional,West,treatment,39,0.4791
7369,Mainstream,Southwest,treatment,36,0.4767
7370,Mainstream,Northeast,treatment,13,0.4628
7371,Digital Native,West,control,111,1.8681
7372,Mainstream,Midwest,control,38,0.9169
7373,Mainstream,Northeast,treatment,54,0.8125
7374,Digital Native,West,treatment,19,1.6484
7375,Budget Occasional,Southeast,treatment,8,0.4196
7376,Affluent Frequent,Northeast,control,77,1.2065
7377,Budget Occasional,West,treatment,77,1.1606
7378,Budget Occasional,Southeast,treatment,3,1.0609
7379,Budget Occasional,Northeast,control,33,0.8693
7380,Budget Occasional,Midwest,control,91,0.3683
7381,Dormant Reactivation,Northeast,treatment,97,2.7468
7382,Mainstream,Northeast,control,58,1.3229
7383,Affluent Frequent,Southeast,control,118,0.1407
7384,Digital Native,Midwest,treatment,91,0.9627
7385,Dormant Reactivation,Northeast,control,32,0.2893
7386,Budget Occasional,Northeast,control,70,0.4396
7387,Mainstream,Southwest,treatment,61,1.2757
7388,Digital Native,Midwest,treatment,65,0.9646
7389,Dormant Reactivation,West,control,71,1.1301
7390,Digital Native,Northeast,treatment,47,0.8164
7391,Budget Occasional,Midwest,control,93,0.4849
7392,Affluent Frequent,West,control,96,0.5594
7393,Affluent Frequent,Southwest,control,22,0.6713
7394,Mainstream,West,control,84,0.8657
7395,Affluent Frequent,West,control,7,0.367
7396,Budget Occasional,Northeast,treatment,34,2.3682
7397,Mainstream,West,control,22,2.1511
7398,Affluent Frequent,West,control,6,1.3832
7399,Affluent Frequent,Midwest,control,48,0.4724
7400,Budget Occasional,Midwest,control,66,0.9385
7401,Affluent Frequent,West,treatment,53,0.5483
7402,Budget Occasional,West,control,52,0.9764
7403,Budget Occasional,Midwest,treatment,64,0.4771
7404,Mainstream,Northeast,treatment,18,1.6597
7405,Mainstream,Southeast,treatment,59,1.8531
7406,Digital Native,Northeast,control,113,2.1547
7407,Budget Occasional,Midwest,control,27,0.8517
7408,Digital Native,Midwest,treatment,93,0.8645
7409,Mainstream,West,treatment,97,0.6812
7410,Affluent Frequent,Northeast,treatment,80,1.5298
7411,Budget Occasional,Northeast,control,111,0.9397
7412,Digital Native,Midwest,treatment,62,1.6211
7413,Mainstream,Northeast,control,85,2.1749
7414,Mainstream,Northeast,treatment,96,1.073
7415,Mainstream,West,treatment,85,1.0153
7416,Digital Native,West,control,39,2.3829
7417,Budget Occasional,Northeast,treatment,84,2.5076
7418,Mainstream,Southeast,control,14,0.7228
7419,Mainstream,West,control,9,1.4957
7420,Mainstream,Northeast,control,52,1.1997
7421,Digital Native,Midwest,treatment,119,0.7383
7422,Affluent Frequent,Midwest,treatment,36,0.8149
7423,Dormant Reactivation,Northeast,control,90,1.0587
7424,Dormant Reactivation,Southeast,treatment,108,1.2371
7425,Digital Native,Southeast,control,22,1.0068
7426,Mainstream,Southeast,treatment,82,2.1419
7427,Budget Occasional,Northeast,treatment,9,0.5359
7428,Affluent Frequent,West,treatment,10,0.8572
7429,Affluent Frequent,Midwest,control,35,0.7951
7430,Mainstream,Southeast,treatment,81,0.9738
7431,Mainstream,Midwest,treatment,9,0.7016
7432,Mainstream,Southeast,treatment,59,0.9242
7433,Affluent Frequent,Northeast,treatment,25,0.9019
7434,Mainstream,Northeast,control,10,0.6727
7435,Budget Occasional,Southeast,treatment,72,1.4522
7436,Dormant Reactivation,West,treatment,40,1.0015
7437,Budget Occasional,Midwest,control,89,0.6809
7438,Digital Native,West,treatment,116,0.7632
7439,Affluent Frequent,Southeast,treatment,25,0.3944
7440,Dormant Reactivation,Midwest,control,63,0.714
7441,Budget Occasional,Midwest,treatment,92,0.7986
7442,Digital Native,Southeast,treatment,67,1.542
7443,Budget Occasional,West,treatment,117,1.2135
7444,Digital Native,Southeast,treatment,25,0.1637
7445,Mainstream,Northeast,treatment,3,1.7133
7446,Mainstream,Midwest,treatment,54,1.307
7447,Affluent Frequent,Northeast,treatment,54,0.6056
7448,Digital Native,Northeast,treatment,27,0.79
7449,Budget Occasional,West,control,20,0.8538
7450,Affluent Frequent,Southeast,treatment,28,1.8876
7451,Digital Native,Southeast,treatment,21,2.2048
7452,Affluent Frequent,Southeast,treatment,40,1.7556
7453,Dormant Reactivation,West,treatment,8,0.7216
7454,Digital Native,Midwest,treatment,114,0.8486
7455,Mainstream,West,control,35,0.4559
7456,Mainstream,Southeast,control,20,1.4504
7457,Affluent Frequent,Southeast,treatment,33,2.1491
7458,Affluent Frequent,Northeast,treatment,110,0.9579
7459,Affluent Frequent,Northeast,treatment,36,0.8483
7460,Digital Native,West,control,20,0.468
7461,Budget Occasional,Midwest,control,103,1.0108
7462,Digital Native,West,treatment,34,0.7948
7463,Mainstream,Northeast,control,88,0.3192
7464,Digital Native,Northeast,control,43,1.3069
7465,Mainstream,Southeast,control,53,1.4934
7466,Digital Native,West,control,83,0.5186
7467,Affluent Frequent,Southeast,control,83,0.5974
7468,Budget Occasional,Southeast,control,26,1.1308
7469,Budget Occasional,Southeast,control,95,1.4153
7470,Digital Native,Southwest,treatment,34,1.3309
7471,Digital Native,Southwest,control,61,1.4451
7472,Mainstream,Southwest,control,55,0.7836
7473,Affluent Frequent,Southeast,control,67,1.3993
7474,Affluent Frequent,Northeast,control,77,1.7028
7475,Budget Occasional,Midwest,control,38,1.1768
7476,Affluent Frequent,Southeast,control,76,0.8243
7477,Budget Occasional,Midwest,treatment,26,1.3569
7478,Mainstream,West,treatment,88,1.8445
7479,Mainstream,Midwest,treatment,91,0.687
7480,Mainstream,Southwest,control,65,0.8483
7481,Budget Occasional,Southeast,control,42,1.0125
7482,Digital Native,Midwest,treatment,39,0.612
7483,Digital Native,Northeast,control,103,0.9583
7484,Digital Native,Northeast,treatment,61,0.9665
7485,Budget Occasional,Midwest,treatment,16,0.5582
7486,Digital Native,Midwest,treatment,88,2.5312
7487,Dormant Reactivation,Northeast,control,89,0.8432
7488,Digital Native,Northeast,treatment,113,1.1519
7489,Mainstream,West,treatment,58,0.8243
7490,Mainstream,Southwest,treatment,106,0.2735
7491,Budget Occasional,West,control,86,0.5104
7492,Budget Occasional,West,control,63,1.1317
7493,Mainstream,Northeast,control,45,1.6227
7494,Dormant Reactivation,Midwest,treatment,8,1.3812
7495,Affluent Frequent,Northeast,treatment,23,0.8141
7496,Mainstream,Northeast,treatment,3,0.8775
7497,Mainstream,Southeast,treatment,83,0.6417
7498,Mainstream,Midwest,control,105,0.5167
7499,Affluent Frequent,Midwest,treatment,23,1.5204
7500,Budget Occasional,Northeast,control,57,0.7131
7501,Mainstream,Southwest,treatment,105,1.406
7502,Affluent Frequent,Southeast,treatment,7,0.4808
7503,Affluent Frequent,West,control,79,0.3537
7504,Budget Occasional,Midwest,treatment,13,0.9117
7505,Dormant Reactivation,Midwest,treatment,31,0.7149
7506,Budget Occasional,Northeast,treatment,108,1.2586
7507,Dormant Reactivation,West,treatment,11,0.3931
7508,Mainstream,Southeast,control,21,1.7992
7509,Affluent Frequent,Southwest,treatment,110,1.5471
7510,Budget Occasional,Southeast,treatment,30,2.0751
7511,Mainstream,Midwest,treatment,116,1.4702
7512,Mainstream,Northeast,treatment,65,1.2652
7513,Dormant Reactivation,Midwest,control,8,0.6887
7514,Dormant Reactivation,Northeast,control,51,0.8565
7515,Affluent Frequent,Southeast,control,36,1.457
7516,Mainstream,West,treatment,111,0.6316
7517,Mainstream,Southwest,treatment,88,1.1281
7518,Affluent Frequent,Southwest,control,106,1.5316
7519,Budget Occasional,Midwest,treatment,117,0.7712
7520,Mainstream,Midwest,control,74,0.699
7521,Mainstream,West,control,54,0.5797
7522,Mainstream,West,treatment,40,2.2562
7523,Budget Occasional,Southwest,control,19,0.7697
7524,Budget Occasional,West,control,60,0.9674
7525,Budget Occasional,West,control,80,1.5356
7526,Budget Occasional,Midwest,treatment,81,1.6773
7527,Dormant Reactivation,West,treatment,108,1.5038
7528,Budget Occasional,Southeast,control,26,0.9157
7529,Budget Occasional,Southeast,treatment,98,1.1515
7530,Budget Occasional,Southwest,treatment,35,0.9077
7531,Digital Native,Northeast,treatment,65,1.8127
7532,Budget Occasional,West,control,99,0.5238
7533,Budget Occasional,West,treatment,25,0.7918
7534,Budget Occasional,Southeast,treatment,89,1.0835
7535,Mainstream,West,control,60,0.5703
7536,Affluent Frequent,Northeast,control,55,2.3994
7537,Mainstream,West,treatment,105,1.7661
7538,Digital Native,Southeast,control,102,1.0361
7539,Digital Native,Southeast,control,86,0.9346
7540,Budget Occasional,Southwest,control,10,0.483
7541,Mainstream,Northeast,treatment,30,1.0749
7542,Digital Native,Northeast,control,59,1.2417
7543,Budget Occasional,Northeast,treatment,62,0.567
7544,Budget Occasional,Southeast,control,7,0.3313
7545,Mainstream,Southeast,control,69,1.4959
7546,Affluent Frequent,Northeast,control,70,0.8383
7547,Mainstream,West,control,94,0.7006
7548,Digital Native,Northeast,treatment,83,0.9529
7549,Budget Occasional,Southwest,treatment,118,2.5483
7550,Mainstream,Northeast,treatment,17,0.8446
7551,Dormant Reactivation,Midwest,control,115,1.7325
7552,Mainstream,West,treatment,19,0.7759
7553,Affluent Frequent,Northeast,treatment,67,2.5548
7554,Budget Occasional,Midwest,control,41,0.6923
7555,Mainstream,Southeast,treatment,75,0.9715
7556,Affluent Frequent,Midwest,control,89,0.9518
7557,Mainstream,Southeast,treatment,52,0.3026
7558,Mainstream,West,control,79,1.8574
7559,Affluent Frequent,Midwest,control,23,1.1481
7560,Mainstream,Southeast,control,9,1.4986
7561,Mainstream,Southeast,treatment,25,0.9524
7562,Mainstream,Northeast,treatment,28,0.7514
7563,Mainstream,Northeast,treatment,118,0.5629
7564,Budget Occasional,West,treatment,13,0.9527
7565,Mainstream,Midwest,treatment,102,1.1515
7566,Mainstream,West,treatment,116,0.8225
7567,Budget Occasional,West,treatment,63,1.7688
7568,Mainstream,Southeast,treatment,71,0.7583
7569,Affluent Frequent,West,control,10,1.8307
7570,Mainstream,Southwest,control,62,0.6415
7571,Dormant Reactivation,Southwest,control,91,1.562
7572,Mainstream,Southeast,treatment,13,0.5026
7573,Budget Occasional,Southwest,control,56,1.8306
7574,Budget Occasional,Northeast,treatment,76,1.7547
7575,Digital Native,West,control,50,2.0052
7576,Dormant Reactivation,Southwest,treatment,28,1.0262
7577,Digital Native,West,control,37,1.2756
7578,Mainstream,West,treatment,91,1.0344
7579,Dormant Reactivation,Midwest,treatment,21,0.4859
7580,Mainstream,Midwest,treatment,95,0.7445
7581,Budget Occasional,West,control,39,1.0118
7582,Dormant Reactivation,West,treatment,75,0.8436
7583,Mainstream,West,control,29,0.8624
7584,Digital Native,West,treatment,96,0.3114
7585,Affluent Frequent,Southeast,treatment,43,0.6004
7586,Dormant Reactivation,Southeast,control,80,0.703
7587,Affluent Frequent,Southeast,treatment,43,0.358
7588,Budget Occasional,Northeast,control,82,0.3979
7589,Digital Native,Midwest,control,37,1.3117
7590,Mainstream,West,control,109,0.9443
7591,Affluent Frequent,Northeast,control,45,1.1475
7592,Dormant Reactivation,Midwest,treatment,98,0.5684
7593,Budget Occasional,Northeast,treatment,52,0.7569
7594,Mainstream,West,treatment,111,0.434
7595,Mainstream,Midwest,control,8,1.5005
7596,Mainstream,Southwest,treatment,63,1.1331
7597,Mainstream,Midwest,control,32,0.8869
7598,Budget Occasional,Northeast,treatment,32,0.5896
7599,Mainstream,Midwest,control,20,1.1922
7600,Budget Occasional,Southeast,treatment,96,0.2109
7601,Mainstream,West,treatment,57,0.9733
7602,Dormant Reactivation,Northeast,treatment,83,1.5166
7603,Mainstream,Midwest,control,47,0.542
7604,Mainstream,West,treatment,43,0.8508
7605,Budget Occasional,Midwest,treatment,23,0.9558
7606,Affluent Frequent,Midwest,control,40,0.9681
7607,Affluent Frequent,Southeast,control,114,0.8322
7608,Mainstream,Southeast,control,76,0.7505
7609,Affluent Frequent,Northeast,control,107,0.8592
7610,Digital Native,Southeast,control,117,0.9298
7611,Mainstream,Northeast,control,43,0.44
7612,Affluent Frequent,Southeast,treatment,99,0.609
7613,Mainstream,Southwest,control,31,0.4098
7614,Dormant Reactivation,Southeast,treatment,106,1.0255
7615,Digital Native,Southeast,treatment,93,1.6951
7616,Mainstream,West,control,38,1.3775
7617,Affluent Frequent,Northeast,control,78,0.5069
7618,Mainstream,West,treatment,101,0.4751
7619,Affluent Frequent,Southeast,treatment,31,0.5959
7620,Budget Occasional,Southwest,control,15,0.4714
7621,Digital Native,Southwest,treatment,68,0.954
7622,Dormant Reactivation,Southwest,control,105,0.3602
7623,Mainstream,Southwest,treatment,47,1.7997
7624,Mainstream,Southwest,treatment,48,1.6476
7625,Budget Occasional,Northeast,control,14,0.6232
7626,Budget Occasional,Midwest,control,26,2.6606
7627,Mainstream,Southeast,control,60,0.6248
7628,Dormant Reactivation,Northeast,treatment,110,1.023
7629,Affluent Frequent,Southwest,control,103,0.3642
7630,Affluent Frequent,Southeast,treatment,44,2.0557
7631,Budget Occasional,Southeast,control,86,0.5051
7632,Digital Native,Northeast,control,117,0.298
7633,Budget Occasional,West,treatment,36,0.4528
7634,Digital Native,Northeast,treatment,70,0.9851
7635,Budget Occasional,Midwest,treatment,80,0.5284
7636,Dormant Reactivation,Southeast,control,42,0.9302
7637,Dormant Reactivation,West,control,23,1.1327
7638,Affluent Frequent,West,control,68,0.9858
7639,Budget Occasional,Southeast,treatment,75,0.4761
7640,Budget Occasional,Midwest,treatment,45,0.8254
7641,Mainstream,Southwest,control,114,1.2252
7642,Budget Occasional,West,treatment,26,0.7937
7643,Digital Native,Northeast,control,67,0.9694
7644,Mainstream,Midwest,treatment,25,1.1379
7645,Affluent Frequent,Northeast,treatment,27,0.7516
7646,Dormant Reactivation,Northeast,treatment,89,0.6612
7647,Mainstream,West,treatment,118,0.4107
7648,Digital Native,Southeast,control,93,1.8051
7649,Budget Occasional,Northeast,control,31,1.4522
7650,Mainstream,Northeast,control,79,1.0196
7651,Mainstream,Midwest,control,44,0.7485
7652,Budget Occasional,Midwest,treatment,18,0.8533
7653,Affluent Frequent,Southeast,treatment,109,0.8494
7654,Mainstream,Southeast,treatment,18,0.6173
7655,Digital Native,West,control,42,1.3075
7656,Budget Occasional,West,treatment,57,1.1969
7657,Digital Native,West,control,87,0.8266
7658,Budget Occasional,Southeast,treatment,41,0.7618
7659,Affluent Frequent,West,treatment,62,0.6236
7660,Affluent Frequent,Northeast,control,53,0.3287
7661,Budget Occasional,Midwest,control,4,0.769
7662,Digital Native,West,control,71,1.7248
7663,Dormant Reactivation,Midwest,control,110,1.1077
7664,Mainstream,Southeast,control,40,0.9237
7665,Digital Native,Southeast,control,79,0.9032
7666,Budget Occasional,West,control,72,0.8644
7667,Mainstream,Southeast,control,107,1.0469
7668,Dormant Reactivation,Northeast,control,17,0.5746
7669,Affluent Frequent,Midwest,control,85,0.4275
7670,Affluent Frequent,West,treatment,48,0.5115
7671,Digital Native,Midwest,control,70,1.4297
7672,Budget Occasional,Southwest,control,119,1.5559
7673,Affluent Frequent,Southwest,treatment,52,0.6938
7674,Mainstream,Midwest,treatment,7,1.1677
7675,Budget Occasional,Southwest,control,73,0.2121
7676,Mainstream,West,control,58,1.0301
7677,Budget Occasional,Southeast,control,52,0.9368
7678,Digital Native,Southeast,control,37,2.2978
7679,Budget Occasional,West,treatment,10,0.6935
7680,Budget Occasional,Northeast,treatment,53,1.4628
7681,Digital Native,Northeast,treatment,76,0.6994
7682,Affluent Frequent,West,treatment,112,1.8591
7683,Budget Occasional,West,treatment,92,0.6297
7684,Budget Occasional,Southeast,control,17,1.6268
7685,Mainstream,West,control,55,0.7815
7686,Digital Native,West,control,117,1.3078
7687,Mainstream,Southeast,control,98,1.8512
7688,Dormant Reactivation,West,treatment,4,1.7338
7689,Dormant Reactivation,Midwest,treatment,36,0.333
7690,Digital Native,Southeast,treatment,12,1.515
7691,Affluent Frequent,Northeast,control,37,2.3367
7692,Mainstream,Southeast,control,89,1.1235
7693,Mainstream,Midwest,control,112,1.2336
7694,Affluent Frequent,Southeast,control,13,1.4207
7695,Budget Occasional,Southeast,treatment,35,0.512
7696,Mainstream,Southwest,treatment,53,1.2175
7697,Budget Occasional,Southwest,control,75,0.9032
7698,Mainstream,Southeast,treatment,38,1.2153
7699,Dormant Reactivation,Southeast,control,107,0.3829
7700,Digital Native,Midwest,control,88,0.6047
7701,Budget Occasional,West,control,55,0.5303
7702,Affluent Frequent,Southwest,treatment,98,0.7234
7703,Affluent Frequent,Northeast,treatment,27,0.586
7704,Affluent Frequent,Southeast,control,18,0.8528
7705,Budget Occasional,West,control,61,1.5924
7706,Mainstream,Southeast,control,119,1.2493
7707,Mainstream,Northeast,treatment,96,0.7661
7708,Mainstream,Northeast,treatment,89,0.5617
7709,Budget Occasional,Midwest,control,16,0.6262
7710,Budget Occasional,Southeast,treatment,67,0.6412
7711,Mainstream,Southeast,treatment,34,1.2494
7712,Digital Native,Midwest,control,77,0.9002
7713,Mainstream,Southwest,treatment,9,1.0853
7714,Dormant Reactivation,Southeast,treatment,102,1.1493
7715,Affluent Frequent,Midwest,control,79,0.7112
7716,Mainstream,Southwest,control,116,0.9142
7717,Dormant Reactivation,West,treatment,118,0.876
7718,Affluent Frequent,West,control,10,0.8503
7719,Mainstream,Northeast,treatment,68,0.7952
7720,Mainstream,Midwest,control,67,0.4537
7721,Budget Occasional,West,treatment,5,1.3316
7722,Digital Native,Southeast,control,61,0.3987
7723,Budget Occasional,Northeast,treatment,87,0.5791
7724,Dormant Reactivation,Southeast,control,52,0.5725
7725,Affluent Frequent,Southwest,treatment,98,0.5827
7726,Dormant Reactivation,Southwest,treatment,107,1.34
7727,Mainstream,West,control,48,1.0888
7728,Digital Native,Southeast,control,52,1.4642
7729,Mainstream,Northeast,control,10,0.9729
7730,Budget Occasional,West,control,88,1.1147
7731,Digital Native,Southwest,control,117,1.0713
7732,Affluent Frequent,West,control,102,1.1944
7733,Affluent Frequent,Southwest,treatment,20,0.6704
7734,Digital Native,West,treatment,95,1.0494
7735,Mainstream,Midwest,control,71,0.7873
7736,Budget Occasional,West,treatment,22,1.2706
7737,Budget Occasional,Southeast,treatment,47,0.8832
7738,Budget Occasional,West,control,41,0.9737
7739,Digital Native,West,control,82,1.0637
7740,Mainstream,West,treatment,67,0.7079
7741,Budget Occasional,Southeast,control,110,1.5699
7742,Digital Native,Midwest,treatment,105,1.5719
7743,Mainstream,Midwest,control,117,0.6992
7744,Dormant Reactivation,Southeast,treatment,101,1.0338
7745,Mainstream,Southeast,control,96,0.8786
7746,Mainstream,Midwest,treatment,108,0.8766
7747,Budget Occasional,Midwest,treatment,7,0.8157
7748,Affluent Frequent,West,control,107,0.753
7749,Digital Native,Southeast,treatment,75,1.7084
7750,Dormant Reactivation,Southeast,treatment,3,0.4399
7751,Budget Occasional,West,treatment,16,1.7069
7752,Mainstream,Southwest,control,28,0.1511
7753,Mainstream,Southeast,control,89,0.6881
7754,Affluent Frequent,West,treatment,101,4.098
7755,Mainstream,Midwest,control,46,1.0668
7756,Mainstream,Southeast,control,96,1.3454
7757,Digital Native,Northeast,control,66,1.1846
7758,Mainstream,Southeast,treatment,27,1.3648
7759,Affluent Frequent,Southeast,control,93,0.9376
7760,Mainstream,Southeast,control,109,1.089
7761,Budget Occasional,West,control,100,0.9269
7762,Mainstream,Southwest,control,94,0.5649
7763,Budget Occasional,Northeast,control,45,1.541
7764,Mainstream,Southwest,control,56,1.0884
7765,Budget Occasional,Northeast,treatment,60,1.3312
7766,Mainstream,West,treatment,115,0.4611
7767,Mainstream,Midwest,treatment,89,1.299
7768,Budget Occasional,West,treatment,116,1.1848
7769,Digital Native,West,treatment,20,0.561
7770,Digital Native,Northeast,treatment,39,1.3385
7771,Budget Occasional,West,treatment,82,0.3444
7772,Budget Occasional,Midwest,control,113,0.406
7773,Mainstream,West,control,82,0.6309
7774,Budget Occasional,West,treatment,62,1.0801
7775,Dormant Reactivation,Midwest,control,38,1.3203
7776,Digital Native,West,treatment,5,0.9176
7777,Mainstream,West,treatment,10,1.855
7778,Budget Occasional,Midwest,treatment,46,0.6946
7779,Digital Native,Southeast,treatment,17,0.6729
7780,Budget Occasional,Northeast,treatment,10,1.6311
7781,Mainstream,Southwest,control,105,1.136
7782,Mainstream,Northeast,treatment,54,1.1983
7783,Mainstream,Southwest,treatment,54,1.0978
7784,Affluent Frequent,Northeast,treatment,48,0.8267
7785,Dormant Reactivation,Northeast,control,39,1.2082
7786,Mainstream,Midwest,treatment,113,1.2095
7787,Affluent Frequent,West,treatment,17,0.3079
7788,Budget Occasional,Northeast,control,42,0.7737
7789,Dormant Reactivation,Northeast,treatment,36,0.6096
7790,Mainstream,West,treatment,105,0.6713
7791,Dormant Reactivation,Southwest,treatment,45,0.4927
7792,Mainstream,Southeast,treatment,74,0.6142
7793,Dormant Reactivation,West,control,5,0.7204
7794,Mainstream,Southeast,control,118,0.1977
7795,Affluent Frequent,Northeast,control,8,1.0809
7796,Digital Native,Southwest,control,59,0.28
7797,Budget Occasional,West,control,118,0.3407
7798,Budget Occasional,Midwest,treatment,116,0.6544
7799,Budget Occasional,Southeast,control,5,0.745
7800,Affluent Frequent,Southeast,control,90,1.1968
7801,Dormant Reactivation,Southwest,control,25,0.3895
7802,Affluent Frequent,Northeast,treatment,73,0.4117
7803,Mainstream,Southeast,control,105,0.2851
7804,Budget Occasional,West,control,28,0.6094
7805,Affluent Frequent,Southwest,treatment,76,0.7223
7806,Budget Occasional,West,control,16,0.6259
7807,Digital Native,Southeast,control,58,0.6093
7808,Mainstream,Northeast,treatment,55,0.4438
7809,Dormant Reactivation,Northeast,treatment,16,1.0656
7810,Affluent Frequent,West,control,91,0.7296
7811,Mainstream,Southeast,control,99,0.6374
7812,Mainstream,Southeast,control,83,0.7947
7813,Dormant Reactivation,Southwest,treatment,41,1.484
7814,Digital Native,Southeast,treatment,30,0.6697
7815,Mainstream,Southwest,treatment,98,0.606
7816,Affluent Frequent,Southeast,treatment,112,2.4655
7817,Budget Occasional,Northeast,treatment,112,0.5453
7818,Mainstream,Southeast,treatment,13,0.57
7819,Mainstream,Southeast,treatment,75,0.5639
7820,Mainstream,Midwest,treatment,35,0.6658
7821,Dormant Reactivation,Southwest,control,104,0.6555
7822,Budget Occasional,Northeast,treatment,4,0.8681
7823,Budget Occasional,West,treatment,82,1.2946
7824,Digital Native,Southeast,treatment,40,0.4452
7825,Affluent Frequent,West,treatment,98,1.2162
7826,Digital Native,Northeast,control,50,0.681
7827,Budget Occasional,Northeast,treatment,57,1.1021
7828,Budget Occasional,Southeast,control,89,1.8987
7829,Budget Occasional,Northeast,control,59,0.9624
7830,Mainstream,Southwest,treatment,65,1.6755
7831,Digital Native,Southwest,control,38,0.7607
7832,Digital Native,Southwest,control,86,0.8462
7833,Mainstream,Southwest,control,97,1.3036
7834,Mainstream,Midwest,control,74,0.4921
7835,Affluent Frequent,Midwest,control,21,1.2756
7836,Affluent Frequent,West,control,52,1.5749
7837,Mainstream,West,treatment,59,0.3996
7838,Affluent Frequent,West,treatment,67,0.9597
7839,Budget Occasional,Midwest,control,12,0.4732
7840,Affluent Frequent,West,control,98,0.6607
7841,Mainstream,Northeast,treatment,74,1.0408
7842,Mainstream,Southeast,treatment,51,0.5542
7843,Budget Occasional,West,treatment,92,1.5327
7844,Budget Occasional,Midwest,control,14,2.1185
7845,Mainstream,Southeast,treatment,40,0.2182
7846,Affluent Frequent,Southeast,treatment,55,1.4415
7847,Mainstream,Northeast,control,57,1.7557
7848,Budget Occasional,West,treatment,73,0.2567
7849,Budget Occasional,Southwest,treatment,19,0.5093
7850,Affluent Frequent,Midwest,treatment,94,1.3036
7851,Budget Occasional,Northeast,treatment,107,1.6603
7852,Affluent Frequent,West,control,7,0.4744
7853,Affluent Frequent,West,treatment,81,0.4066
7854,Affluent Frequent,Northeast,treatment,48,0.4917
7855,Digital Native,Midwest,control,20,1.6367
7856,Mainstream,Southeast,treatment,110,0.5236
7857,Budget Occasional,West,control,22,0.7825
7858,Affluent Frequent,Southwest,control,23,0.9297
7859,Digital Native,Southeast,treatment,47,0.8432
7860,Budget Occasional,West,treatment,118,0.5527
7861,Budget Occasional,West,control,7,0.9113
7862,Digital Native,West,control,52,1.0414
7863,Digital Native,Southwest,control,68,0.6988
7864,Affluent Frequent,Midwest,treatment,47,0.6458
7865,Budget Occasional,Northeast,control,64,0.6639
7866,Dormant Reactivation,Southeast,treatment,84,0.6079
7867,Mainstream,Northeast,treatment,11,0.6793
7868,Dormant Reactivation,West,treatment,86,1.0875
7869,Budget Occasional,Northeast,control,63,2.4099
7870,Mainstream,Southeast,control,115,1.1197
7871,Budget Occasional,West,treatment,38,1.2119
7872,Budget Occasional,Southeast,treatment,6,1.5641
7873,Affluent Frequent,Midwest,control,36,0.655
7874,Mainstream,Midwest,treatment,99,0.68
7875,Budget Occasional,West,control,106,1.0071
7876,Budget Occasional,Northeast,treatment,115,1.1777
7877,Mainstream,Northeast,treatment,33,1.57
7878,Dormant Reactivation,Southwest,control,41,0.8241
7879,Budget Occasional,Southeast,control,113,0.9964
7880,Mainstream,West,control,92,1.5627
7881,Affluent Frequent,Northeast,treatment,53,1.7989
7882,Affluent Frequent,Southeast,control,90,1.3523
7883,Affluent Frequent,Northeast,treatment,110,2.065
7884,Affluent Frequent,Southwest,control,43,1.0995
7885,Budget Occasional,Midwest,control,94,0.4412
7886,Affluent Frequent,West,control,4,0.3164
7887,Budget Occasional,Southeast,control,120,0.8108
7888,Mainstream,Southeast,treatment,16,0.7706
7889,Digital Native,West,control,39,1.2008
7890,Mainstream,Southeast,control,93,0.4387
7891,Dormant Reactivation,West,treatment,6,0.6034
7892,Mainstream,Southeast,treatment,62,2.1187
7893,Digital Native,Southeast,control,106,0.8962
7894,Affluent Frequent,Midwest,treatment,51,1.4347
7895,Digital Native,Southwest,control,78,0.5154
7896,Dormant Reactivation,Northeast,treatment,11,0.9168
7897,Digital Native,Southwest,control,84,0.9048
7898,Budget Occasional,West,treatment,56,1.1096
7899,Dormant Reactivation,Northeast,control,32,1.4003
7900,Mainstream,West,treatment,60,0.9626
7901,Mainstream,West,treatment,37,0.7222
7902,Digital Native,Southeast,treatment,100,1.12
7903,Mainstream,Northeast,treatment,32,0.8655
7904,Affluent Frequent,Southwest,control,25,1.7344
7905,Budget Occasional,Southeast,control,25,0.6837
7906,Digital Native,Northeast,control,68,0.8525
7907,Dormant Reactivation,Southeast,treatment,119,0.6245
7908,Budget Occasional,West,treatment,88,0.9284
7909,Dormant Reactivation,Southeast,treatment,21,0.8638
7910,Dormant Reactivation,Southwest,treatment,92,0.5161
7911,Budget Occasional,Midwest,treatment,108,0.9516
7912,Affluent Frequent,Northeast,treatment,11,0.4012
7913,Budget Occasional,West,treatment,70,1.2026
7914,Mainstream,Southeast,treatment,12,1.1645
7915,Mainstream,Northeast,control,53,0.7695
7916,Mainstream,Southwest,control,68,0.7062
7917,Mainstream,Northeast,control,83,1.0367
7918,Digital Native,Northeast,treatment,107,0.6467
7919,Affluent Frequent,Southwest,control,44,1.5132
7920,Budget Occasional,Northeast,treatment,83,0.4877
7921,Budget Occasional,Southeast,control,101,0.6958
7922,Mainstream,Southeast,treatment,73,2.9237
7923,Dormant Reactivation,Southeast,treatment,44,0.7103
7924,Affluent Frequent,Southeast,control,11,0.7293
7925,Mainstream,Northeast,control,52,1.5619
7926,Digital Native,Southwest,control,110,2.0019
7927,Mainstream,West,treatment,26,0.2536
7928,Budget Occasional,Southwest,control,113,1.0654
7929,Affluent Frequent,West,control,16,1.0893
7930,Digital Native,Southeast,treatment,103,0.8605
7931,Mainstream,Southwest,control,67,0.4715
7932,Mainstream,Southeast,control,108,1.4051
7933,Budget Occasional,Southwest,control,7,0.3595
7934,Budget Occasional,Southeast,control,85,1.0832
7935,Digital Native,Midwest,treatment,15,0.8223
7936,Mainstream,West,treatment,66,0.4385
7937,Mainstream,West,treatment,24,0.9708
7938,Affluent Frequent,Midwest,treatment,59,0.5606
7939,Budget Occasional,Northeast,treatment,15,0.952
7940,Dormant Reactivation,Northeast,control,27,0.5227
7941,Mainstream,Midwest,control,32,0.2799
7942,Affluent Frequent,Midwest,treatment,105,0.7237
7943,Affluent Frequent,Midwest,control,74,0.8098
7944,Mainstream,West,treatment,88,1.2425
7945,Affluent Frequent,Northeast,treatment,58,0.5806
7946,Dormant Reactivation,Southwest,control,25,1.4269
7947,Budget Occasional,Southeast,treatment,17,1.0344
7948,Affluent Frequent,Midwest,treatment,97,1.154
7949,Budget Occasional,Southeast,treatment,24,0.7981
7950,Budget Occasional,West,treatment,100,0.6834
7951,Digital Native,West,control,38,1.0779
7952,Budget Occasional,Southeast,control,89,2.1573
7953,Budget Occasional,Southwest,control,53,0.3602
7954,Mainstream,Midwest,control,104,1.092
7955,Budget Occasional,Midwest,treatment,19,1.6225
7956,Budget Occasional,Southwest,control,75,1.3624
7957,Mainstream,Midwest,control,51,0.7057
7958,Mainstream,Southwest,control,64,0.2713
7959,Mainstream,Midwest,treatment,104,0.6984
7960,Mainstream,Southwest,control,102,1.2494
7961,Digital Native,Southeast,treatment,14,0.7387
7962,Mainstream,Midwest,control,60,0.863
7963,Mainstream,Northeast,treatment,69,1.2585
7964,Digital Native,Northeast,treatment,17,0.6516
7965,Dormant Reactivation,Southeast,control,32,1.2489
7966,Affluent Frequent,Northeast,control,41,0.7604
7967,Digital Native,Northeast,treatment,112,0.9396
7968,Dormant Reactivation,Southeast,control,63,0.7783
7969,Affluent Frequent,Southeast,control,42,1.1351
7970,Dormant Reactivation,Midwest,treatment,22,0.402
7971,Digital Native,Southwest,treatment,62,0.6368
7972,Affluent Frequent,Southeast,control,25,0.4015
7973,Budget Occasional,Southwest,control,14,0.5785
7974,Digital Native,Southwest,treatment,87,1.2879
7975,Digital Native,Northeast,treatment,40,0.9396
7976,Affluent Frequent,Southeast,treatment,74,2.2726
7977,Dormant Reactivation,Northeast,control,68,1.0316
7978,Mainstream,Midwest,treatment,88,1.8096
7979,Dormant Reactivation,West,control,83,0.8145
7980,Budget Occasional,Southwest,treatment,26,0.8222
7981,Budget Occasional,Midwest,control,64,0.7538
7982,Affluent Frequent,Northeast,treatment,92,0.6169
7983,Budget Occasional,Southeast,treatment,15,0.2872
7984,Mainstream,Northeast,treatment,51,1.5009
7985,Budget Occasional,Northeast,treatment,107,1.8899
7986,Dormant Reactivation,Midwest,treatment,3,1.8358
7987,Digital Native,West,treatment,73,0.5803
7988,Mainstream,Southeast,treatment,117,0.8228
7989,Budget Occasional,West,control,7,1.549
7990,Affluent Frequent,Southwest,control,102,0.8007
7991,Digital Native,Northeast,control,96,1.4242
7992,Digital Native,Southwest,treatment,81,0.7882
7993,Dormant Reactivation,Northeast,treatment,65,1.767
7994,Affluent Frequent,Midwest,treatment,74,0.5198
7995,Dormant Reactivation,Southwest,treatment,50,0.5716
7996,Mainstream,Southeast,treatment,107,0.5606
7997,Mainstream,Southwest,control,90,0.7913
7998,Affluent Frequent,West,treatment,12,0.7701
7999,Budget Occasional,Northeast,treatment,25,1.3506
8000,Mainstream,West,treatment,19,1.779
8001,Affluent Frequent,West,control,86,0.6734
8002,Budget Occasional,Midwest,treatment,119,1.1194
8003,Affluent Frequent,Northeast,treatment,98,0.2858
8004,Mainstream,Northeast,treatment,42,1.0256
8005,Mainstream,Southeast,treatment,46,1.1229
8006,Affluent Frequent,Southwest,control,99,0.7081
8007,Mainstream,West,treatment,118,0.6409
8008,Mainstream,Southwest,control,72,1.0681
8009,Digital Native,Midwest,treatment,100,1.1689
8010,Budget Occasional,Midwest,control,74,1.3642
8011,Mainstream,Southwest,control,77,0.7332
8012,Affluent Frequent,Northeast,treatment,23,1.4805
8013,Affluent Frequent,Southwest,control,14,1.4495
8014,Budget Occasional,West,control,88,1.2429
8015,Dormant Reactivation,Northeast,control,83,0.3471
8016,Digital Native,Northeast,control,51,0.7789
8017,Digital Native,Northeast,treatment,89,0.5787
8018,Mainstream,Southeast,control,113,0.9316
8019,Budget Occasional,Southeast,control,51,0.4712
8020,Budget Occasional,Northeast,treatment,84,1.5434
8021,Mainstream,Northeast,control,85,0.3087
8022,Budget Occasional,West,treatment,47,1.3134
8023,Mainstream,Southwest,control,104,0.8192
8024,Budget Occasional,Southwest,treatment,8,0.6611
8025,Mainstream,Southwest,treatment,59,0.6506
8026,Digital Native,Midwest,treatment,30,1.8101
8027,Mainstream,West,treatment,67,0.5386
8028,Mainstream,Midwest,control,118,1.092
8029,Mainstream,Northeast,treatment,92,0.4644
8030,Dormant Reactivation,Midwest,treatment,98,1.3818
8031,Budget Occasional,Southeast,control,69,0.6695
8032,Mainstream,Southeast,treatment,111,1.3771
8033,Mainstream,Southeast,treatment,101,0.5019
8034,Dormant Reactivation,Northeast,control,106,0.895
8035,Mainstream,Southwest,control,49,0.6029
8036,Mainstream,Northeast,treatment,25,0.8525
8037,Affluent Frequent,West,treatment,99,0.7785
8038,Digital Native,West,control,71,0.6831
8039,Budget Occasional,Southeast,treatment,95,0.8083
8040,Mainstream,Midwest,treatment,117,0.2799
8041,Mainstream,West,control,47,1.1269
8042,Affluent Frequent,West,treatment,48,0.4525
8043,Affluent Frequent,Northeast,control,110,1.0986
8044,Budget Occasional,West,treatment,73,0.7812
8045,Dormant Reactivation,Southeast,control,67,1.204
8046,Mainstream,Midwest,control,88,1.3866
8047,Digital Native,Northeast,control,21,1.1421
8048,Mainstream,Midwest,treatment,116,0.7235
8049,Budget Occasional,Southeast,treatment,95,0.4876
8050,Mainstream,Midwest,control,57,0.4634
8051,Mainstream,West,treatment,116,0.6449
8052,Dormant Reactivation,West,control,17,1.2849
8053,Budget Occasional,Midwest,control,73,0.8896
8054,Digital Native,West,treatment,44,1.1896
8055,Dormant Reactivation,West,treatment,40,0.9668
8056,Budget Occasional,Southwest,treatment,96,1.4212
8057,Mainstream,Northeast,control,12,1.7604
8058,Dormant Reactivation,Southeast,control,21,0.6454
8059,Mainstream,Southeast,control,113,1.4936
8060,Mainstream,Northeast,control,51,0.99
8061,Budget Occasional,Southeast,control,112,0.4738
8062,Affluent Frequent,Southwest,control,16,1.0628
8063,Affluent Frequent,Northeast,control,79,1.2357
8064,Affluent Frequent,West,control,118,1.23
8065,Mainstream,Northeast,treatment,18,0.4851
8066,Mainstream,Southwest,control,116,1.2123
8067,Mainstream,Southeast,control,64,0.6152
8068,Mainstream,Midwest,treatment,54,0.5016
8069,Dormant Reactivation,Northeast,treatment,98,1.2197
8070,Affluent Frequent,Midwest,treatment,94,0.979
8071,Budget Occasional,Southeast,control,74,1.0587
8072,Budget Occasional,West,control,90,1.0386
8073,Affluent Frequent,West,treatment,24,0.9721
8074,Affluent Frequent,Northeast,treatment,49,1.3253
8075,Dormant Reactivation,Southeast,control,102,0.4457
8076,Affluent Frequent,Midwest,control,67,1.0747
8077,Affluent Frequent,Northeast,treatment,97,1.7824
8078,Digital Native,Southwest,control,106,1.1438
8079,Mainstream,Southeast,control,8,0.8212
8080,Affluent Frequent,West,treatment,78,1.3719
8081,Mainstream,Southeast,control,25,2.0749
8082,Mainstream,West,treatment,57,1.3379
8083,Affluent Frequent,Northeast,treatment,59,1.0593
8084,Mainstream,Midwest,treatment,113,1.2445
8085,Budget Occasional,West,treatment,56,0.4322
8086,Mainstream,West,treatment,41,0.7315
8087,Mainstream,Southeast,control,118,0.2763
8088,Mainstream,Midwest,control,81,0.885
8089,Mainstream,Midwest,treatment,19,0.9309
8090,Mainstream,Southeast,control,87,1.4621
8091,Digital Native,Southeast,control,11,3.234
8092,Dormant Reactivation,Midwest,control,114,0.8011
8093,Budget Occasional,Southeast,treatment,11,0.5632
8094,Mainstream,West,control,69,2.6932
8095,Affluent Frequent,Midwest,control,115,1.6682
8096,Mainstream,Midwest,treatment,104,1.29
8097,Mainstream,West,treatment,14,2.4265
8098,Budget Occasional,Midwest,treatment,31,1.5562
8099,Affluent Frequent,Southeast,treatment,47,0.9683
8100,Digital Native,West,control,17,3.1932
8101,Mainstream,Southwest,control,33,1.8496
8102,Mainstream,Southeast,control,117,0.947
8103,Mainstream,Midwest,treatment,86,0.5053
8104,Budget Occasional,Southeast,treatment,55,1.124
8105,Digital Native,Midwest,control,114,1.0621
8106,Affluent Frequent,Southeast,treatment,39,0.8208
8107,Digital Native,Northeast,treatment,59,2.1796
8108,Digital Native,West,treatment,106,1.6388
8109,Budget Occasional,Southeast,control,42,1.0816
8110,Budget Occasional,Southwest,control,90,0.7059
8111,Mainstream,Southeast,control,111,0.7927
8112,Mainstream,Southeast,treatment,117,1.303
8113,Digital Native,Northeast,treatment,74,1.1084
8114,Mainstream,West,treatment,109,0.5831
8115,Mainstream,Midwest,control,63,0.8874
8116,Affluent Frequent,Midwest,control,65,1.8513
8117,Budget Occasional,West,treatment,69,0.7587
8118,Budget Occasional,Southeast,control,79,1.0277
8119,Digital Native,Southeast,treatment,43,1.8
8120,Affluent Frequent,West,treatment,94,0.8573
8121,Dormant Reactivation,Southwest,control,116,1.7431
8122,Mainstream,Southeast,treatment,87,0.6002
8123,Dormant Reactivation,Southeast,treatment,42,1.6684
8124,Dormant Reactivation,West,control,22,1.0884
8125,Mainstream,Southeast,control,56,0.9589
8126,Budget Occasional,Southwest,control,47,1.501
8127,Digital Native,Northeast,control,47,2.8915
8128,Digital Native,Southwest,control,23,0.6426
8129,Digital Native,Southwest,control,63,0.3588
8130,Mainstream,Southeast,control,37,0.5074
8131,Dormant Reactivation,Midwest,treatment,17,1.3774
8132,Mainstream,Northeast,control,106,0.5594
8133,Mainstream,West,control,52,1.0953
8134,Dormant Reactivation,Northeast,treatment,43,0.4156
8135,Affluent Frequent,Northeast,treatment,92,1.0347
8136,Mainstream,Southeast,treatment,20,1.1426
8137,Dormant Reactivation,West,control,23,1.261
8138,Mainstream,Southeast,control,34,1.0141
8139,Budget Occasional,Southeast,control,53,0.2322
8140,Digital Native,Midwest,treatment,94,1.575
8141,Mainstream,Northeast,control,88,1.8483
8142,Affluent Frequent,Northeast,control,47,1.9862
8143,Mainstream,West,treatment,119,2.487
8144,Mainstream,Southeast,treatment,60,0.7479
8145,Affluent Frequent,Midwest,control,12,0.8129
8146,Budget Occasional,Southeast,control,87,2.4053
8147,Mainstream,Midwest,control,96,0.8036
8148,Budget Occasional,Southeast,control,6,1.3966
8149,Budget Occasional,Northeast,control,29,0.873
8150,Digital Native,Southeast,control,42,1.3626
8151,Budget Occasional,Southeast,treatment,43,0.8598
8152,Budget Occasional,Southeast,treatment,94,1.1826
8153,Digital Native,Midwest,control,63,1.0045
8154,Budget Occasional,West,treatment,108,0.9531
8155,Affluent Frequent,Northeast,treatment,90,0.6828
8156,Dormant Reactivation,Northeast,treatment,81,0.4126
8157,Mainstream,Northeast,treatment,57,1.5068
8158,Mainstream,Southwest,control,118,0.693
8159,Budget Occasional,Southwest,control,58,0.8024
8160,Dormant Reactivation,Midwest,treatment,31,0.3525
8161,Budget Occasional,Northeast,treatment,18,0.702
8162,Digital Native,Southeast,treatment,113,0.4989
8163,Dormant Reactivation,Northeast,treatment,11,1.0031
8164,Budget Occasional,Southeast,treatment,117,1.0515
8165,Budget Occasional,Southeast,treatment,23,0.835
8166,Mainstream,Southeast,treatment,94,0.2807
8167,Budget Occasional,Midwest,control,83,0.9802
8168,Mainstream,Northeast,control,26,0.7965
8169,Mainstream,Southeast,treatment,50,0.4823
8170,Mainstream,Southwest,treatment,11,1.7511
8171,Affluent Frequent,Northeast,treatment,31,1.0176
8172,Budget Occasional,Northeast,control,52,1.0035
8173,Budget Occasional,Northeast,control,17,0.7992
8174,Digital Native,Midwest,control,98,1.0644
8175,Affluent Frequent,Northeast,control,52,0.8288
8176,Mainstream,Southeast,treatment,42,0.5882
8177,Mainstream,Southwest,control,116,1.7281
8178,Digital Native,Midwest,control,47,0.855
8179,Mainstream,Southeast,treatment,30,2.2494
8180,Budget Occasional,Southeast,control,83,0.588
8181,Affluent Frequent,Northeast,treatment,80,1.1482
8182,Budget Occasional,Southeast,control,115,1.2717
8183,Mainstream,Northeast,control,115,1.3284
8184,Digital Native,Northeast,treatment,35,1.1197
8185,Budget Occasional,Midwest,control,57,0.8815
8186,Budget Occasional,Midwest,treatment,13,0.4028
8187,Budget Occasional,Northeast,control,38,0.3678
8188,Dormant Reactivation,Midwest,control,111,0.3729
8189,Affluent Frequent,West,control,70,0.6957
8190,Affluent Frequent,Southeast,control,72,0.7395
8191,Affluent Frequent,Midwest,treatment,120,0.9108
8192,Budget Occasional,West,control,24,0.8973
8193,Affluent Frequent,West,treatment,115,1.0927
8194,Digital Native,West,control,20,1.0475
8195,Affluent Frequent,Southwest,control,46,2.0563
8196,Digital Native,Southeast,control,27,0.795
8197,Budget Occasional,West,treatment,59,0.9131
8198,Dormant Reactivation,Southwest,treatment,13,1.5304
8199,Digital Native,Southwest,control,60,0.5938
8200,Budget Occasional,Southeast,control,100,0.3475
8201,Dormant Reactivation,Southeast,control,40,1.1159
8202,Budget Occasional,West,control,90,0.8079
8203,Mainstream,Northeast,control,111,0.4423
8204,Budget Occasional,Midwest,treatment,24,1.5456
8205,Mainstream,Northeast,control,69,0.9012
8206,Budget Occasional,Midwest,control,47,0.9517
8207,Dormant Reactivation,Southeast,control,120,1.0004
8208,Digital Native,Northeast,control,75,0.4702
8209,Budget Occasional,Southeast,treatment,55,0.4954
8210,Budget Occasional,West,control,5,1.1076
8211,Dormant Reactivation,Northeast,control,22,0.6559
8212,Mainstream,Midwest,control,101,0.8891
8213,Budget Occasional,West,control,16,0.7671
8214,Affluent Frequent,Northeast,treatment,43,0.717
8215,Dormant Reactivation,Southeast,control,75,1.0427
8216,Dormant Reactivation,Midwest,control,42,0.8603
8217,Mainstream,Northeast,treatment,3,0.8363
8218,Dormant Reactivation,Southwest,treatment,36,0.7601
8219,Mainstream,Northeast,control,10,0.4952
8220,Mainstream,West,control,103,0.8805
8221,Affluent Frequent,Southwest,control,66,0.7157
8222,Affluent Frequent,Southeast,control,110,0.2064
8223,Mainstream,Northeast,control,19,1.6343
8224,Affluent Frequent,Northeast,treatment,97,0.2354
8225,Mainstream,Southeast,treatment,18,0.3594
8226,Budget Occasional,Midwest,control,93,1.1748
8227,Mainstream,West,control,94,0.993
8228,Dormant Reactivation,West,treatment,116,1.3617
8229,Mainstream,Southwest,control,114,0.9654
8230,Mainstream,Northeast,control,64,1.6006
8231,Budget Occasional,Southeast,control,7,1.082
8232,Affluent Frequent,West,treatment,7,0.1201
8233,Dormant Reactivation,Northeast,treatment,73,2.4908
8234,Mainstream,West,treatment,34,1.5542
8235,Budget Occasional,Southeast,control,108,0.6098
8236,Digital Native,West,treatment,65,0.6549
8237,Affluent Frequent,Southeast,treatment,5,1.2699
8238,Budget Occasional,Southwest,control,97,1.0698
8239,Dormant Reactivation,Midwest,control,24,1.3236
8240,Mainstream,Southeast,treatment,23,0.3931
8241,Digital Native,Northeast,control,115,1.1709
8242,Budget Occasional,Southwest,treatment,80,1.0859
8243,Mainstream,West,treatment,86,1.1854
8244,Mainstream,Southeast,treatment,12,1.3128
8245,Budget Occasional,West,control,81,0.7437
8246,Budget Occasional,Southeast,control,61,0.7191
8247,Budget Occasional,Southeast,treatment,30,0.7972
8248,Dormant Reactivation,Northeast,treatment,109,0.9073
8249,Mainstream,West,control,119,0.3367
8250,Dormant Reactivation,Midwest,treatment,37,1.5352
8251,Mainstream,Southeast,treatment,56,0.8978
8252,Budget Occasional,Midwest,treatment,105,0.8816
8253,Digital Native,Southeast,treatment,20,0.2656
8254,Mainstream,Northeast,treatment,15,1.5082
8255,Mainstream,West,control,19,0.5999
8256,Mainstream,Midwest,treatment,77,0.8035
8257,Budget Occasional,Midwest,treatment,12,0.5001
8258,Dormant Reactivation,West,control,51,0.2738
8259,Dormant Reactivation,Northeast,treatment,37,1.3306
8260,Dormant Reactivation,Northeast,treatment,5,0.6322
8261,Budget Occasional,Northeast,control,47,0.4427
8262,Mainstream,Southwest,control,24,0.307
8263,Affluent Frequent,Southeast,control,90,0.2063
8264,Mainstream,Northeast,treatment,71,1.3649
8265,Affluent Frequent,Southeast,control,29,0.9855
8266,Affluent Frequent,Southeast,treatment,97,1.5812
8267,Affluent Frequent,Midwest,control,111,1.0418
8268,Mainstream,Southwest,control,3,1.1421
8269,Mainstream,West,control,15,0.7907
8270,Mainstream,Midwest,treatment,91,0.2609
8271,Mainstream,Midwest,control,70,1.7581
8272,Dormant Reactivation,West,treatment,92,1.26
8273,Digital Native,West,control,41,0.924
8274,Mainstream,Southwest,treatment,30,0.9616
8275,Budget Occasional,Midwest,treatment,88,0.824
8276,Affluent Frequent,West,treatment,102,1.0938
8277,Mainstream,Southeast,treatment,58,1.4891
8278,Budget Occasional,Southeast,control,65,1.558
8279,Mainstream,Midwest,treatment,87,1.2282
8280,Affluent Frequent,Midwest,control,10,0.6738
8281,Mainstream,West,treatment,30,2.2911
8282,Dormant Reactivation,Northeast,control,15,1.1249
8283,Affluent Frequent,Southwest,control,46,0.666
8284,Digital Native,West,control,109,1.1426
8285,Digital Native,Southwest,control,76,1.89
8286,Affluent Frequent,Southeast,treatment,85,1.0503
8287,Budget Occasional,Midwest,control,84,1.2037
8288,Dormant Reactivation,Northeast,control,35,0.7058
8289,Budget Occasional,Southeast,control,117,1.1707
8290,Mainstream,West,control,28,1.7018
8291,Affluent Frequent,Northeast,control,31,2.0538
8292,Affluent Frequent,West,control,77,0.5606
8293,Mainstream,Northeast,treatment,57,0.9323
8294,Affluent Frequent,West,treatment,4,1.1522
8295,Mainstream,Northeast,control,14,2.858
8296,Affluent Frequent,Northeast,treatment,34,1.1865
8297,Budget Occasional,Midwest,treatment,86,1.2282
8298,Mainstream,Northeast,treatment,28,0.3878
8299,Mainstream,West,treatment,46,0.9217
8300,Mainstream,West,control,23,0.7054
8301,Affluent Frequent,Southwest,control,38,1.1146
8302,Mainstream,Midwest,control,105,0.5509
8303,Mainstream,Midwest,control,13,1.2035
8304,Budget Occasional,Southeast,treatment,42,1.7509
8305,Digital Native,Southwest,treatment,102,1.2625
8306,Dormant Reactivation,Northeast,treatment,75,0.3863
8307,Mainstream,Southwest,control,70,4.0975
8308,Dormant Reactivation,West,treatment,41,1.1812
8309,Mainstream,Midwest,control,38,1.2053
8310,Digital Native,Northeast,treatment,97,1.2986
8311,Budget Occasional,Midwest,treatment,31,0.9526
8312,Budget Occasional,Southeast,treatment,62,2.2617
8313,Affluent Frequent,Southeast,control,51,1.18
8314,Mainstream,Midwest,control,56,0.6537
8315,Affluent Frequent,Southeast,treatment,99,0.6846
8316,Budget Occasional,Northeast,treatment,104,0.6326
8317,Digital Native,Midwest,control,55,0.4584
8318,Digital Native,West,treatment,38,0.688
8319,Affluent Frequent,Southwest,treatment,106,1.0246
8320,Digital Native,Southeast,control,80,0.5699
8321,Dormant Reactivation,Northeast,treatment,68,1.103
8322,Budget Occasional,West,treatment,15,1.0501
8323,Budget Occasional,Northeast,control,90,1.6258
8324,Affluent Frequent,Northeast,control,53,1.3087
8325,Mainstream,Midwest,treatment,24,1.3483
8326,Budget Occasional,Midwest,control,104,1.0397
8327,Dormant Reactivation,Northeast,control,79,0.9553
8328,Affluent Frequent,West,control,28,1.6909
8329,Dormant Reactivation,Southeast,treatment,26,0.9423
8330,Mainstream,West,treatment,101,1.1103
8331,Budget Occasional,Southeast,control,5,1.4417
8332,Budget Occasional,Midwest,treatment,19,0.7146
8333,Budget Occasional,West,control,91,0.8905
8334,Budget Occasional,West,control,83,0.6326
8335,Budget Occasional,Midwest,treatment,14,0.5708
8336,Affluent Frequent,West,treatment,76,0.3846
8337,Mainstream,Southeast,control,28,0.7362
8338,Mainstream,Northeast,control,40,1.0861
8339,Budget Occasional,Northeast,treatment,99,1.1404
8340,Dormant Reactivation,Southeast,control,88,2.2305
8341,Budget Occasional,Midwest,control,53,0.8579
8342,Budget Occasional,Northeast,control,71,1.2686
8343,Dormant Reactivation,West,control,33,1.4013
8344,Mainstream,Southeast,control,58,0.7533
8345,Mainstream,West,control,81,1.2059
8346,Affluent Frequent,West,treatment,13,0.2745
8347,Mainstream,Southeast,treatment,21,2.275
8348,Dormant Reactivation,Midwest,treatment,36,0.6614
8349,Budget Occasional,Northeast,control,35,0.6406
8350,Mainstream,Southwest,control,88,0.8427
8351,Dormant Reactivation,Southeast,treatment,107,0.8225
8352,Budget Occasional,Midwest,treatment,74,0.5379
8353,Mainstream,Northeast,control,37,0.6037
8354,Budget Occasional,Southwest,treatment,96,1.0708
8355,Budget Occasional,Midwest,control,102,0.3231
8356,Dormant Reactivation,West,control,63,1.5611
8357,Budget Occasional,Northeast,control,46,0.5022
8358,Dormant Reactivation,Northeast,treatment,97,0.2848
8359,Mainstream,Southeast,control,105,0.909
8360,Digital Native,West,treatment,87,0.8183
8361,Affluent Frequent,Northeast,control,43,0.9674
8362,Mainstream,Northeast,treatment,97,1.3348
8363,Mainstream,West,control,31,0.8478
8364,Budget Occasional,Southeast,treatment,46,1.1959
8365,Budget Occasional,Southeast,treatment,119,1.4199
8366,Affluent Frequent,Northeast,treatment,61,0.8684
8367,Budget Occasional,Midwest,control,58,1.5813
8368,Dormant Reactivation,Southeast,control,94,0.8795
8369,Budget Occasional,Southwest,treatment,72,1.4769
8370,Digital Native,Southeast,treatment,15,1.4352
8371,Dormant Reactivation,Southeast,control,95,0.6555
8372,Budget Occasional,West,control,36,0.7847
8373,Mainstream,Midwest,treatment,110,0.8515
8374,Mainstream,Southwest,treatment,62,1.3335
8375,Affluent Frequent,Southwest,control,95,0.492
8376,Dormant Reactivation,Northeast,treatment,93,0.3585
8377,Budget Occasional,West,treatment,73,1.169
8378,Affluent Frequent,Southwest,control,119,0.6131
8379,Mainstream,Midwest,control,64,1.1626
8380,Mainstream,Southwest,control,63,1.2543
8381,Dormant Reactivation,Northeast,control,28,0.9277
8382,Affluent Frequent,Northeast,treatment,21,0.1962
8383,Mainstream,Midwest,treatment,47,0.9247
8384,Mainstream,Northeast,treatment,66,0.4624
8385,Dormant Reactivation,Northeast,control,106,1.2887
8386,Budget Occasional,West,treatment,116,0.824
8387,Mainstream,Northeast,treatment,84,1.6554
8388,Affluent Frequent,Northeast,treatment,15,1.1818
8389,Mainstream,Midwest,control,40,1.5415
8390,Dormant Reactivation,Northeast,treatment,9,0.9853
8391,Affluent Frequent,Northeast,treatment,51,1.0961
8392,Affluent Frequent,Northeast,treatment,7,0.586
8393,Budget Occasional,Midwest,control,112,0.8541
8394,Mainstream,Midwest,control,34,0.5065
8395,Budget Occasional,Southeast,control,118,0.7922
8396,Dormant Reactivation,Northeast,control,51,1.389
8397,Digital Native,Southeast,treatment,62,1.4034
8398,Affluent Frequent,Southwest,treatment,58,1.4816
8399,Budget Occasional,West,control,88,1.0449
8400,Budget Occasional,Southeast,treatment,56,0.9898
8401,Mainstream,Southeast,control,19,1.3436
8402,Budget Occasional,West,control,74,1.0183
8403,Mainstream,Northeast,treatment,40,1.2948
8404,Mainstream,Southeast,treatment,32,0.9886
8405,Budget Occasional,Northeast,treatment,66,0.6893
8406,Mainstream,Northeast,treatment,18,0.4934
8407,Dormant Reactivation,Midwest,treatment,7,0.3876
8408,Budget Occasional,Southwest,treatment,60,1.5804
8409,Digital Native,West,treatment,83,0.1647
8410,Budget Occasional,Northeast,control,99,0.7573
8411,Budget Occasional,Northeast,control,56,0.9869
8412,Budget Occasional,Northeast,treatment,97,0.7877
8413,Dormant Reactivation,Midwest,treatment,54,2.2225
8414,Affluent Frequent,Midwest,treatment,20,1.6596
8415,Affluent Frequent,Southwest,control,102,0.3824
8416,Mainstream,Southwest,control,16,0.3585
8417,Affluent Frequent,Southeast,treatment,116,0.2382
8418,Dormant Reactivation,West,treatment,120,0.8259
8419,Budget Occasional,Southeast,treatment,12,1.0768
8420,Dormant Reactivation,West,control,60,1.6258
8421,Digital Native,Midwest,control,25,1.096
8422,Affluent Frequent,Midwest,control,24,2.1045
8423,Affluent Frequent,West,treatment,110,1.0661
8424,Mainstream,Southeast,control,65,0.9467
8425,Affluent Frequent,West,control,47,1.1688
8426,Mainstream,Southeast,control,83,2.2887
8427,Mainstream,Southwest,control,64,1.0449
8428,Budget Occasional,West,control,46,0.8156
8429,Mainstream,Southeast,treatment,114,1.8262
8430,Mainstream,Northeast,control,98,1.203
8431,Affluent Frequent,Southeast,treatment,33,1.3081
8432,Dormant Reactivation,Midwest,control,111,0.3835
8433,Affluent Frequent,Southeast,control,79,0.7218
8434,Mainstream,Southeast,treatment,57,1.2274
8435,Mainstream,Midwest,treatment,14,0.4716
8436,Affluent Frequent,Northeast,control,12,0.8287
8437,Affluent Frequent,Southeast,treatment,108,0.3841
8438,Digital Native,West,treatment,66,1.7648
8439,Mainstream,West,control,24,0.6226
8440,Digital Native,Midwest,control,102,1.2147
8441,Mainstream,West,control,57,0.6468
8442,Affluent Frequent,West,treatment,102,0.7547
8443,Mainstream,Southeast,treatment,23,0.9543
8444,Mainstream,Southwest,treatment,6,1.1045
8445,Mainstream,Southeast,control,59,1.1122
8446,Budget Occasional,Southwest,treatment,113,1.0582
8447,Affluent Frequent,Midwest,treatment,3,1.5486
8448,Budget Occasional,Southeast,treatment,98,0.911
8449,Dormant Reactivation,West,treatment,41,0.5421
8450,Affluent Frequent,Midwest,treatment,15,0.6935
8451,Budget Occasional,Northeast,control,22,1.5484
8452,Mainstream,West,treatment,97,1.0633
8453,Budget Occasional,Midwest,control,16,0.8625
8454,Dormant Reactivation,Northeast,control,50,0.6827
8455,Budget Occasional,Midwest,treatment,84,1.9283
8456,Dormant Reactivation,West,treatment,81,1.7253
8457,Budget Occasional,Southwest,control,82,1.4864
8458,Digital Native,West,control,76,2.3191
8459,Affluent Frequent,Southwest,treatment,71,0.4503
8460,Budget Occasional,Southeast,control,77,0.2157
8461,Budget Occasional,Southeast,treatment,78,0.5142
8462,Affluent Frequent,Northeast,treatment,11,0.4946
8463,Digital Native,Midwest,treatment,17,0.6884
8464,Mainstream,Midwest,treatment,106,0.691
8465,Budget Occasional,West,treatment,49,1.1536
8466,Affluent Frequent,Southwest,treatment,18,1.5827
8467,Mainstream,Northeast,control,84,0.3192
8468,Budget Occasional,Southwest,control,3,0.4224
8469,Digital Native,Midwest,treatment,10,1.5296
8470,Mainstream,Southeast,treatment,62,0.4822
8471,Digital Native,Midwest,treatment,58,0.7249
8472,Budget Occasional,Northeast,control,4,1.0271
8473,Digital Native,Midwest,treatment,120,0.6071
8474,Mainstream,Northeast,treatment,108,0.9451
8475,Digital Native,Southeast,treatment,100,1.9898
8476,Mainstream,Midwest,treatment,32,0.9884
8477,Budget Occasional,Midwest,treatment,59,0.8316
8478,Mainstream,Northeast,treatment,44,2.7305
8479,Mainstream,West,control,11,0.5987
8480,Dormant Reactivation,Midwest,treatment,119,1.4273
8481,Budget Occasional,Northeast,control,10,2.2922
8482,Dormant Reactivation,Northeast,treatment,56,1.1903
8483,Digital Native,West,control,23,1.0484
8484,Budget Occasional,Southwest,treatment,45,0.5893
8485,Mainstream,West,control,44,1.3909
8486,Mainstream,West,treatment,31,1.4162
8487,Affluent Frequent,Southeast,control,16,0.7779
8488,Affluent Frequent,West,control,104,1.1565
8489,Affluent Frequent,West,treatment,69,0.9245
8490,Mainstream,West,control,60,1.2523
8491,Mainstream,Southwest,treatment,47,1.0549
8492,Budget Occasional,Northeast,treatment,94,0.4835
8493,Budget Occasional,Northeast,control,50,1.4359
8494,Mainstream,Midwest,control,84,0.5793
8495,Mainstream,Midwest,control,33,1.2017
8496,Digital Native,Southwest,treatment,37,1.1295
8497,Affluent Frequent,Midwest,treatment,94,0.8963
8498,Dormant Reactivation,Southwest,treatment,8,0.3566
8499,Digital Native,Southeast,control,83,0.9219
8500,Affluent Frequent,Northeast,treatment,83,1.5475
8501,Affluent Frequent,West,control,48,0.6335
8502,Affluent Frequent,Southeast,control,75,2.2943
8503,Budget Occasional,Southwest,control,28,1.0808
8504,Mainstream,Southeast,treatment,90,0.6397
8505,Mainstream,Southeast,control,30,0.9302
8506,Mainstream,Southeast,control,14,0.9127
8507,Mainstream,Midwest,treatment,30,1.3313
8508,Digital Native,Southeast,treatment,35,0.449
8509,Budget Occasional,West,treatment,24,3.1461
8510,Affluent Frequent,West,treatment,108,1.3806
8511,Mainstream,Southeast,treatment,119,1.0758
8512,Mainstream,Midwest,treatment,33,1.6902
8513,Budget Occasional,West,treatment,84,0.9384
8514,Dormant Reactivation,West,treatment,22,0.5495
8515,Digital Native,Southwest,treatment,36,0.8362
8516,Mainstream,West,control,50,0.8712
8517,Mainstream,Midwest,control,80,2.0607
8518,Dormant Reactivation,Midwest,control,9,0.6138
8519,Mainstream,Northeast,control,30,1.0934
8520,Budget Occasional,Northeast,treatment,115,1.5145
8521,Mainstream,Northeast,control,91,1.4621
8522,Mainstream,Midwest,control,115,1.0652
8523,Budget Occasional,Midwest,control,88,1.0439
8524,Affluent Frequent,West,treatment,104,1.2695
8525,Mainstream,Southeast,treatment,22,2.2803
8526,Affluent Frequent,Southwest,treatment,47,0.8048
8527,Digital Native,West,treatment,20,1.8534
8528,Dormant Reactivation,Northeast,treatment,77,0.4428
8529,Affluent Frequent,Northeast,treatment,88,1.3277
8530,Budget Occasional,Midwest,treatment,68,1.3923
8531,Budget Occasional,Northeast,control,81,1.2325
8532,Budget Occasional,Southwest,treatment,28,1.2844
8533,Mainstream,Midwest,control,77,1.0718
8534,Budget Occasional,Midwest,treatment,80,0.8584
8535,Mainstream,Northeast,control,111,1.3122
8536,Affluent Frequent,Southeast,control,81,1.7852
8537,Mainstream,Southeast,treatment,63,1.9061
8538,Affluent Frequent,Northeast,control,75,0.7854
8539,Mainstream,Midwest,treatment,43,0.4151
8540,Affluent Frequent,Northeast,control,12,1.2737
8541,Digital Native,Southeast,control,61,2.0966
8542,Mainstream,West,control,64,0.6607
8543,Mainstream,West,control,60,0.2935
8544,Affluent Frequent,Northeast,treatment,96,0.5607
8545,Mainstream,Midwest,treatment,116,0.7873
8546,Budget Occasional,West,treatment,85,1.032
8547,Affluent Frequent,Midwest,treatment,65,0.916
8548,Budget Occasional,Southwest,treatment,35,1.4336
8549,Mainstream,Midwest,control,104,0.9815
8550,Mainstream,West,control,107,1.2824
8551,Mainstream,Northeast,control,3,0.6335
8552,Mainstream,Southwest,treatment,64,1.4101
8553,Digital Native,West,treatment,16,0.7945
8554,Affluent Frequent,Northeast,control,31,0.4176
8555,Affluent Frequent,West,control,43,0.3679
8556,Dormant Reactivation,West,treatment,59,0.5192
8557,Mainstream,Northeast,control,103,1.4419
8558,Affluent Frequent,Midwest,control,71,1.0877
8559,Affluent Frequent,Southeast,control,46,1.7764
8560,Dormant Reactivation,Southeast,control,30,0.4162
8561,Budget Occasional,Midwest,control,109,0.9227
8562,Affluent Frequent,Northeast,control,53,0.3579
8563,Mainstream,Midwest,treatment,73,1.7154
8564,Budget Occasional,Midwest,treatment,114,1.4351
8565,Affluent Frequent,Midwest,control,36,1.9098
8566,Mainstream,Midwest,control,54,1.1138
8567,Budget Occasional,West,control,37,0.6619
8568,Affluent Frequent,Southwest,control,89,1.2593
8569,Mainstream,Southwest,control,48,0.2642
8570,Digital Native,Southeast,treatment,63,0.4599
8571,Affluent Frequent,Northeast,treatment,119,0.1066
8572,Budget Occasional,Southwest,treatment,29,1.0011
8573,Digital Native,Northeast,treatment,4,0.6831
8574,Budget Occasional,Midwest,control,56,0.8905
8575,Mainstream,West,control,79,1.1237
8576,Budget Occasional,Southeast,treatment,80,1.2598
8577,Affluent Frequent,Midwest,control,96,0.5057
8578,Digital Native,Southeast,treatment,42,0.887
8579,Mainstream,West,control,19,0.9314
8580,Budget Occasional,Northeast,control,41,1.4009
8581,Digital Native,Northeast,treatment,3,0.8677
8582,Mainstream,West,treatment,118,1.4286
8583,Budget Occasional,Southeast,treatment,18,0.7667
8584,Budget Occasional,Southwest,treatment,28,1.512
8585,Dormant Reactivation,West,treatment,15,0.4855
8586,Budget Occasional,West,treatment,10,0.7832
8587,Mainstream,Southwest,control,49,1.1452
8588,Budget Occasional,Southeast,control,115,0.7518
8589,Mainstream,West,treatment,31,0.7195
8590,Budget Occasional,Southeast,treatment,69,2.0429
8591,Budget Occasional,Southeast,control,50,0.88
8592,Affluent Frequent,Southeast,treatment,84,0.6867
8593,Mainstream,Northeast,control,91,0.484
8594,Budget Occasional,West,treatment,117,0.8885
8595,Digital Native,West,control,26,0.2262
8596,Dormant Reactivation,Southeast,control,59,1.6309
8597,Budget Occasional,Southwest,treatment,72,1.0875
8598,Budget Occasional,Northeast,treatment,81,1.175
8599,Mainstream,Southeast,control,62,0.8323
8600,Budget Occasional,Midwest,treatment,110,1.1881
8601,Digital Native,Northeast,treatment,86,1.9215
8602,Budget Occasional,Southwest,treatment,61,1.7701
8603,Mainstream,West,control,101,0.496
8604,Affluent Frequent,Southwest,treatment,104,1.5759
8605,Mainstream,Midwest,treatment,50,0.4143
8606,Mainstream,Southeast,control,56,0.6424
8607,Affluent Frequent,Southeast,control,96,0.7529
8608,Affluent Frequent,West,treatment,78,1.6231
8609,Digital Native,West,control,5,2.2637
8610,Mainstream,Midwest,treatment,78,1.5083
8611,Mainstream,West,treatment,119,0.5433
8612,Affluent Frequent,Midwest,treatment,31,1.5231
8613,Budget Occasional,West,control,21,0.7163
8614,Budget Occasional,West,treatment,43,0.9653
8615,Mainstream,West,treatment,85,0.5048
8616,Mainstream,Midwest,control,104,2.9483
8617,Mainstream,Northeast,treatment,4,0.3972
8618,Affluent Frequent,West,control,97,0.4152
8619,Affluent Frequent,Northeast,treatment,119,0.832
8620,Mainstream,Midwest,treatment,98,0.4815
8621,Budget Occasional,Northeast,control,109,2.7849
8622,Dormant Reactivation,West,treatment,52,0.7397
8623,Mainstream,Midwest,control,89,0.6562
8624,Dormant Reactivation,Southwest,treatment,103,0.4919
8625,Budget Occasional,Southwest,treatment,102,1.6488
8626,Mainstream,Midwest,treatment,81,1.2634
8627,Dormant Reactivation,West,control,117,1.603
8628,Digital Native,West,treatment,10,0.8772
8629,Digital Native,Midwest,treatment,51,1.2866
8630,Mainstream,Southwest,control,100,0.6273
8631,Budget Occasional,Midwest,treatment,28,1.3215
8632,Affluent Frequent,Southeast,control,57,0.58
8633,Dormant Reactivation,Southeast,control,42,0.6484
8634,Affluent Frequent,Northeast,treatment,7,1.341
8635,Digital Native,Midwest,treatment,94,1.2612
8636,Affluent Frequent,Southeast,treatment,102,0.6347
8637,Dormant Reactivation,Southeast,treatment,82,1.6837
8638,Mainstream,Southeast,treatment,34,0.2216
8639,Digital Native,Northeast,treatment,39,0.4908
8640,Affluent Frequent,West,treatment,40,0.8411
8641,Mainstream,Southeast,control,104,0.6676
8642,Mainstream,Southwest,control,7,0.9546
8643,Budget Occasional,West,control,43,0.9791
8644,Affluent Frequent,Southeast,treatment,92,0.7451
8645,Mainstream,West,treatment,65,0.3958
8646,Budget Occasional,Southwest,control,12,1.1637
8647,Dormant Reactivation,Northeast,control,20,0.5409
8648,Digital Native,Midwest,control,105,0.4472
8649,Dormant Reactivation,West,treatment,61,0.7718
8650,Dormant Reactivation,Midwest,control,70,0.6204
8651,Mainstream,Northeast,treatment,49,1.1657
8652,Mainstream,West,treatment,57,1.0423
8653,Budget Occasional,Southeast,treatment,12,1.2654
8654,Mainstream,Midwest,control,67,0.6957
8655,Mainstream,West,treatment,13,1.1257
8656,Mainstream,Midwest,control,12,1.4761
8657,Digital Native,Midwest,treatment,100,1.2546
8658,Budget Occasional,West,control,50,0.4433
8659,Budget Occasional,Southeast,control,114,1.3733
8660,Digital Native,Midwest,control,114,0.8625
8661,Budget Occasional,Northeast,control,5,1.3221
8662,Budget Occasional,Northeast,treatment,109,1.0186
8663,Digital Native,Northeast,treatment,79,0.8486
8664,Mainstream,Southwest,control,109,0.2105
8665,Mainstream,Southeast,treatment,110,0.5879
8666,Mainstream,Midwest,treatment,23,0.8536
8667,Digital Native,Southeast,control,10,0.4696
8668,Mainstream,West,control,80,1.749
8669,Budget Occasional,Northeast,control,46,2.1852
8670,Digital Native,Midwest,control,65,1.0705
8671,Digital Native,Southeast,control,31,0.9624
8672,Mainstream,Southeast,control,6,0.6151
8673,Mainstream,Southeast,control,95,0.8657
8674,Affluent Frequent,West,treatment,24,1.2905
8675,Digital Native,West,treatment,58,1.3059
8676,Mainstream,West,treatment,72,0.7231
8677,Dormant Reactivation,Southwest,control,87,1.1239
8678,Mainstream,Midwest,treatment,106,0.5872
8679,Affluent Frequent,Southeast,treatment,63,0.6853
8680,Dormant Reactivation,Southeast,control,60,0.7972
8681,Mainstream,Southeast,control,32,1.7103
8682,Mainstream,West,control,75,0.658
8683,Mainstream,Southwest,control,100,1.2279
8684,Affluent Frequent,Northeast,control,115,1.4227
8685,Mainstream,Southeast,treatment,90,2.1009
8686,Budget Occasional,West,control,107,1.1792
8687,Budget Occasional,Southwest,treatment,55,2.4276
8688,Mainstream,West,treatment,22,1.7001
8689,Dormant Reactivation,West,treatment,108,0.5683
8690,Affluent Frequent,Northeast,control,117,1.6222
8691,Digital Native,Southeast,treatment,68,1.7354
8692,Affluent Frequent,West,treatment,24,0.8066
8693,Mainstream,West,treatment,11,0.7376
8694,Budget Occasional,Northeast,control,50,0.3798
8695,Budget Occasional,Midwest,control,42,1.3861
8696,Affluent Frequent,Midwest,treatment,63,1.0503
8697,Digital Native,Southeast,treatment,55,1.2921
8698,Budget Occasional,West,treatment,36,1.197
8699,Digital Native,West,treatment,114,0.8183
8700,Mainstream,Midwest,control,13,1.0687
8701,Dormant Reactivation,Midwest,treatment,112,0.4786
8702,Budget Occasional,West,control,18,1.7407
8703,Mainstream,Southeast,control,70,0.2187
8704,Budget Occasional,West,control,32,0.5125
8705,Digital Native,Southwest,control,99,1.633
8706,Budget Occasional,Southeast,control,85,1.1757
8707,Digital Native,Midwest,treatment,24,1.313
8708,Budget Occasional,Midwest,control,24,0.5695
8709,Digital Native,West,control,28,0.8384
8710,Dormant Reactivation,Midwest,treatment,108,0.1556
8711,Affluent Frequent,Midwest,control,92,1.1379
8712,Affluent Frequent,Midwest,treatment,21,0.6582
8713,Mainstream,Southeast,treatment,106,1.4199
8714,Dormant Reactivation,Southeast,control,113,1.4502
8715,Digital Native,Southeast,treatment,42,1.5594
8716,Digital Native,Midwest,treatment,28,0.5643
8717,Digital Native,Southwest,treatment,106,0.7982
8718,Mainstream,Southeast,control,30,1.5141
8719,Budget Occasional,Northeast,control,51,0.944
8720,Mainstream,Southwest,control,81,0.614
8721,Mainstream,Northeast,treatment,101,0.5086
8722,Mainstream,West,control,98,1.6077
8723,Digital Native,West,control,53,2.1534
8724,Dormant Reactivation,Midwest,control,112,1.1406
8725,Mainstream,West,treatment,103,0.4636
8726,Dormant Reactivation,Southeast,treatment,12,1.2318
8727,Dormant Reactivation,Southeast,treatment,75,0.456
8728,Mainstream,Midwest,control,117,0.9473
8729,Affluent Frequent,Northeast,control,18,1.7288
8730,Dormant Reactivation,Midwest,control,57,0.3727
8731,Mainstream,West,control,5,0.7559
8732,Budget Occasional,Northeast,control,77,0.9128
8733,Mainstream,Southeast,treatment,52,0.433
8734,Mainstream,Southeast,control,119,1.7749
8735,Digital Native,Midwest,control,77,0.7466
8736,Dormant Reactivation,Northeast,treatment,77,0.5855
8737,Budget Occasional,Southeast,control,86,0.7181
8738,Dormant Reactivation,Southeast,control,26,1.5545
8739,Mainstream,Southeast,control,78,0.8666
8740,Mainstream,West,control,16,0.8213
8741,Digital Native,Southeast,treatment,119,0.2216
8742,Mainstream,Northeast,treatment,21,1.1938
8743,Mainstream,Southeast,control,104,0.7829
8744,Affluent Frequent,Southwest,treatment,109,1.123
8745,Budget Occasional,Southwest,control,90,1.6906
8746,Mainstream,Northeast,treatment,22,2.8834
8747,Dormant Reactivation,Southeast,control,38,1.235
8748,Mainstream,Midwest,treatment,23,1.2053
8749,Budget Occasional,Northeast,control,74,2.2706
8750,Digital Native,Northeast,treatment,4,1.8712
8751,Dormant Reactivation,Northeast,control,40,1.16
8752,Budget Occasional,Southwest,control,47,0.5207
8753,Budget Occasional,Southwest,control,59,0.6947
8754,Digital Native,West,control,72,1.0986
8755,Affluent Frequent,Northeast,control,7,1.7123
8756,Digital Native,West,control,26,0.4583
8757,Budget Occasional,Northeast,treatment,27,0.9739
8758,Budget Occasional,Midwest,control,17,1.396
8759,Budget Occasional,West,control,115,0.507
8760,Budget Occasional,West,treatment,89,1.0693
8761,Mainstream,Midwest,control,91,1.4501
8762,Budget Occasional,Southeast,treatment,31,0.6399
8763,Dormant Reactivation,Midwest,control,40,1.7987
8764,Affluent Frequent,Southwest,control,52,0.737
8765,Mainstream,Northeast,treatment,40,0.9469
8766,Budget Occasional,Southwest,control,55,1.0071
8767,Budget Occasional,Southeast,control,91,0.6064
8768,Budget Occasional,West,treatment,81,0.5849
8769,Affluent Frequent,Southeast,control,60,0.944
8770,Digital Native,Southeast,treatment,33,1.0535
8771,Mainstream,Southeast,control,61,0.7956
8772,Digital Native,Southeast,control,42,1.5873
8773,Digital Native,Midwest,control,100,0.372
8774,Mainstream,Northeast,treatment,9,1.0348
8775,Mainstream,West,control,10,1.4615
8776,Budget Occasional,Northeast,treatment,82,0.8173
8777,Budget Occasional,Midwest,control,15,1.1872
8778,Budget Occasional,Southeast,control,26,1.0186
8779,Affluent Frequent,Midwest,treatment,105,0.4994
8780,Affluent Frequent,Southeast,control,92,0.7079
8781,Digital Native,Northeast,control,7,1.146
8782,Affluent Frequent,Southeast,treatment,82,1.1364
8783,Dormant Reactivation,Northeast,treatment,69,0.7291
8784,Dormant Reactivation,Southeast,control,21,1.9753
8785,Digital Native,West,control,60,0.6533
8786,Affluent Frequent,Midwest,treatment,81,1.5504
8787,Budget Occasional,West,control,9,0.4922
8788,Mainstream,Southeast,control,116,0.3412
8789,Mainstream,West,control,50,1.6173
8790,Mainstream,Southwest,control,30,1.1671
8791,Digital Native,Southeast,control,63,0.757
8792,Affluent Frequent,Southwest,control,15,0.5484
8793,Budget Occasional,Southeast,control,85,1.3579
8794,Dormant Reactivation,Northeast,control,82,1.9575
8795,Budget Occasional,Southeast,treatment,27,0.1422
8796,Mainstream,Southeast,treatment,112,0.7078
8797,Affluent Frequent,Southeast,treatment,5,1.215
8798,Mainstream,Midwest,control,50,0.7814
8799,Affluent Frequent,Midwest,control,90,1.2005
8800,Affluent Frequent,West,treatment,53,0.7553
8801,Digital Native,Southeast,control,69,1.0822
8802,Budget Occasional,Northeast,control,3,0.4587
8803,Dormant Reactivation,Southeast,treatment,79,0.3391
8804,Digital Native,Northeast,control,52,1.6284
8805,Mainstream,West,control,106,1.0692
8806,Mainstream,Southeast,control,99,0.7442
8807,Affluent Frequent,Northeast,treatment,87,1.1853
8808,Affluent Frequent,West,treatment,43,0.8875
8809,Dormant Reactivation,Midwest,treatment,50,0.3864
8810,Mainstream,Midwest,control,24,0.3186
8811,Dormant Reactivation,Northeast,treatment,82,1.6232
8812,Dormant Reactivation,Southeast,treatment,67,1.3548
8813,Budget Occasional,West,control,24,0.4149
8814,Mainstream,Northeast,control,58,0.8226
8815,Mainstream,West,control,46,0.614
8816,Affluent Frequent,West,control,88,2.3283
8817,Dormant Reactivation,West,treatment,81,0.343
8818,Budget Occasional,Southeast,control,38,1.0299
8819,Affluent Frequent,Midwest,control,73,0.6866
8820,Mainstream,Northeast,control,95,0.7942
8821,Mainstream,Southeast,control,20,1.0707
8822,Mainstream,Southeast,treatment,78,0.5205
8823,Affluent Frequent,Midwest,control,94,1.2209
8824,Digital Native,West,control,111,0.7246
8825,Affluent Frequent,Northeast,control,29,1.8935
8826,Mainstream,Northeast,control,22,1.3905
8827,Budget Occasional,West,control,111,0.6416
8828,Digital Native,Midwest,treatment,104,0.5439
8829,Mainstream,Midwest,treatment,32,0.6362
8830,Budget Occasional,Northeast,treatment,114,1.3413
8831,Mainstream,Southwest,control,22,1.3219
8832,Budget Occasional,Midwest,treatment,89,1.6046
8833,Digital Native,West,treatment,60,1.4879
8834,Digital Native,Northeast,control,78,3.4071
8835,Affluent Frequent,Southeast,control,83,0.1895
8836,Mainstream,West,treatment,38,1.2046
8837,Mainstream,West,treatment,72,0.3301
8838,Dormant Reactivation,Northeast,control,108,1.4821
8839,Digital Native,West,control,4,0.9358
8840,Budget Occasional,Northeast,treatment,73,0.3989
8841,Mainstream,Northeast,control,6,0.3743
8842,Affluent Frequent,Southwest,treatment,24,0.7263
8843,Digital Native,Southwest,control,51,0.6314
8844,Digital Native,West,control,3,1.1396
8845,Dormant Reactivation,Midwest,treatment,95,0.9399
8846,Mainstream,Southeast,treatment,101,0.7265
8847,Affluent Frequent,Midwest,treatment,51,0.6301
8848,Budget Occasional,Southwest,control,101,0.9367
8849,Affluent Frequent,Northeast,control,44,1.0978
8850,Mainstream,Southeast,treatment,13,0.6054
8851,Dormant Reactivation,West,treatment,88,0.241
8852,Digital Native,Northeast,treatment,106,0.7173
8853,Mainstream,Southwest,control,33,1.2794
8854,Mainstream,Midwest,treatment,9,1.6207
8855,Dormant Reactivation,West,treatment,100,0.9153
8856,Affluent Frequent,Northeast,control,27,1.2379
8857,Mainstream,Northeast,control,16,1.1312
8858,Affluent Frequent,West,treatment,105,0.4584
8859,Mainstream,West,control,64,0.8705
8860,Dormant Reactivation,Midwest,control,104,0.519
8861,Affluent Frequent,Midwest,control,36,1.6061
8862,Mainstream,Midwest,treatment,44,1.1794
8863,Mainstream,Midwest,treatment,110,0.5524
8864,Mainstream,Northeast,control,41,0.6754
8865,Budget Occasional,Midwest,treatment,87,1.7799
8866,Digital Native,West,control,12,1.1138
8867,Mainstream,Southwest,treatment,44,1.3816
8868,Budget Occasional,Northeast,treatment,71,1.1109
8869,Digital Native,Midwest,control,38,0.631
8870,Mainstream,Midwest,treatment,6,1.2139
8871,Budget Occasional,Southwest,control,97,0.6063
8872,Mainstream,Southeast,control,73,0.7854
8873,Mainstream,Southwest,treatment,102,1.1624
8874,Affluent Frequent,Midwest,treatment,72,0.2458
8875,Dormant Reactivation,Southeast,treatment,106,0.5553
8876,Dormant Reactivation,Northeast,control,51,0.3797
8877,Affluent Frequent,Southwest,control,118,1.392
8878,Digital Native,Midwest,treatment,28,1.3652
8879,Affluent Frequent,West,control,98,0.8531
8880,Affluent Frequent,Southeast,treatment,114,2.1843
8881,Budget Occasional,Southwest,control,38,1.1308
8882,Digital Native,Southeast,control,103,0.9635
8883,Digital Native,Southeast,control,23,0.5535
8884,Dormant Reactivation,Northeast,control,26,0.6319
8885,Mainstream,Northeast,treatment,89,1.349
8886,Dormant Reactivation,Southeast,treatment,12,0.7573
8887,Budget Occasional,West,treatment,113,2.0368
8888,Budget Occasional,Midwest,treatment,93,0.8715
8889,Mainstream,Southwest,treatment,29,0.8964
8890,Mainstream,West,control,32,0.8142
8891,Budget Occasional,Southeast,control,46,0.5255
8892,Mainstream,Northeast,treatment,60,2.0046
8893,Dormant Reactivation,Northeast,treatment,114,1.1068
8894,Dormant Reactivation,Southeast,control,52,0.9625
8895,Mainstream,Southwest,control,54,1.6137
8896,Affluent Frequent,Southeast,treatment,83,1.1581
8897,Budget Occasional,Northeast,control,25,1.1474
8898,Mainstream,Northeast,treatment,49,1.3692
8899,Affluent Frequent,West,control,38,1.4396
8900,Affluent Frequent,Southeast,control,100,1.437
8901,Affluent Frequent,Southeast,control,89,1.438
8902,Digital Native,Midwest,control,65,0.7296
8903,Mainstream,Southeast,control,59,1.5698
8904,Affluent Frequent,Northeast,treatment,80,0.8468
8905,Budget Occasional,Midwest,control,93,1.3016
8906,Mainstream,Midwest,control,35,0.4351
8907,Dormant Reactivation,Midwest,treatment,53,1.0382
8908,Affluent Frequent,Southeast,treatment,15,0.5439
8909,Mainstream,Southeast,treatment,102,0.8143
8910,Budget Occasional,Northeast,control,41,1.056
8911,Budget Occasional,West,control,35,0.892
8912,Budget Occasional,Northeast,treatment,65,0.9262
8913,Mainstream,West,control,17,0.9133
8914,Mainstream,West,treatment,8,1.667
8915,Budget Occasional,West,treatment,51,0.8982
8916,Budget Occasional,Northeast,treatment,76,0.9981
8917,Digital Native,West,treatment,100,0.3909
8918,Digital Native,Northeast,treatment,29,2.1233
8919,Dormant Reactivation,Southwest,treatment,16,1.2028
8920,Dormant Reactivation,Midwest,control,88,1.0241
8921,Mainstream,Midwest,treatment,96,1.9496
8922,Digital Native,Midwest,control,15,1.2101
8923,Digital Native,Northeast,treatment,14,0.6512
8924,Budget Occasional,Midwest,control,106,0.9861
8925,Mainstream,Northeast,treatment,80,0.518
8926,Mainstream,Northeast,treatment,99,0.824
8927,Mainstream,Midwest,treatment,67,0.9023
8928,Digital Native,Southeast,control,67,1.0375
8929,Dormant Reactivation,Northeast,treatment,7,0.6628
8930,Budget Occasional,Southeast,treatment,52,1.2065
8931,Mainstream,Northeast,treatment,104,0.4875
8932,Budget Occasional,Midwest,control,94,0.7926
8933,Dormant Reactivation,Southeast,control,79,0.5009
8934,Mainstream,Southeast,treatment,47,1.6071
8935,Affluent Frequent,Southeast,treatment,60,1.2178
8936,Mainstream,Southeast,treatment,10,0.6499
8937,Budget Occasional,Midwest,control,59,0.1881
8938,Affluent Frequent,Southeast,treatment,83,0.5603
8939,Mainstream,West,control,26,0.3466
8940,Mainstream,Northeast,control,17,1.0636
8941,Mainstream,Southeast,treatment,41,1.1758
8942,Budget Occasional,Southeast,control,102,0.4693
8943,Mainstream,Southwest,treatment,18,1.4809
8944,Mainstream,Southeast,treatment,72,1.7441
8945,Affluent Frequent,Southwest,treatment,104,0.5035
8946,Dormant Reactivation,Midwest,treatment,24,1.6754
8947,Mainstream,Northeast,control,101,1.5285
8948,Digital Native,Midwest,control,71,0.4112
8949,Mainstream,Northeast,control,41,0.4562
8950,Affluent Frequent,Southwest,control,108,0.7017
8951,Mainstream,Southwest,treatment,120,0.9036
8952,Budget Occasional,West,treatment,67,1.3252
8953,Mainstream,West,control,10,0.965
8954,Affluent Frequent,Midwest,control,95,0.8133
8955,Budget Occasional,Southeast,control,79,0.3503
8956,Digital Native,West,control,105,0.5744
8957,Mainstream,West,control,43,3.0546
8958,Affluent Frequent,Northeast,treatment,86,0.6135
8959,Budget Occasional,Midwest,treatment,32,0.5461
8960,Mainstream,West,control,67,1.0243
8961,Dormant Reactivation,Midwest,control,26,1.0751
8962,Budget Occasional,West,control,27,1.2812
8963,Mainstream,Northeast,treatment,53,0.677
8964,Digital Native,West,treatment,17,1.5219
8965,Digital Native,Southeast,treatment,45,0.4895
8966,Digital Native,Midwest,control,66,1.5432
8967,Mainstream,West,treatment,9,0.5749
8968,Mainstream,Southeast,control,14,0.3485
8969,Budget Occasional,West,treatment,69,0.6761
8970,Affluent Frequent,Southeast,control,13,0.7362
8971,Mainstream,Northeast,treatment,106,1.2201
8972,Affluent Frequent,West,control,41,1.8784
8973,Mainstream,Northeast,treatment,12,0.9078
8974,Mainstream,Midwest,treatment,3,0.8628
8975,Digital Native,Northeast,control,106,0.6944
8976,Affluent Frequent,Northeast,treatment,19,1.0761
8977,Budget Occasional,Midwest,treatment,14,2.1439
8978,Dormant Reactivation,Southwest,control,70,0.7648
8979,Mainstream,Midwest,control,118,1.3774
8980,Budget Occasional,Southeast,treatment,77,0.8806
8981,Dormant Reactivation,Southeast,treatment,85,1.8548
8982,Affluent Frequent,Midwest,treatment,8,0.3607
8983,Budget Occasional,Northeast,control,73,1.4672
8984,Mainstream,West,treatment,44,1.1168
8985,Mainstream,Northeast,treatment,7,0.3348
8986,Budget Occasional,West,treatment,20,1.3001
8987,Dormant Reactivation,West,treatment,102,0.6732
8988,Mainstream,West,treatment,116,0.8691
8989,Affluent Frequent,Northeast,control,99,0.9841
8990,Budget Occasional,Southeast,treatment,80,1.3747
8991,Dormant Reactivation,Northeast,control,6,0.88
8992,Affluent Frequent,West,control,103,1.1275
8993,Affluent Frequent,Southeast,control,77,0.4635
8994,Dormant Reactivation,Midwest,treatment,4,0.8443
8995,Budget Occasional,West,control,39,0.1735
8996,Digital Native,West,treatment,5,1.8227
8997,Budget Occasional,Northeast,control,35,1.1365
8998,Mainstream,Southeast,treatment,31,1.0093
8999,Budget Occasional,Midwest,treatment,73,1.136
9000,Mainstream,Northeast,treatment,8,0.637
9001,Digital Native,West,control,108,0.6202
9002,Dormant Reactivation,West,treatment,3,1.3431
9003,Digital Native,West,treatment,3,0.5419
9004,Budget Occasional,West,control,84,0.6994
9005,Mainstream,Northeast,control,61,0.8442
9006,Digital Native,Southeast,treatment,78,0.9134
9007,Mainstream,Southwest,treatment,86,1.7071
9008,Budget Occasional,West,treatment,3,0.7809
9009,Mainstream,Northeast,treatment,47,0.9273
9010,Affluent Frequent,Midwest,treatment,113,0.5027
9011,Digital Native,West,control,95,0.6675
9012,Budget Occasional,Northeast,control,81,0.5431
9013,Mainstream,West,control,115,1.1557
9014,Dormant Reactivation,West,treatment,17,0.8099
9015,Mainstream,West,control,62,0.85
9016,Affluent Frequent,West,control,118,1.0492
9017,Affluent Frequent,Southwest,control,81,0.9435
9018,Budget Occasional,Southeast,treatment,27,1.2815
9019,Affluent Frequent,Northeast,treatment,98,0.1914
9020,Budget Occasional,Midwest,treatment,67,1.3782
9021,Affluent Frequent,Southeast,treatment,78,0.7944
9022,Digital Native,Southeast,control,118,0.4578
9023,Mainstream,Southwest,control,87,0.6073
9024,Dormant Reactivation,Northeast,treatment,22,0.5749
9025,Budget Occasional,Southwest,control,5,1.2916
9026,Budget Occasional,West,control,55,1.2944
9027,Dormant Reactivation,Southeast,treatment,91,0.8034
9028,Budget Occasional,West,treatment,77,0.3094
9029,Mainstream,Southwest,treatment,95,0.9091
9030,Mainstream,West,treatment,50,0.886
9031,Mainstream,Southeast,treatment,66,0.673
9032,Mainstream,West,control,85,0.7522
9033,Dormant Reactivation,Midwest,treatment,116,0.9723
9034,Budget Occasional,Northeast,control,51,1.0539
9035,Mainstream,Southwest,treatment,5,0.6258
9036,Affluent Frequent,West,control,12,0.8142
9037,Budget Occasional,Southeast,treatment,13,1.2544
9038,Digital Native,Southeast,treatment,89,1.8974
9039,Mainstream,Midwest,control,60,0.9015
9040,Dormant Reactivation,Southeast,treatment,16,1.3772
9041,Mainstream,Midwest,control,54,1.1035
9042,Digital Native,Northeast,control,30,0.4959
9043,Affluent Frequent,Midwest,treatment,4,0.728
9044,Affluent Frequent,Midwest,treatment,97,0.6469
9045,Mainstream,Midwest,treatment,94,0.6057
9046,Mainstream,West,control,94,0.4993
9047,Dormant Reactivation,Northeast,control,17,0.6985
9048,Budget Occasional,Midwest,treatment,27,0.4387
9049,Affluent Frequent,Midwest,treatment,43,1.5072
9050,Budget Occasional,Southeast,treatment,60,0.6998
9051,Mainstream,Southeast,control,27,0.6667
9052,Dormant Reactivation,Southwest,treatment,28,0.8371
9053,Budget Occasional,West,control,84,0.4698
9054,Mainstream,Northeast,control,99,1.8941
9055,Affluent Frequent,West,control,11,1.1271
9056,Digital Native,Northeast,treatment,47,1.1181
9057,Budget Occasional,Southwest,control,12,0.6841
9058,Digital Native,Southeast,treatment,117,0.9047
9059,Mainstream,Southeast,treatment,26,0.997
9060,Dormant Reactivation,West,treatment,66,0.317
9061,Mainstream,Northeast,treatment,74,0.6177
9062,Digital Native,West,control,66,0.9357
9063,Mainstream,Southeast,control,37,0.7006
9064,Mainstream,West,treatment,27,1.0286
9065,Mainstream,Southeast,treatment,111,0.7975
9066,Dormant Reactivation,Southeast,control,107,1.5571
9067,Affluent Frequent,Northeast,treatment,79,0.9451
9068,Digital Native,Southeast,treatment,50,0.5222
9069,Affluent Frequent,Northeast,control,36,0.2522
9070,Budget Occasional,Northeast,treatment,6,1.7664
9071,Affluent Frequent,Northeast,treatment,105,1.3891
9072,Affluent Frequent,West,treatment,32,0.7843
9073,Affluent Frequent,Southeast,treatment,110,0.7344
9074,Budget Occasional,West,control,61,1.0119
9075,Dormant Reactivation,West,control,112,1.0613
9076,Affluent Frequent,Midwest,control,98,0.5866
9077,Budget Occasional,Midwest,treatment,13,0.6906
9078,Mainstream,Midwest,control,6,0.2324
9079,Budget Occasional,Midwest,treatment,5,1.3742
9080,Digital Native,West,control,35,0.7424
9081,Mainstream,West,control,97,1.054
9082,Budget Occasional,Northeast,treatment,74,0.8423
9083,Mainstream,West,treatment,97,0.5983
9084,Digital Native,Midwest,control,47,0.3793
9085,Dormant Reactivation,Northeast,control,117,1.6332
9086,Digital Native,Southeast,control,6,1.2579
9087,Dormant Reactivation,Southeast,treatment,72,0.3441
9088,Affluent Frequent,Southeast,treatment,73,0.7162
9089,Budget Occasional,Southwest,control,52,1.5324
9090,Affluent Frequent,Midwest,treatment,64,0.6655
9091,Mainstream,Southeast,control,82,0.9288
9092,Mainstream,West,treatment,88,0.8682
9093,Affluent Frequent,West,treatment,12,1.7183
9094,Affluent Frequent,West,control,32,1.6461
9095,Dormant Reactivation,Midwest,treatment,42,1.5819
9096,Mainstream,West,treatment,76,0.8443
9097,Digital Native,West,control,110,0.5568
9098,Mainstream,Northeast,control,25,0.9634
9099,Budget Occasional,Southeast,treatment,27,0.8849
9100,Mainstream,West,treatment,101,0.8211
9101,Affluent Frequent,Southeast,treatment,82,0.9616
9102,Dormant Reactivation,Southeast,control,83,1.5348
9103,Digital Native,Southeast,treatment,44,1.1307
9104,Mainstream,West,treatment,64,1.0859
9105,Dormant Reactivation,Southeast,treatment,60,0.9212
9106,Affluent Frequent,Northeast,treatment,36,0.554
9107,Digital Native,Midwest,control,70,0.9429
9108,Digital Native,Northeast,treatment,97,1.5665
9109,Mainstream,Southwest,treatment,76,1.9118
9110,Affluent Frequent,Northeast,treatment,69,1.3431
9111,Affluent Frequent,Northeast,treatment,78,0.592
9112,Mainstream,Northeast,treatment,14,1.4074
9113,Digital Native,Northeast,control,65,0.4271
9114,Affluent Frequent,Midwest,control,67,0.9471
9115,Affluent Frequent,Northeast,treatment,64,0.7599
9116,Digital Native,West,control,35,0.7272
9117,Budget Occasional,Southeast,control,85,1.0781
9118,Digital Native,West,treatment,74,2.0327
9119,Mainstream,Southwest,treatment,10,0.0525
9120,Digital Native,Midwest,control,42,0.8885
9121,Budget Occasional,West,treatment,84,0.3565
9122,Mainstream,Southwest,treatment,12,0.8069
9123,Affluent Frequent,Southwest,control,20,0.6759
9124,Budget Occasional,West,control,98,1.9644
9125,Digital Native,West,treatment,16,1.8549
9126,Budget Occasional,Northeast,control,19,1.4398
9127,Dormant Reactivation,West,control,74,0.899
9128,Mainstream,West,treatment,110,0.9137
9129,Dormant Reactivation,Midwest,treatment,113,1.0176
9130,Mainstream,Northeast,treatment,110,2.9178
9131,Budget Occasional,West,treatment,18,2.0698
9132,Affluent Frequent,West,control,37,0.5143
9133,Mainstream,Northeast,control,43,0.9076
9134,Budget Occasional,Southeast,control,76,0.6646
9135,Digital Native,Midwest,control,64,1.5097
9136,Mainstream,Midwest,treatment,102,0.7874
9137,Mainstream,West,treatment,67,0.7898
9138,Affluent Frequent,Northeast,control,89,1.3835
9139,Digital Native,Southeast,control,23,0.6712
9140,Affluent Frequent,Midwest,treatment,119,0.7763
9141,Affluent Frequent,West,control,84,1.957
9142,Dormant Reactivation,Northeast,treatment,105,0.7301
9143,Mainstream,Northeast,treatment,40,0.6186
9144,Budget Occasional,Northeast,treatment,5,1.3137
9145,Mainstream,Southeast,treatment,4,0.977
9146,Budget Occasional,Northeast,control,72,1.0291
9147,Affluent Frequent,Northeast,treatment,69,1.221
9148,Digital Native,Northeast,control,49,1.4696
9149,Budget Occasional,West,treatment,77,0.8119
9150,Mainstream,Southeast,treatment,56,0.7439
9151,Budget Occasional,Southwest,control,54,0.387
9152,Mainstream,Southeast,treatment,90,1.1457
9153,Mainstream,Southeast,treatment,62,0.8288
9154,Affluent Frequent,Southeast,treatment,4,1.444
9155,Mainstream,Southeast,treatment,11,1.8525
9156,Dormant Reactivation,Southwest,treatment,28,0.9532
9157,Mainstream,Midwest,treatment,10,2.099
9158,Budget Occasional,Southeast,control,37,1.4286
9159,Dormant Reactivation,Southeast,control,19,2.2756
9160,Mainstream,Northeast,control,3,0.3886
9161,Budget Occasional,Midwest,treatment,32,1.0577
9162,Dormant Reactivation,West,control,34,0.8081
9163,Mainstream,West,control,36,1.0779
9164,Dormant Reactivation,Northeast,control,112,0.6141
9165,Dormant Reactivation,Southwest,treatment,108,0.6949
9166,Digital Native,Midwest,control,48,1.2685
9167,Mainstream,Southeast,treatment,25,0.7973
9168,Digital Native,Southeast,control,32,0.7584
9169,Budget Occasional,West,treatment,80,0.8689
9170,Digital Native,Midwest,control,79,1.8684
9171,Dormant Reactivation,West,control,23,1.3019
9172,Affluent Frequent,Midwest,control,91,0.8296
9173,Affluent Frequent,Southeast,treatment,101,0.3871
9174,Budget Occasional,West,control,90,1.3352
9175,Digital Native,Midwest,treatment,34,1.2185
9176,Budget Occasional,West,control,48,0.7573
9177,Budget Occasional,Southeast,control,52,0.6316
9178,Mainstream,Northeast,treatment,86,1.6716
9179,Affluent Frequent,Northeast,treatment,37,1.0065
9180,Mainstream,West,treatment,46,0.4894
9181,Budget Occasional,Northeast,treatment,32,0.4246
9182,Digital Native,West,control,29,0.8532
9183,Dormant Reactivation,Northeast,control,58,0.6991
9184,Digital Native,Northeast,treatment,18,1.5409
9185,Budget Occasional,Midwest,treatment,39,1.0057
9186,Mainstream,West,treatment,104,0.9945
9187,Mainstream,Southeast,treatment,44,1.0845
9188,Digital Native,Northeast,treatment,9,0.3859
9189,Mainstream,Southeast,control,101,0.4035
9190,Budget Occasional,Southwest,treatment,11,0.9062
9191,Affluent Frequent,Southwest,treatment,4,0.8804
9192,Affluent Frequent,Southeast,treatment,47,0.287
9193,Mainstream,Southeast,control,26,0.583
9194,Mainstream,Northeast,control,24,0.7635
9195,Mainstream,West,control,56,2.0228
9196,Affluent Frequent,Midwest,control,45,0.4812
9197,Digital Native,Southeast,treatment,15,0.7916
9198,Dormant Reactivation,Southwest,control,12,1.0481
9199,Mainstream,Northeast,control,38,1.5333
9200,Digital Native,Southeast,control,33,0.9079
9201,Budget Occasional,Southeast,treatment,32,2.3897
9202,Affluent Frequent,Southeast,treatment,111,0.7616
9203,Affluent Frequent,Southeast,control,67,1.1706
9204,Affluent Frequent,Northeast,treatment,58,1.0855
9205,Dormant Reactivation,West,treatment,56,0.6177
9206,Mainstream,West,control,73,1.2734
9207,Budget Occasional,Northeast,control,120,0.5187
9208,Mainstream,Midwest,treatment,72,2.0653
9209,Mainstream,Northeast,treatment,47,1.2109
9210,Budget Occasional,Midwest,control,50,1.2782
9211,Dormant Reactivation,West,control,15,0.5934
9212,Budget Occasional,Southeast,control,68,1.5447
9213,Mainstream,Midwest,treatment,13,0.55
9214,Digital Native,Southeast,treatment,25,0.4373
9215,Mainstream,Southeast,treatment,31,1.0174
9216,Digital Native,Midwest,treatment,118,1.9507
9217,Dormant Reactivation,Southeast,treatment,6,0.5125
9218,Dormant Reactivation,West,control,10,0.73
9219,Affluent Frequent,Southeast,control,12,1.7149
9220,Mainstream,Southwest,control,91,1.0206
9221,Budget Occasional,Southwest,treatment,15,1.1093
9222,Budget Occasional,Southwest,control,20,1.7645
9223,Mainstream,Northeast,control,42,0.6215
9224,Affluent Frequent,Southeast,treatment,64,1.5961
9225,Budget Occasional,Southwest,control,109,0.9476
9226,Affluent Frequent,Southeast,control,98,0.5098
9227,Digital Native,West,treatment,115,1.1325
9228,Mainstream,Southeast,control,31,1.5559
9229,Mainstream,Southeast,treatment,50,1.3267
9230,Budget Occasional,Northeast,treatment,84,1.2498
9231,Mainstream,West,control,52,0.9182
9232,Mainstream,Midwest,treatment,78,0.6954
9233,Dormant Reactivation,Midwest,control,63,2.0429
9234,Budget Occasional,Southeast,control,67,2.0933
9235,Mainstream,Southeast,control,47,0.6858
9236,Affluent Frequent,Northeast,control,114,0.4973
9237,Digital Native,Southeast,control,111,0.4878
9238,Mainstream,Southwest,treatment,21,0.7885
9239,Budget Occasional,Southeast,treatment,74,1.0119
9240,Digital Native,Midwest,treatment,30,0.9919
9241,Digital Native,Northeast,control,90,1.2751
9242,Affluent Frequent,Northeast,treatment,52,1.2032
9243,Dormant Reactivation,West,treatment,23,0.9335
9244,Dormant Reactivation,West,control,37,0.503
9245,Mainstream,Midwest,control,5,1.4471
9246,Affluent Frequent,Southeast,treatment,101,1.6686
9247,Affluent Frequent,Northeast,control,115,0.8201
9248,Mainstream,West,treatment,100,1.725
9249,Mainstream,West,treatment,55,1.8392
9250,Affluent Frequent,Midwest,control,106,2.039
9251,Mainstream,Midwest,treatment,118,1.405
9252,Digital Native,Southwest,treatment,83,0.1708
9253,Affluent Frequent,Southeast,treatment,41,0.875
9254,Budget Occasional,Midwest,control,67,0.9833
9255,Digital Native,Northeast,treatment,91,1.1502
9256,Mainstream,Southeast,treatment,103,1.108
9257,Digital Native,Southwest,treatment,38,0.455
9258,Budget Occasional,Southwest,control,17,0.4186
9259,Mainstream,Midwest,control,92,0.9357
9260,Digital Native,Southwest,treatment,93,0.8313
9261,Mainstream,Northeast,control,34,1.2607
9262,Affluent Frequent,Southwest,treatment,23,0.5411
9263,Budget Occasional,Southeast,control,9,2.465
9264,Digital Native,Northeast,treatment,110,1.2044
9265,Digital Native,Southeast,control,94,0.5322
9266,Affluent Frequent,Northeast,treatment,82,0.9139
9267,Digital Native,Southeast,control,46,1.3434
9268,Affluent Frequent,Northeast,control,99,1.114
9269,Mainstream,Northeast,control,103,0.6079
9270,Affluent Frequent,Northeast,treatment,34,0.7147
9271,Mainstream,Midwest,control,92,1.2588
9272,Budget Occasional,West,control,69,1.2193
9273,Budget Occasional,Midwest,treatment,10,0.75
9274,Dormant Reactivation,Southwest,treatment,10,1.0666
9275,Affluent Frequent,Southwest,control,77,1.181
9276,Mainstream,Southwest,control,119,0.8595
9277,Digital Native,Southeast,treatment,93,0.9353
9278,Budget Occasional,Southeast,treatment,55,0.6047
9279,Budget Occasional,Northeast,control,65,0.9671
9280,Dormant Reactivation,Southeast,treatment,9,1.52
9281,Affluent Frequent,West,treatment,85,1.4347
9282,Dormant Reactivation,Midwest,treatment,33,1.0501
9283,Digital Native,Southeast,control,103,0.19
9284,Affluent Frequent,Southeast,treatment,102,0.3704
9285,Affluent Frequent,Midwest,control,86,1.4446
9286,Budget Occasional,Southwest,treatment,49,0.7461
9287,Budget Occasional,Southeast,treatment,44,1.1624
9288,Dormant Reactivation,West,treatment,104,0.2436
9289,Mainstream,West,treatment,75,0.2824
9290,Mainstream,Northeast,control,44,1.1659
9291,Affluent Frequent,West,control,72,1.1502
9292,Affluent Frequent,Southeast,control,61,0.6879
9293,Budget Occasional,West,treatment,77,0.844
9294,Dormant Reactivation,Southwest,control,72,1.3384
9295,Budget Occasional,Northeast,treatment,95,0.2306
9296,Mainstream,Southwest,treatment,98,0.8038
9297,Mainstream,Southeast,treatment,98,1.62
9298,Digital Native,Midwest,control,48,0.6856
9299,Affluent Frequent,West,control,24,0.8619
9300,Mainstream,West,control,8,0.9221
9301,Dormant Reactivation,Southeast,control,80,0.7357
9302,Digital Native,West,control,86,1.3628
9303,Affluent Frequent,Northeast,treatment,39,1.1049
9304,Mainstream,Midwest,treatment,52,0.9276
9305,Budget Occasional,West,control,44,1.256
9306,Dormant Reactivation,West,control,13,1.6117
9307,Mainstream,Southeast,control,53,0.4251
9308,Affluent Frequent,West,control,14,0.8346
9309,Dormant Reactivation,Northeast,control,53,0.8232
9310,Budget Occasional,Northeast,treatment,30,1.2983
9311,Affluent Frequent,West,control,93,2.6273
9312,Affluent Frequent,Southeast,control,47,0.9321
9313,Budget Occasional,Southwest,treatment,27,1.456
9314,Budget Occasional,Midwest,control,118,0.5698
9315,Dormant Reactivation,Northeast,treatment,25,0.6634
9316,Mainstream,Southwest,treatment,10,0.8365
9317,Budget Occasional,Southeast,treatment,69,0.6041
9318,Budget Occasional,Midwest,control,118,1.1011
9319,Mainstream,Northeast,control,72,0.9769
9320,Dormant Reactivation,West,control,108,0.9632
9321,Mainstream,West,treatment,19,0.3986
9322,Mainstream,Midwest,treatment,63,0.3112
9323,Mainstream,West,treatment,80,1.1987
9324,Digital Native,West,control,7,0.6367
9325,Affluent Frequent,Southwest,control,13,0.6316
9326,Dormant Reactivation,West,treatment,43,0.521
9327,Digital Native,Southeast,control,74,1.7805
9328,Dormant Reactivation,Midwest,treatment,54,0.5565
9329,Affluent Frequent,West,control,58,1.2637
9330,Mainstream,Southwest,control,60,0.8314
9331,Dormant Reactivation,Northeast,treatment,42,1.3241
9332,Digital Native,Southeast,control,51,1.1886
9333,Budget Occasional,Southwest,control,85,0.8694
9334,Affluent Frequent,Midwest,control,43,0.5457
9335,Dormant Reactivation,Northeast,control,78,1.5481
9336,Affluent Frequent,Northeast,control,3,1.1479
9337,Dormant Reactivation,Southwest,treatment,114,1.0142
9338,Dormant Reactivation,Midwest,control,67,0.9203
9339,Mainstream,Northeast,control,26,0.5372
9340,Dormant Reactivation,Southeast,control,68,0.329
9341,Digital Native,Northeast,treatment,71,0.4123
9342,Dormant Reactivation,Northeast,control,40,0.5535
9343,Budget Occasional,Southwest,control,7,1.0713
9344,Digital Native,West,treatment,109,1.5042
9345,Mainstream,West,control,104,1.8644
9346,Mainstream,West,treatment,88,2.5002
9347,Budget Occasional,West,control,26,1.104
9348,Mainstream,West,control,65,0.9632
9349,Digital Native,Midwest,treatment,44,1.0009
9350,Budget Occasional,Southwest,control,29,1.621
9351,Digital Native,Southeast,control,59,0.5294
9352,Digital Native,Midwest,control,42,0.6426
9353,Mainstream,West,control,18,1.2777
9354,Digital Native,West,treatment,105,3.0716
9355,Mainstream,Northeast,treatment,74,1.6938
9356,Mainstream,Northeast,treatment,108,1.6419
9357,Digital Native,Northeast,control,73,2.686
9358,Budget Occasional,West,treatment,7,1.4032
9359,Digital Native,Southwest,treatment,81,0.8628
9360,Dormant Reactivation,Northeast,treatment,77,1.4143
9361,Budget Occasional,Midwest,control,38,0.3223
9362,Affluent Frequent,Midwest,control,85,0.3245
9363,Affluent Frequent,Southeast,treatment,111,0.9528
9364,Mainstream,Northeast,control,22,1.831
9365,Budget Occasional,Midwest,control,61,0.5532
9366,Dormant Reactivation,Southeast,treatment,110,0.4003
9367,Budget Occasional,Southeast,treatment,43,0.5569
9368,Affluent Frequent,Northeast,treatment,76,0.6793
9369,Digital Native,Northeast,treatment,52,0.5021
9370,Digital Native,Southeast,control,14,1.4606
9371,Mainstream,Northeast,control,103,1.2625
9372,Dormant Reactivation,Northeast,control,76,0.9637
9373,Budget Occasional,Southeast,treatment,99,0.6131
9374,Dormant Reactivation,Southeast,control,76,0.7392
9375,Mainstream,West,treatment,53,0.4268
9376,Mainstream,West,control,26,2.6085
9377,Affluent Frequent,Midwest,control,58,1.5893
9378,Affluent Frequent,Midwest,control,31,0.7746
9379,Digital Native,Southeast,control,44,0.8882
9380,Mainstream,Southeast,treatment,119,0.2592
9381,Dormant Reactivation,Southwest,control,5,0.7649
9382,Digital Native,Southwest,treatment,26,0.9738
9383,Digital Native,Southwest,control,108,2.0272
9384,Digital Native,Northeast,control,49,0.599
9385,Dormant Reactivation,Midwest,treatment,74,0.707
9386,Mainstream,West,treatment,119,0.8331
9387,Budget Occasional,Midwest,treatment,78,0.7299
9388,Mainstream,Southeast,treatment,98,1.3217
9389,Budget Occasional,Northeast,treatment,4,1.2418
9390,Mainstream,West,treatment,17,1.518
9391,Budget Occasional,Southeast,control,29,0.7519
9392,Budget Occasional,Northeast,treatment,48,0.6273
9393,Digital Native,Northeast,treatment,117,0.963
9394,Budget Occasional,West,control,113,0.7149
9395,Mainstream,West,treatment,4,0.9662
9396,Budget Occasional,Northeast,treatment,91,2.2625
9397,Digital Native,Northeast,treatment,75,0.7121
9398,Mainstream,Southeast,treatment,44,0.591
9399,Affluent Frequent,Northeast,treatment,15,0.9136
9400,Affluent Frequent,Southeast,treatment,34,0.3137
9401,Affluent Frequent,Midwest,control,64,0.4442
9402,Affluent Frequent,West,control,27,1.6393
9403,Mainstream,Southwest,control,98,2.2005
9404,Budget Occasional,Southeast,control,15,0.2506
9405,Affluent Frequent,Southeast,treatment,57,0.6549
9406,Mainstream,Southeast,control,32,0.9276
9407,Mainstream,Midwest,control,75,0.8974
9408,Budget Occasional,West,treatment,41,1.6297
9409,Budget Occasional,Midwest,control,84,0.9489
9410,Budget Occasional,Southeast,control,9,0.842
9411,Budget Occasional,Midwest,treatment,65,0.9943
9412,Affluent Frequent,Southwest,treatment,12,0.332
9413,Digital Native,Midwest,control,67,0.3901
9414,Dormant Reactivation,Northeast,treatment,91,1.2582
9415,Mainstream,Southwest,control,90,0.7484
9416,Dormant Reactivation,West,treatment,102,1.424
9417,Budget Occasional,Southeast,treatment,69,1.6201
9418,Budget Occasional,Southwest,treatment,97,0.4824
9419,Mainstream,Northeast,treatment,12,1.5206
9420,Budget Occasional,West,control,4,1.8579
9421,Budget Occasional,Northeast,control,28,0.5737
9422,Budget Occasional,West,treatment,101,0.346
9423,Dormant Reactivation,Southeast,treatment,110,0.5382
9424,Mainstream,Southwest,control,60,1.3708
9425,Mainstream,West,control,116,1.5756
9426,Budget Occasional,Midwest,control,80,0.979
9427,Dormant Reactivation,Southeast,treatment,95,0.4123
9428,Budget Occasional,Midwest,control,107,1.0296
9429,Dormant Reactivation,Northeast,treatment,102,0.7484
9430,Affluent Frequent,Southwest,control,100,0.8546
9431,Mainstream,Midwest,treatment,76,1.1031
9432,Mainstream,Southeast,control,94,0.4824
9433,Dormant Reactivation,Southeast,control,49,0.5679
9434,Dormant Reactivation,Southeast,control,71,1.0833
9435,Dormant Reactivation,Southwest,treatment,5,0.7444
9436,Dormant Reactivation,Southwest,treatment,13,1.0087
9437,Digital Native,Midwest,control,35,1.0969
9438,Digital Native,West,control,58,0.6265
9439,Digital Native,Midwest,treatment,55,1.3245
9440,Affluent Frequent,Midwest,control,82,1.2791
9441,Mainstream,Northeast,control,3,1.4163
9442,Budget Occasional,Southwest,control,116,0.4099
9443,Digital Native,Southwest,treatment,83,0.5262
9444,Affluent Frequent,West,treatment,5,0.8683
9445,Mainstream,Southeast,treatment,8,1.6404
9446,Mainstream,Southwest,control,112,0.3002
9447,Budget Occasional,Southeast,treatment,75,2.6574
9448,Budget Occasional,West,control,95,0.7546
9449,Budget Occasional,Northeast,treatment,32,2.6138
9450,Mainstream,Southeast,treatment,90,1.2539
9451,Dormant Reactivation,Midwest,treatment,40,1.6822
9452,Mainstream,Northeast,control,109,0.43
9453,Affluent Frequent,Southwest,control,85,1.7539
9454,Budget Occasional,Southeast,treatment,116,1.4298
9455,Budget Occasional,Midwest,treatment,69,1.2509
9456,Affluent Frequent,Southeast,treatment,97,0.6859
9457,Mainstream,Southeast,treatment,10,1.0092
9458,Affluent Frequent,Southeast,control,54,0.7547
9459,Budget Occasional,Southeast,treatment,12,0.905
9460,Mainstream,Midwest,treatment,20,1.6893
9461,Dormant Reactivation,Southeast,control,33,1.6913
9462,Digital Native,West,control,65,1.1111
9463,Dormant Reactivation,Southeast,treatment,120,1.359
9464,Mainstream,Midwest,control,72,1.7095
9465,Affluent Frequent,Southwest,treatment,113,1.2228
9466,Affluent Frequent,Southwest,treatment,15,0.7348
9467,Dormant Reactivation,Southeast,control,67,1.2638
9468,Dormant Reactivation,Midwest,treatment,20,0.6393
9469,Digital Native,Northeast,control,68,1.1788
9470,Mainstream,Southeast,treatment,97,0.5135
9471,Dormant Reactivation,Southwest,control,92,0.2945
9472,Digital Native,Southeast,control,48,1.686
9473,Budget Occasional,Southeast,control,19,1.0444
9474,Digital Native,Midwest,control,83,1.003
9475,Mainstream,West,control,88,0.9052
9476,Mainstream,Midwest,control,48,0.9018
9477,Digital Native,Midwest,control,9,0.5817
9478,Mainstream,Northeast,control,13,1.3599
9479,Mainstream,West,treatment,41,0.4723
9480,Mainstream,Midwest,control,108,0.4495
9481,Mainstream,Southeast,control,10,0.4762
9482,Affluent Frequent,Midwest,treatment,114,1.7612
9483,Mainstream,Midwest,control,105,1.2467
9484,Digital Native,Southeast,treatment,89,0.7784
9485,Affluent Frequent,Southeast,control,112,0.479
9486,Affluent Frequent,Midwest,treatment,10,1.3262
9487,Budget Occasional,Southeast,treatment,88,1.0203
9488,Digital Native,West,treatment,91,0.8447
9489,Affluent Frequent,West,control,116,1.0874
9490,Budget Occasional,Southwest,control,59,1.9369
9491,Digital Native,Northeast,control,31,0.6822
9492,Budget Occasional,Northeast,treatment,116,0.6874
9493,Affluent Frequent,Midwest,control,112,2.0667
9494,Dormant Reactivation,Midwest,control,24,0.9968
9495,Mainstream,Midwest,treatment,59,0.4321
9496,Mainstream,West,control,68,0.4431
9497,Digital Native,West,control,44,1.7119
9498,Budget Occasional,Northeast,control,64,0.4324
9499,Budget Occasional,Midwest,control,42,0.8279
9500,Digital Native,Southwest,treatment,61,1.2596
9501,Budget Occasional,Southwest,control,5,0.8722
9502,Mainstream,Southwest,control,35,1.4112
9503,Mainstream,Northeast,control,63,1.2231
9504,Affluent Frequent,Midwest,treatment,119,1.523
9505,Affluent Frequent,Midwest,treatment,81,1.307
9506,Budget Occasional,Midwest,control,81,0.3922
9507,Mainstream,West,control,51,2.2299
9508,Dormant Reactivation,Northeast,treatment,119,0.5907
9509,Dormant Reactivation,West,treatment,69,0.8488
9510,Mainstream,Northeast,treatment,72,1.8454
9511,Digital Native,Southeast,control,59,1.0526
9512,Digital Native,West,control,117,0.922
9513,Affluent Frequent,Southwest,control,54,1.1067
9514,Budget Occasional,Southwest,treatment,44,1.386
9515,Affluent Frequent,West,treatment,9,0.4433
9516,Digital Native,West,control,81,0.6134
9517,Dormant Reactivation,Southwest,treatment,101,0.2815
9518,Budget Occasional,Southwest,control,36,2.3044
9519,Dormant Reactivation,Midwest,treatment,116,2.2423
9520,Mainstream,West,treatment,32,0.3461
9521,Digital Native,West,control,20,0.5867
9522,Affluent Frequent,Northeast,treatment,25,0.3143
9523,Mainstream,Northeast,control,58,1.1616
9524,Affluent Frequent,Midwest,treatment,11,0.498
9525,Mainstream,Northeast,treatment,70,0.8179
9526,Digital Native,Southeast,treatment,68,1.2445
9527,Affluent Frequent,Midwest,treatment,40,1.9668
9528,Mainstream,West,control,93,1.1957
9529,Budget Occasional,West,treatment,56,0.3987
9530,Budget Occasional,West,control,85,1.6428
9531,Dormant Reactivation,Midwest,control,44,0.2826
9532,Affluent Frequent,Midwest,control,97,1.5881
9533,Dormant Reactivation,Midwest,control,92,0.3002
9534,Affluent Frequent,Southeast,treatment,98,1.4932
9535,Affluent Frequent,Southeast,control,96,0.5689
9536,Mainstream,Southeast,control,53,0.2479
9537,Digital Native,Midwest,treatment,31,0.9889
9538,Mainstream,Midwest,control,50,0.844
9539,Affluent Frequent,Northeast,control,62,0.7585
9540,Digital Native,Midwest,treatment,107,0.9111
9541,Digital Native,West,control,28,1.5579
9542,Affluent Frequent,Southwest,control,40,1.0642
9543,Budget Occasional,Midwest,control,18,1.5301
9544,Digital Native,Northeast,treatment,54,0.5714
9545,Affluent Frequent,Southeast,control,55,0.3014
9546,Mainstream,Southwest,control,96,0.3888
9547,Affluent Frequent,Midwest,control,83,0.7363
9548,Dormant Reactivation,West,treatment,73,0.9595
9549,Digital Native,Northeast,control,22,1.4601
9550,Digital Native,Midwest,control,50,0.6312
9551,Budget Occasional,Midwest,control,99,0.3772
9552,Mainstream,Southeast,treatment,92,0.8392
9553,Mainstream,Northeast,treatment,65,3.1891
9554,Mainstream,Southeast,control,97,1.2526
9555,Mainstream,Southeast,control,120,1.5418
9556,Dormant Reactivation,Midwest,treatment,12,1.5034
9557,Digital Native,West,control,85,0.5302
9558,Budget Occasional,West,treatment,19,0.8128
9559,Budget Occasional,Northeast,control,73,2.3978
9560,Affluent Frequent,Southeast,treatment,47,1.0186
9561,Affluent Frequent,Northeast,treatment,107,1.4458
9562,Budget Occasional,Midwest,treatment,40,0.4573
9563,Budget Occasional,West,treatment,101,0.4351
9564,Digital Native,Northeast,control,13,1.5928
9565,Dormant Reactivation,Southwest,control,5,0.6354
9566,Dormant Reactivation,Midwest,treatment,15,0.5524
9567,Digital Native,Midwest,treatment,92,2.4601
9568,Affluent Frequent,Southeast,control,51,0.7909
9569,Budget Occasional,Northeast,treatment,113,0.6445
9570,Affluent Frequent,Midwest,treatment,65,0.4414
9571,Affluent Frequent,West,control,43,1.6022
9572,Budget Occasional,Southeast,control,70,1.8521
9573,Budget Occasional,West,treatment,89,3.4734
9574,Budget Occasional,Midwest,control,67,0.7595
9575,Budget Occasional,Southeast,control,98,1.3326
9576,Mainstream,Midwest,treatment,86,0.7965
9577,Affluent Frequent,Midwest,control,79,1.2028
9578,Dormant Reactivation,West,treatment,51,0.7178
9579,Dormant Reactivation,Northeast,treatment,60,0.2626
9580,Affluent Frequent,Northeast,control,71,1.2694
9581,Mainstream,Southeast,control,90,2.0036
9582,Budget Occasional,Northeast,treatment,108,0.7512
9583,Budget Occasional,Southeast,treatment,118,1.7031
9584,Digital Native,Midwest,control,79,1.0484
9585,Mainstream,West,control,31,1.002
9586,Mainstream,Northeast,treatment,41,1.9826
9587,Affluent Frequent,Southeast,treatment,67,0.7262
9588,Digital Native,Northeast,treatment,77,0.9225
9589,Budget Occasional,Northeast,control,92,0.9437
9590,Budget Occasional,West,control,88,0.307
9591,Budget Occasional,Southeast,control,109,1.0379
9592,Digital Native,Southeast,treatment,20,0.7262
9593,Digital Native,Midwest,treatment,54,0.4955
9594,Dormant Reactivation,West,treatment,31,0.3724
9595,Mainstream,Southwest,treatment,107,0.3847
9596,Mainstream,Northeast,control,43,1.7346
9597,Budget Occasional,Northeast,treatment,14,1.4946
9598,Digital Native,Southwest,control,92,0.6371
9599,Affluent Frequent,Southeast,treatment,68,1.4688
9600,Dormant Reactivation,Southeast,treatment,88,1.5724
9601,Mainstream,Southeast,control,83,1.0894
9602,Digital Native,Southwest,treatment,56,0.5597
9603,Mainstream,Midwest,control,9,1.4155
9604,Affluent Frequent,West,control,79,1.3558
9605,Budget Occasional,Northeast,control,30,0.2802
9606,Affluent Frequent,West,control,88,0.4636
9607,Affluent Frequent,West,control,62,1.4261
9608,Mainstream,Southeast,control,39,0.5796
9609,Dormant Reactivation,West,treatment,42,1.0686
9610,Dormant Reactivation,Northeast,control,9,1.3442
9611,Affluent Frequent,Northeast,treatment,34,0.6659
9612,Mainstream,Midwest,treatment,24,0.4789
9613,Digital Native,Northeast,treatment,117,1.1023
9614,Mainstream,West,control,84,1.1398
9615,Digital Native,Northeast,control,117,1.2375
9616,Budget Occasional,Midwest,control,41,1.289
9617,Digital Native,Southeast,control,111,1.0255
9618,Digital Native,Southeast,treatment,75,0.8223
9619,Affluent Frequent,Southeast,treatment,27,1.6491
9620,Affluent Frequent,Southeast,treatment,24,1.5053
9621,Mainstream,Midwest,control,75,0.8671
9622,Budget Occasional,West,control,84,1.2553
9623,Mainstream,West,control,73,0.8572
9624,Budget Occasional,Midwest,control,11,0.5726
9625,Mainstream,Northeast,treatment,15,0.6137
9626,Budget Occasional,Midwest,treatment,56,0.8761
9627,Affluent Frequent,West,control,7,0.8747
9628,Mainstream,West,control,28,2.1144
9629,Digital Native,West,control,54,1.9027
9630,Mainstream,Midwest,treatment,39,0.9091
9631,Mainstream,West,treatment,107,1.8582
9632,Mainstream,Southeast,treatment,64,1.6029
9633,Mainstream,West,control,116,1.1457
9634,Digital Native,Midwest,control,86,0.8133
9635,Mainstream,West,control,84,1.3214
9636,Digital Native,Midwest,control,44,0.4287
9637,Digital Native,West,treatment,72,0.726
9638,Dormant Reactivation,West,control,34,0.8705
9639,Budget Occasional,West,control,48,0.9949
9640,Mainstream,Southeast,control,10,1.5983
9641,Budget Occasional,West,treatment,113,0.4357
9642,Digital Native,Northeast,control,62,0.32
9643,Mainstream,Northeast,treatment,70,1.0141
9644,Budget Occasional,Northeast,control,98,1.1153
9645,Budget Occasional,Northeast,control,49,1.3183
9646,Affluent Frequent,Midwest,treatment,14,0.5889
9647,Mainstream,Midwest,treatment,45,1.3547
9648,Mainstream,West,treatment,48,0.6066
9649,Affluent Frequent,Northeast,treatment,74,0.8169
9650,Dormant Reactivation,Northeast,treatment,75,0.5674
9651,Affluent Frequent,West,control,20,0.8339
9652,Dormant Reactivation,Midwest,control,100,1.3596
9653,Mainstream,Midwest,control,50,0.6272
9654,Digital Native,Southeast,treatment,81,0.6681
9655,Affluent Frequent,Northeast,treatment,39,1.2708
9656,Budget Occasional,West,control,119,0.9957
9657,Affluent Frequent,Southeast,treatment,116,0.9748
9658,Mainstream,Northeast,control,61,1.3614
9659,Affluent Frequent,Southeast,control,21,0.4533
9660,Mainstream,Midwest,treatment,45,2.5349
9661,Mainstream,Southeast,control,49,0.5487
9662,Budget Occasional,Southeast,control,54,1.5622
9663,Dormant Reactivation,West,treatment,25,1.3502
9664,Budget Occasional,Midwest,treatment,102,0.1414
9665,Mainstream,Northeast,control,81,1.2685
9666,Budget Occasional,Midwest,treatment,30,0.8581
9667,Budget Occasional,Northeast,treatment,115,0.5419
9668,Digital Native,West,treatment,31,0.8055
9669,Budget Occasional,Southeast,treatment,70,0.901
9670,Budget Occasional,Midwest,control,77,0.4382
9671,Affluent Frequent,Northeast,control,103,0.2619
9672,Affluent Frequent,Southeast,treatment,52,0.54
9673,Budget Occasional,Southeast,control,54,1.1249
9674,Budget Occasional,Northeast,control,57,0.5657
9675,Budget Occasional,Midwest,control,3,1.2757
9676,Affluent Frequent,Northeast,treatment,10,0.6345
9677,Dormant Reactivation,Southwest,control,86,1.1345
9678,Mainstream,Northeast,control,51,0.5521
9679,Budget Occasional,Northeast,control,60,0.4914
9680,Affluent Frequent,Midwest,control,68,0.6551
9681,Mainstream,West,control,4,0.5805
9682,Affluent Frequent,West,treatment,108,0.5976
9683,Affluent Frequent,Southeast,treatment,76,1.4983
9684,Affluent Frequent,Northeast,treatment,18,1.0007
9685,Digital Native,West,treatment,37,0.4446
9686,Dormant Reactivation,Midwest,treatment,65,0.4556
9687,Mainstream,Southeast,treatment,76,1.8769
9688,Affluent Frequent,Southeast,control,119,1.0692
9689,Digital Native,Southeast,control,105,0.5632
9690,Dormant Reactivation,Southwest,control,35,1.7138
9691,Mainstream,Northeast,control,22,1.3078
9692,Affluent Frequent,Southeast,control,40,1.1304
9693,Mainstream,Midwest,treatment,3,0.447
9694,Affluent Frequent,Southeast,treatment,94,1.0693
9695,Mainstream,Northeast,control,85,1.2767
9696,Mainstream,Northeast,control,112,0.5072
9697,Digital Native,Southeast,control,14,1.0392
9698,Budget Occasional,Southeast,control,81,0.3393
9699,Digital Native,Southwest,treatment,17,0.4531
9700,Budget Occasional,Midwest,control,83,1.0303
9701,Mainstream,Northeast,treatment,81,1.0914
9702,Mainstream,Northeast,control,99,0.6455
9703,Mainstream,Northeast,control,38,1.101
9704,Affluent Frequent,West,treatment,69,1.2957
9705,Dormant Reactivation,West,control,57,0.9215
9706,Dormant Reactivation,West,treatment,94,0.973
9707,Budget Occasional,Southeast,treatment,110,1.3658
9708,Mainstream,Midwest,treatment,44,1.0148
9709,Dormant Reactivation,Midwest,control,80,0.3361
9710,Budget Occasional,West,treatment,113,0.8855
9711,Dormant Reactivation,Southeast,control,73,0.5874
9712,Digital Native,West,control,32,0.9227
9713,Mainstream,Southeast,control,118,1.176
9714,Digital Native,Northeast,treatment,98,1.2166
9715,Affluent Frequent,Southeast,control,52,0.7607
9716,Dormant Reactivation,Southeast,control,56,0.4657
9717,Digital Native,Southwest,control,53,0.9335
9718,Dormant Reactivation,Northeast,control,4,0.449
9719,Mainstream,Northeast,control,116,1.0619
9720,Digital Native,Southeast,control,77,0.9543
9721,Affluent Frequent,Southeast,control,87,0.641
9722,Budget Occasional,Southeast,control,28,0.7193
9723,Budget Occasional,Northeast,treatment,89,1.4333
9724,Mainstream,Northeast,control,6,1.0409
9725,Affluent Frequent,Southeast,control,102,1.2085
9726,Budget Occasional,Northeast,control,94,1.0193
9727,Mainstream,Northeast,control,116,1.6634
9728,Mainstream,Midwest,treatment,99,1.204
9729,Affluent Frequent,Southeast,treatment,87,0.5315
9730,Digital Native,Southeast,treatment,28,1.994
9731,Digital Native,Southwest,treatment,81,0.1349
9732,Digital Native,Northeast,treatment,77,0.5564
9733,Budget Occasional,Southwest,control,56,1.4878
9734,Mainstream,West,control,32,0.5368
9735,Budget Occasional,Southeast,treatment,112,0.5463
9736,Mainstream,West,control,77,0.9815
9737,Budget Occasional,Southeast,control,67,0.8076
9738,Dormant Reactivation,Northeast,control,114,0.6023
9739,Budget Occasional,Midwest,treatment,38,0.8211
9740,Dormant Reactivation,Northeast,treatment,92,0.6553
9741,Mainstream,Northeast,treatment,70,2.533
9742,Mainstream,Northeast,treatment,28,0.8363
9743,Budget Occasional,Midwest,control,66,1.1923
9744,Affluent Frequent,Southwest,control,59,0.5499
9745,Affluent Frequent,Northeast,treatment,52,1.1552
9746,Digital Native,Midwest,control,36,1.1959
9747,Mainstream,Northeast,control,51,0.6558
9748,Budget Occasional,Southeast,control,18,1.0763
9749,Digital Native,Midwest,control,42,0.4913
9750,Affluent Frequent,West,control,60,0.7418
9751,Mainstream,Midwest,control,12,1.2247
9752,Mainstream,Midwest,treatment,107,1.1916
9753,Mainstream,Midwest,control,96,0.9041
9754,Mainstream,Northeast,treatment,107,0.6606
9755,Mainstream,Southeast,treatment,21,0.2576
9756,Affluent Frequent,West,control,14,0.9218
9757,Dormant Reactivation,Midwest,treatment,80,0.344
9758,Mainstream,Southwest,treatment,92,0.4306
9759,Mainstream,Northeast,treatment,41,0.6073
9760,Budget Occasional,West,control,55,1.2746
9761,Affluent Frequent,West,control,27,0.9675
9762,Mainstream,Northeast,treatment,68,1.3928
9763,Dormant Reactivation,West,control,119,1.8472
9764,Budget Occasional,Southwest,treatment,107,0.9658
9765,Mainstream,West,treatment,46,0.9405
9766,Budget Occasional,West,control,98,1.5063
9767,Mainstream,Southwest,treatment,80,1.4877
9768,Affluent Frequent,Northeast,control,41,0.6972
9769,Mainstream,Southeast,control,30,0.7844
9770,Affluent Frequent,Southeast,control,9,0.4573
9771,Budget Occasional,Southeast,control,47,0.5608
9772,Budget Occasional,Southwest,treatment,32,0.6439
9773,Digital Native,Southeast,treatment,91,0.5957
9774,Digital Native,Southeast,treatment,40,0.6206
9775,Mainstream,Northeast,control,5,1.4523
9776,Budget Occasional,Southwest,control,119,1.0668
9777,Affluent Frequent,West,treatment,100,0.633
9778,Mainstream,Southeast,control,98,0.8902
9779,Budget Occasional,West,control,78,1.3217
9780,Budget Occasional,West,control,114,1.9651
9781,Mainstream,West,control,8,1.8625
9782,Digital Native,West,treatment,72,1.1576
9783,Budget Occasional,Midwest,treatment,103,0.5723
9784,Affluent Frequent,Midwest,treatment,79,2.1417
9785,Affluent Frequent,Northeast,treatment,89,1.0077
9786,Affluent Frequent,Midwest,control,46,2.4484
9787,Digital Native,Northeast,control,10,0.4836
9788,Mainstream,West,treatment,12,1.4376
9789,Dormant Reactivation,Midwest,control,92,0.686
9790,Budget Occasional,Southwest,treatment,55,0.7097
9791,Budget Occasional,Midwest,treatment,45,1.5996
9792,Budget Occasional,Southwest,treatment,86,0.5832
9793,Budget Occasional,Midwest,control,11,1.93
9794,Mainstream,West,control,81,1.3338
9795,Mainstream,Southeast,treatment,99,1.6093
9796,Mainstream,West,control,53,0.6015
9797,Affluent Frequent,West,treatment,104,1.1261
9798,Budget Occasional,Northeast,treatment,60,0.4873
9799,Dormant Reactivation,Midwest,control,25,1.2315
9800,Budget Occasional,Southwest,control,19,0.6505
9801,Mainstream,Southeast,treatment,92,0.787
9802,Dormant Reactivation,Midwest,treatment,79,0.4541
9803,Affluent Frequent,Southwest,treatment,84,0.5592
9804,Digital Native,Southeast,control,44,1.1594
9805,Budget Occasional,West,treatment,104,0.32
9806,Digital Native,Northeast,treatment,82,1.3891
9807,Dormant Reactivation,Southeast,control,91,1.6321
9808,Dormant Reactivation,West,control,105,0.8611
9809,Digital Native,Northeast,treatment,101,1.2595
9810,Affluent Frequent,West,treatment,47,2.0898
9811,Budget Occasional,Northeast,control,113,1.1121
9812,Mainstream,Midwest,control,8,1.7752
9813,Affluent Frequent,Northeast,treatment,117,1.6347
9814,Digital Native,Southeast,treatment,74,0.7879
9815,Mainstream,Southeast,treatment,11,1.0853
9816,Affluent Frequent,Northeast,control,114,1.0498
9817,Dormant Reactivation,Southeast,control,6,1.1353
9818,Mainstream,Northeast,treatment,106,1.5108
9819,Affluent Frequent,Northeast,control,112,1.041
9820,Budget Occasional,Southwest,treatment,22,0.4961
9821,Budget Occasional,Southeast,control,78,0.9581
9822,Budget Occasional,Southwest,control,72,0.8213
9823,Affluent Frequent,Southeast,control,19,0.8703
9824,Mainstream,Midwest,control,100,1.327
9825,Mainstream,Northeast,treatment,77,1.5749
9826,Mainstream,Southwest,control,97,1.6939
9827,Dormant Reactivation,Southwest,treatment,64,0.8394
9828,Digital Native,Northeast,treatment,74,0.5205
9829,Digital Native,West,control,101,1.208
9830,Affluent Frequent,Midwest,control,18,1.0691
9831,Budget Occasional,Southeast,control,50,0.8873
9832,Dormant Reactivation,West,treatment,95,2.0173
9833,Dormant Reactivation,Southeast,treatment,62,1.6481
9834,Dormant Reactivation,Southwest,treatment,66,1.6018
9835,Digital Native,Northeast,treatment,65,1.2223
9836,Affluent Frequent,West,control,120,1.2406
9837,Dormant Reactivation,Midwest,treatment,100,0.9459
9838,Dormant Reactivation,Southwest,control,50,0.8432
9839,Digital Native,Midwest,treatment,7,1.8241
9840,Mainstream,Southeast,control,4,1.8627
9841,Digital Native,Northeast,control,83,1.0077
9842,Affluent Frequent,Northeast,control,58,1.0894
9843,Budget Occasional,Midwest,treatment,115,0.4799
9844,Budget Occasional,Southeast,treatment,11,1.0944
9845,Mainstream,Midwest,treatment,66,0.7127
9846,Affluent Frequent,Southeast,treatment,6,0.6516
9847,Digital Native,Southeast,control,119,0.5159
9848,Mainstream,West,control,18,1.0356
9849,Budget Occasional,West,control,66,0.8517
9850,Budget Occasional,Northeast,control,89,1.0152
9851,Mainstream,Midwest,treatment,78,0.9595
9852,Mainstream,Southeast,treatment,15,1.1897
9853,Dormant Reactivation,Midwest,treatment,35,1.0927
9854,Budget Occasional,Northeast,treatment,76,0.8199
9855,Budget Occasional,Southeast,control,27,1.498
9856,Mainstream,West,control,112,0.4344
9857,Budget Occasional,Southwest,control,19,1.1118
9858,Mainstream,West,control,25,0.4157
9859,Digital Native,Midwest,control,100,0.6637
9860,Affluent Frequent,Northeast,control,82,0.317
9861,Dormant Reactivation,Northeast,control,17,1.1147
9862,Budget Occasional,Northeast,treatment,16,0.785
9863,Affluent Frequent,Midwest,control,87,0.7082
9864,Digital Native,Midwest,control,5,0.9597
9865,Budget Occasional,West,treatment,85,1.4536
9866,Mainstream,West,control,25,0.8367
9867,Mainstream,Southwest,treatment,74,1.8512
9868,Affluent Frequent,Northeast,control,85,3.0432
9869,Mainstream,Midwest,treatment,49,0.5489
9870,Affluent Frequent,Southeast,control,63,0.4943
9871,Budget Occasional,West,control,51,0.2727
9872,Affluent Frequent,West,treatment,13,1.1345
9873,Budget Occasional,West,control,33,0.7516
9874,Mainstream,Northeast,control,96,1.3581
9875,Mainstream,Northeast,treatment,34,0.5952
9876,Mainstream,Midwest,control,44,1.0468
9877,Budget Occasional,Midwest,treatment,59,1.6949
9878,Mainstream,Northeast,control,105,0.5771
9879,Affluent Frequent,Midwest,treatment,116,1.0515
9880,Affluent Frequent,Southeast,control,32,0.6321
9881,Dormant Reactivation,Southwest,treatment,24,0.8378
9882,Mainstream,Southwest,control,110,1.0067
9883,Affluent Frequent,Midwest,treatment,25,0.7344
9884,Digital Native,West,treatment,27,0.6928
9885,Dormant Reactivation,Northeast,treatment,83,0.8668
9886,Affluent Frequent,Southeast,treatment,103,0.2586
9887,Mainstream,Midwest,control,25,1.9156
9888,Budget Occasional,Midwest,treatment,116,0.403
9889,Dormant Reactivation,Midwest,treatment,19,1.1501
9890,Digital Native,Southeast,treatment,61,0.6721
9891,Dormant Reactivation,West,treatment,63,0.1334
9892,Affluent Frequent,Southeast,control,33,1.4042
9893,Budget Occasional,Northeast,treatment,3,0.7275
9894,Digital Native,Southwest,treatment,109,1.1438
9895,Mainstream,Southeast,control,21,1.502
9896,Affluent Frequent,Southeast,treatment,115,0.7547
9897,Budget Occasional,West,control,29,0.7607
9898,Mainstream,Southwest,treatment,65,0.3819
9899,Mainstream,Midwest,control,28,0.785
9900,Budget Occasional,Midwest,control,33,1.1806
9901,Budget Occasional,Southeast,control,91,1.2929
9902,Mainstream,Northeast,treatment,6,1.7172
9903,Budget Occasional,Southwest,control,95,0.5899
9904,Mainstream,Northeast,treatment,81,0.7815
9905,Mainstream,Northeast,control,59,0.6778
9906,Digital Native,Southwest,treatment,79,0.4007
9907,Affluent Frequent,Northeast,treatment,20,0.662
9908,Affluent Frequent,Northeast,treatment,28,1.3011
9909,Mainstream,West,treatment,77,1.189
9910,Budget Occasional,Southeast,control,9,0.5634
9911,Affluent Frequent,Southeast,treatment,41,1.2603
9912,Mainstream,Northeast,control,55,0.3282
9913,Digital Native,Southeast,treatment,91,1.1361
9914,Dormant Reactivation,Northeast,treatment,5,0.4356
9915,Budget Occasional,West,control,101,0.5102
9916,Dormant Reactivation,Southeast,control,66,0.1269
9917,Mainstream,Midwest,treatment,97,1.3359
9918,Digital Native,Southwest,control,47,1.1039
9919,Mainstream,Southeast,treatment,64,0.8943
9920,Dormant Reactivation,Northeast,treatment,111,0.5575
9921,Mainstream,Midwest,treatment,35,1.691
9922,Mainstream,Midwest,treatment,69,1.6509
9923,Mainstream,Southeast,control,102,1.5569
9924,Mainstream,Midwest,treatment,120,0.8366
9925,Affluent Frequent,Midwest,control,27,0.4455
9926,Dormant Reactivation,Southeast,treatment,111,0.6774
9927,Digital Native,West,treatment,118,0.6232
9928,Mainstream,Northeast,control,94,0.4803
9929,Mainstream,Southeast,control,117,0.7237
9930,Mainstream,Northeast,treatment,88,0.7647
9931,Budget Occasional,West,control,56,1.0736
9932,Mainstream,Northeast,treatment,51,1.1401
9933,Digital Native,Southeast,treatment,22,2.1397
9934,Dormant Reactivation,Midwest,treatment,64,0.8122
9935,Budget Occasional,Northeast,treatment,44,1.398
9936,Budget Occasional,Southwest,control,82,0.6168
9937,Mainstream,West,treatment,17,0.6806
9938,Budget Occasional,West,treatment,13,0.9874
9939,Dormant Reactivation,Southwest,treatment,116,0.6929
9940,Budget Occasional,Midwest,control,120,1.0438
9941,Mainstream,Southwest,control,51,0.618
9942,Budget Occasional,Midwest,control,28,1.7238
9943,Affluent Frequent,West,treatment,4,1.4583
9944,Dormant Reactivation,Southeast,control,29,1.2188
9945,Budget Occasional,Midwest,control,116,2.8012
9946,Mainstream,West,treatment,26,0.4929
9947,Mainstream,Southwest,control,5,0.6402
9948,Dormant Reactivation,West,control,42,0.8264
9949,Mainstream,Northeast,treatment,66,0.5215
9950,Affluent Frequent,Southeast,control,40,1.2789
9951,Affluent Frequent,West,treatment,19,1.3577
9952,Budget Occasional,Midwest,treatment,59,1.2328
9953,Affluent Frequent,Southeast,treatment,7,0.7111
9954,Mainstream,Northeast,control,5,0.3604
9955,Affluent Frequent,Midwest,treatment,44,1.4912
9956,Budget Occasional,Southeast,treatment,83,0.8409
9957,Digital Native,Midwest,treatment,90,0.4348
9958,Mainstream,West,control,62,1.0227
9959,Budget Occasional,Northeast,treatment,35,0.2707
9960,Budget Occasional,Southeast,treatment,89,1.2751
9961,Dormant Reactivation,Southeast,treatment,54,0.8296
9962,Budget Occasional,Northeast,control,61,0.9171
9963,Mainstream,Midwest,treatment,11,1.4988
9964,Budget Occasional,West,control,22,0.5635
9965,Affluent Frequent,Southwest,treatment,115,1.6039
9966,Dormant Reactivation,Southeast,control,99,0.4749
9967,Digital Native,Southeast,control,19,0.2967
9968,Mainstream,Northeast,treatment,94,1.1946
9969,Budget Occasional,West,control,22,1.9988
9970,Budget Occasional,Southwest,control,87,0.6773
9971,Affluent Frequent,Southwest,control,48,1.1944
9972,Budget Occasional,Northeast,treatment,36,1.0782
9973,Dormant Reactivation,Southeast,treatment,26,1.0081
9974,Mainstream,West,control,62,1.6189
9975,Budget Occasional,Southwest,control,11,1.1836
9976,Digital Native,Northeast,treatment,94,0.7685
9977,Budget Occasional,Midwest,control,91,1.0716
9978,Budget Occasional,West,treatment,105,0.9528
9979,Affluent Frequent,Southwest,control,30,0.874
9980,Affluent Frequent,Southeast,treatment,59,0.2865
9981,Budget Occasional,Southeast,control,9,0.5994
9982,Dormant Reactivation,Northeast,treatment,32,1.094
9983,Mainstream,Midwest,control,115,0.5499
9984,Budget Occasional,West,control,103,0.667
9985,Budget Occasional,Southeast,control,96,1.4826
9986,Mainstream,Northeast,treatment,36,0.3217
9987,Digital Native,Midwest,treatment,53,0.8671
9988,Mainstream,Southwest,treatment,98,0.5411
9989,Mainstream,Southeast,control,25,1.0026
9990,Mainstream,Southeast,treatment,6,2.5731
9991,Budget Occasional,Southeast,treatment,105,0.7772
9992,Mainstream,West,treatment,65,1.2148
9993,Mainstream,West,control,105,0.7432
9994,Affluent Frequent,West,treatment,11,0.5237
9995,Mainstream,Northeast,treatment,73,0.7689
9996,Budget Occasional,Southeast,control,93,1.3252
9997,Digital Native,West,control,101,1.3401
9998,Budget Occasional,Midwest,control,101,0.4997
9999,Mainstream,West,control,25,0.6629
10000,Dormant Reactivation,Southeast,treatment,31,1.8566
